URL,Label
https://www.bpjstoto169.site,Legitimate
https://vvrl.cc/bk97ju,Phishing
https://pub-0fbf250cde35434b90181cd7862586b0.r2.dev/ConnectDevice.html?theme=mmsk&amp;2lFsj=401T42T401KM42Vr1844401Vr42T42T401KM42Vr1844401KM42Vr1844,Phishing
https://shine-s-school4.teachable.com/p/yahoo,Phishing
https://share-na2.hsforms.com/1rv4FVzN1QGGEYm67-gx-Fg409sj9,Phishing
https://www.tnwli.cn,Legitimate
https://t.co/M0RhU4NoPV,Phishing
https://www.hycraft.us,Legitimate
https://www.dwin-global.com,Legitimate
https://startledegrapp.ghost.io/ledger-live-app/,Phishing
https://aesrhjkttrjewgqfwretrf-qwgethyrjhgfq3.teemill.com/,Phishing
https://www.kksongs.org,Legitimate
https://www.clara-anima.site,Legitimate
https://www.combosupport.in,Legitimate
https://atreuod.firebaseapp.com/,Phishing
https://www.byersoft.com,Legitimate
https://docs.google.com/presentation/d/e/2PACX-1vQIcY-Z55MOFb42SCqvZf3d3VlQUsa-ijQsBuUA8oM6l93V33dHuavPBnkrTWi_VAVBOuk4JdRoNFIY/pub?start=false&amp;loop=false&amp;delayms=3000,Phishing
https://www.nigerhosting.com,Legitimate
https://www.2id.ir,Legitimate
https://www.composantsdiffusion.com,Legitimate
https://www.mycovetrus.com,Legitimate
https://hotm.art/oywifv,Phishing
https://qrco.de/bfQ0Ul,Phishing
https://www.djgame.com.cn,Legitimate
https://docs.google.com/presentation/d/e/2PACX-1vTTNEpLEa9Z-eZhMjRMCLz7-afDqVoGbVBlUGppVv99D9qVSy0AdCuNYBGI0L3nMnT6eQ6OqSbo2JI6/pub?start=false&loop=false&delayms=3000,Phishing
https://www.axisoflogic.com,Legitimate
https://l.ead.me/bfHKOY,Phishing
https://www.pvgis.com,Legitimate
https://www.anindecor.pl,Legitimate
https://www.ubilling.net.ua,Legitimate
https://docs.google.com/presentation/d/e/2PACX-1vTN0nS2ToN91IAd_jWpxbAktq2efZElW-t_s9sOf2u8tGueik5HLTrxPZUV_sE8Y7IcgnE2pOVhOkJ6/pub?start=false&amp;loop=false&amp;delayms=3000,Phishing
https://docs.google.com/forms/d/e/1FAIpQLSfiMQNM0VZnVDP2mzvMjiGtjvmR9YzvghJjN2etfTwDAl3FNA/viewform?usp=send_form,Phishing
https://qrco.de/bfJDQ6,Phishing
https://docs.google.com/presentation/d/e/2PACX-1vTvy9_bT7PenCSskcOwsGR0P6_kcVT4_tYjDkFWXVblxEkIT8IjzowtDPzQTsnHYIMIrxImv7vL_yS7/pub?start=false&amp;loop=false&amp;delayms=3000,Phishing
https://www.tithely.com,Legitimate
https://celni-f7j.firebaseapp.com/,Phishing
https://www.personalizeapp.com.br,Legitimate
https://ucatolica.weebly.com/,Phishing
https://new.express.adobe.com/webpage/pwKaXIFonCPUg,Phishing
https://www.clubs1.bg,Legitimate
https://www.tcgrepublic.com,Legitimate
https://pub-2916f79c02924f4090d165d00e7d0ff0.r2.dev/index.html,Phishing
https://www.robertshawaii.com,Legitimate
https://pub-4eece31719b1445a9bc8a46df57e6d9a.r2.dev/fsa826396.html,Phishing
https://www.mjm789.pw,Legitimate
https://bafkreibdjv6cqft6l3kuqel7vexnkhfzpydpqb4lagtqjvdwabjjbsd3fi.ipfs.dweb.link/,Phishing
https://app.jotform.com/251923627952565,Phishing
https://bit.ly/4fb04aL,Phishing
https://raindfaith.firebaseapp.com/,Phishing
https://bit.ly/4e6kkZJ,Phishing
https://qrco.de/bfHqCV,Phishing
https://www.sdback.xyz,Legitimate
https://www.apps-bradesco.click,Phishing
https://www.onlypollypocket.com,Legitimate
http://ledgrcoms.wixstudio.com,Phishing
https://www.nivelir24.com,Legitimate
https://qrco.de/bfIEbj,Phishing
https://www.ekovitrin.com,Legitimate
https://servicios.sssvida.com/sssvida/ePayment/PoliciesToPay,Phishing
https://account.booking.com/sign-in?op_token=EgVvYXV0aCKyAQoUNlo3Mm9IT2QzNk5uN3prM3BpcmgSCWF1dGhvcml6ZRoaaHR0cHM6Ly9hZG1pbi5ib29raW5nLmNvbS8qOnsiYXV0aF9hdHRlbXB0X2lkIjoiMzM5NWJlNDQtMmZmNC00YzZiLTkwMmMtYzU4NjA1YzBiMGNiIn0yK2Y2YmpSQnktOUJSWUxKQk1EZ3h2Q2xFRzhva3YyUjlJTEZjNVhYR3pnQVk6BFMyNTZCBGNvZGUqEzCb2Zf5hacnOgBCAFjNtIS0pzI,Phishing
https://mega-caixa.org/,Phishing
https://www.megabad.com,Legitimate
https://www.wkuherald.com,Legitimate
https://l.ead.me/bfMJRS,Phishing
https://docs.google.com/drawings/d/1sBJ0PT2Oh2huHKB_LDZ7YSM7au8vHgqJkbn9imHQlEc,Phishing
https://www.kerastase.ca,Legitimate
https://docs.google.com/drawings/d/147zkMEkbbezn1CKV1N3A8sVpSNZlPgSifVLxU5kTbvA/edit,Phishing
https://www.sonifi.cloud,Legitimate
https://www.naicoms.com,Legitimate
https://docs.google.com/presentation/d/e/2PACX-1vSy1snLs13m19YQ_uOnhf5pOEpyp9RzvsuiQtzpA5otbCjfNjgnhgdt6fUo1Z7pPPMTmc8c2K-LK-Og/pub?start=false&amp;loop=false&amp;delayms=3000&amp;slide=id.p,Phishing
https://www.actif-soumis.com,Legitimate
https://4675769432.weebly.com/,Phishing
https://l.ead.me/bfRHCK,Phishing
https://docs.google.com/forms/d/e/1FAIpQLSeuMPn497av1YmXlBnOpHN5x_Or_MV5z_bGY5qC1zq-eDSbNA/viewform?usp=send_form,Phishing
https://docs.google.com/presentation/d/e/2PACX-1vRAAdoApBnWBtjCZuuA5P3tH6EKDvwFu8DTrGtFHWBbOTEwwtYcDaD-iuXpgzaPwNGPQsVyNzT2omfZ/pub?start=false&loop=false&delayms=3000&slide=id.g2d673bda738_0_3,Phishing
https://www.mobxvideos.com,Legitimate
https://mestertignseekjet6.blogspot.com/,Phishing
https://www.differentia.ru,Legitimate
https://www.jetour-freshrnd.ru,Legitimate
https://q-r.to/bfIlYM,Phishing
https://www.ador.com,Legitimate
https://qrco.de/ngasal?nobodycallsaul,Phishing
https://www.terrasite.com,Legitimate
https://IxOdtl.xcokmni.cn,Phishing
https://www.fightfax.com,Legitimate
https://hotm.art/T1KmWpw,Phishing
https://facebookcenter1001982749871.web.app/,Phishing
https://sp720021.sitebeat.crazydomains.com,Phishing
https://www.ishow.gr,Legitimate
https://www.blankserver.com,Legitimate
https://www.beliani.nl,Legitimate
https://www.welcome2solutions.com,Legitimate
https://www.mega-hamster.com,Legitimate
https://pub-c92d3c90b2754f018ae79499183d460f.r2.dev/index.html,Phishing
https://docs.google.com/presentation/d/e/2PACX-1vTibykaVjiPKae31GGw1sWJHoc-YQbC25g9XzQdgg-OHQC9_JYRrwCoN4Akyvs6aZyIJwac-JhfrzSy/pub?start=false&amp;loop=false&amp;delayms=3000,Phishing
https://spidyconnectfr.firebaseapp.com/,Phishing
https://www.rhone.com,Legitimate
https://www.fcunb.cn,Legitimate
https://www.mzzns.cn,Legitimate
https://www.mygadget.ru,Legitimate
https://allegrolokalnie.pl-oferta968201736.cfd/,Phishing
https://www.ezoneglobals.com,Legitimate
https://cffswisspass.cluster1.easy-hebergement.net/id/pass/,Phishing
https://www.elang178peduli.website,Legitimate
https://www.speedagency.kr,Legitimate
https://docs.google.com/presentation/d/1J6W7rIUgHv8Rw4Iy22dSjDYoZ7QrDTQUDofGi_4p788/pub?start=false&loop=false&delayms=3000&pli=1,Phishing
https://mejillones-a01ce.web.app/,Phishing
https://www.kuda.com,Legitimate
https://www.paintpages.co.il,Legitimate
http://43.156.7.24/ServiceLogin?passive=1209600&amp;continue=https://accounts.google.com/?&amp;xrealip=35.203.255.98&amp;followup=https://accounts.google.com/?&amp;xrealip=35.203.255.98,Phishing
https://www.springbeetle.eu,Legitimate
https://www.apgfcu.com,Legitimate
https://agrojam.upmedia.mx/wp-includes/block-patterns/ch/xml/,Phishing
https://sms-pickupclient.com/,Phishing
https://www.oddsmonkey.com,Legitimate
https://bafkreieu4yqox5puk7dbdyx3yf66uxotmkugf5blrkedjtohey7exilnme.ipfs.dweb.link/,Phishing
https://www.homedecorcraze.com,Legitimate
https://l.ead.me/bfIsyF,Phishing
https://sites.google.com/view/loginwebemail/home,Phishing
https://asgheriomaert.weebly.com/,Phishing
https://www.lsc.org,Legitimate
https://docs.google.com/presentation/d/e/2PACX-1vRrf9kh2O8gUcOE2qZisRUl7xk_VVMB9UkdUXS756W2N6252OPaXfzAi1R1fBMXyxU3_248KG57hl-q/pub?start=false&loop=false&delayms=3000&slide=id.p%3E,Phishing
https://www.posle-ivleva.ru,Legitimate
https://www.optavia.com,Legitimate
https://q-r.to/bfYQrj,Phishing
https://pencabcetelem.web.app/,Phishing
https://eu.jotform.com/app/252541215147349,Phishing
https://panka-lhv-rorwfs1.com/LHV/,Phishing
https://www.thelabradorforum.com,Legitimate
https://live2u.private-video.my.id/,Phishing
https://www.vwgroup.dev,Legitimate
https://us16.campaign-archive.com/?u=22e40ba90a76ba0bf0cfa9684&id=64385069d4,Phishing
https://bit.ly/3ChH8bE,Phishing
https://www.bengans.se,Legitimate
https://www.saturndynamic.pt,Legitimate
https://www.quoka.de,Legitimate
https://bit.ly/4cGb925,Phishing
https://www.padisciplinaryboard.org,Legitimate
https://pub-f7076e6b96664daf90ae8357ef8b9110.r2.dev/DF1.html,Phishing
https://www.voyah-its.ru,Legitimate
https://docs.google.com/presentation/d/e/2PACX-1vQV4IHemfRslU5HnFE8BMysXTYnztD79xG_ZbEmBDd3-uwSnjBx9k2-Ut01Dk5q2b9B5CpqQbRAfU5P/pub?start=false&amp;loop=false&amp;delayms=3000,Phishing
https://www.hubsoft.com.br,Legitimate
https://www.badanet.co.kr,Legitimate
https://docs.google.com/presentation/d/e/2PACX-1vQO20kJ3BV15Ux_PlJAC9n5_shyX-2TY15dPxMmXs2eQBPfUFdZpXScrl54bFQlBrjzXF_CWCdZxI9b/pub?start=false&loop=false&delayms=3000,Phishing
https://www.nulesbiansex.com,Legitimate
https://www.vooks.com,Legitimate
https://www.deagostini.com,Legitimate
https://docs.google.com/presentation/d/e/2PACX-1vSgYxQ6KtCjxy6D7HV1-BkOIruI56Qv3azhdLw-bWAdlzFsDXccR3UTmXF9RMrrZ8AYlYgJkjcH5EQ_/pub?start=false&amp;loop=false&amp;delayms=3000,Phishing
https://docs.google.com/presentation/d/e/2PACX-1vR5Um6FHE0ppVMQtS1CnEmo-6d_CtwH6oz_zH-WlcqH8aXO_-gCHfHtTNVanb9mmSRUXWySQjKlU8Km/pub?start=false&amp;loop=false&amp;delayms=3000,Phishing
https://abv-105542.square.site/,Phishing
https://www.krasota-shop.com.ua,Legitimate
https://www.medimagem.com.br,Legitimate
https://new.express.adobe.com/webpage/qV7ckIozCR1lm,Phishing
https://www.emove.com.co,Legitimate
https://www.gallery-worldwide.com,Legitimate
https://www.maxwin556.com,Legitimate
https://www.petriparrukoski.fi,Legitimate
https://l.ead.me/bfNiI3,Phishing
https://www.simkinhdich.com,Legitimate
https://q-r.to/srvdgt7,Phishing
https://new.express.adobe.com/webpage/ojnv1GK8reqVp,Phishing
https://sparkassen-chess-trophy.de/index.php/de/,Phishing
https://www.spreadshirt.at,Legitimate
https://gytujfshmtyxkif.weebly.com/,Phishing
https://new.express.adobe.com/webpage/zEN6BLm4HMdAs,Phishing
https://databasemainnetproject.com/,Phishing
https://www.freeconferencecallhd.com,Legitimate
https://www.stuffhosts.net,Legitimate
https://www.financieeldossier.nl,Legitimate
https://mondialrelay-clients.fr/as.php,Phishing
https://xn--dassistncia-49a.weebly.com/,Phishing
https://www.motorcycle-superstore.com,Legitimate
https://www.ehr.gov,Legitimate
https://www.sonbahis430.com,Legitimate
http://allegrolokalnie.pl-oferta-ekspres-do-kawy-philips.icu,Phishing
https://home-biyibsport.com/3RpnxieVGR,Phishing
https://pub-044471fe245c4202ac04e5309f456609.r2.dev/index.html,Phishing
https://www.123registration.com,Legitimate
https://rediffmaiii.weebly.com/,Phishing
https://www.liweek.cn,Legitimate
https://www.nerist.ac.in,Legitimate
https://docs.google.com/presentation/d/e/2PACX-1vRiYf_sdfrtrukhkqigzf4K9MPeVmLlSHoahhGIUbpF-TP2G6iv4FIW26IzvOpSPRKHHorm8kepLa7i/pub?start=false&amp;loop=false&amp;delayms=3000,Phishing
https://www.pafibatahan.org,Legitimate
https://tiny1.org/1v,Phishing
https://www.miselimudency.me,Legitimate
https://www.buktijpdewalive.com,Legitimate
https://new.express.adobe.com/webpage/3HRiDzy09JU46,Phishing
https://www.zurich.es,Legitimate
https://mail-hindustanpetroleum-com.weebly.com/,Phishing
http://ahauuhy21.ukit.me,Phishing
https://www.newyearhappy.site,Legitimate
https://q-r.to/bfEVYz,Phishing
https://pub-1f1a35f8dc62417ca5074987edc3aa1b.r2.dev/Hr.Leave.html,Phishing
https://xn--d1aqfkf.xn--p1ai/bitrix/.../GlobalSources/,Phishing
https://www.tickets-scotland.com,Legitimate
https://docs.google.com/presentation/d/e/2PACX-1vSfUrA4Vl5EDclQvmGPZAydHImBJEOoX1M0uoMn4qA4GmBbS1gw2rU2vuaEfutp7HWDGPnPurPYuNEJ/pub?start=false&amp;loop=false&amp;delayms=3000,Phishing
https://sites.google.com/view/ugyfdss/home,Phishing
https://l.ead.me/bfNR5o,Phishing
http://bt36473477login.w3spaces.com/saved-from-Tryit-2024-08-19.html,Phishing
https://allegrolokalnie.pl-smart3762452.sbs,Phishing
https://www.expz.menu,Legitimate
https://www.origamiami.com,Legitimate
https://srdqsd797sd9fq.firebaseapp.com/,Phishing
https://sites.google.com/view/msnupmail/home,Phishing
https://www.znak-it.ru,Legitimate
https://rbfcu-star.azurewebsites.net/(S(5120jku0ebygkpkgczffoyuh))/Main/Login,Phishing
https://www.monodg.cn,Legitimate
https://docs.google.com/presentation/d/e/2PACX-1vQKcqNRJaIfV57UOvnNfP47uuWf4Izzn4GA8kl725NpPQoADGjmLwF6eHSBTcLp9o4IPkBlrBuTNTMQ/pub?start=false&loop=false&delayms=3000,Phishing
https://www.hnjpg.cn,Legitimate
https://docs.google.com/drawings/d/1HYFOPHd961R2eb9ep_wO7prkYAnSLoj6SZNdm389JMs/edit,Phishing
https://q-r.to/bfJYHE,Phishing
https://www.jack-wolfskin.nl,Legitimate
https://www.ethbtc.us,Legitimate
https://www.bottle.com.au,Legitimate
https://www.autopriwos.by,Legitimate
https://www.kent-casino-jrb.buzz,Legitimate
https://www.frontlinek12.com,Legitimate
https://www.odycdn.com,Legitimate
https://www.mylb.link,Legitimate
https://site-0m7nsn68e.godaddysites.com/,Phishing
https://www.xn--m3camax3aleb2c1acea1d5cxk7c4cwe.net,Legitimate
https://www.leisurearts.com,Legitimate
https://www.fleetwire.io,Legitimate
https://bafkreia7sc2gvs7r275574myrtaahcrzp3ynjuzi4tc2ln2gmansl4vqh4.ipfs.dweb.link/,Phishing
https://www.esportsmedia.cz,Legitimate
https://getinfo-netflix.com/,Phishing
https://www.justtitsporn.com,Legitimate
https://www.msapps.online,Legitimate
https://docs.google.com/presentation/d/e/2PACX-1vRZ3vN6KVtWFLB1G9nOTsQbR2llbl6_Wvn3T_z2qgBANGksefXaQF-QT-bA2c2KWvhCDmgXiW0LloL8/pub?start=true&amp;loop=false&amp;delayms=60000,Phishing
https://www.inspiration.org,Legitimate
https://docs.google.com/presentation/d/e/2PACX-1vSpjda760dY9gS6EFZ3b2Zoh_r2iZG9LZ4VLaZBM4YwVM82sXpq4001_i2HHbsAAt6Eb18d30NKiQXm/pub?start=false&amp;loop=false&amp;delayms=3000&amp;slide=id.p,Phishing
https://q-r.to/bfKLRO,Phishing
https://www.athyimemediat.org,Legitimate
https://www.consultorcontable.com,Legitimate
https://docs.google.com/presentation/d/e/2PACX-1vSc5JH5gciRJsHIXR8Ixfde4ZiVBsRUiiY1C3FLxJtezNKtcu9GzJn3rI1rvcflRIfmGfUWWvJBaJ8h/pub?start=false&amp;loop=false&amp;delayms=3000,Phishing
https://www.kulacoglu.av.tr,Legitimate
https://rdhtire.net/,Phishing
https://tinyurl.com/44ayu6rr,Phishing
https://www.aamscasinoit.com,Legitimate
https://www.shugakukai.co.jp,Legitimate
https://www.lvgjo2940637fafa.com,Legitimate
https://cardprodubanco.webcindario.com/,Phishing
https://metasupport100023469341.firebaseapp.com/,Phishing
https://junomailsetupverification5463878332.weebly.com/,Phishing
https://www.maison-orbey.de/g/o/,Phishing
https://pub-5d9f0485d2384c96ab79d5b8f742f6ec.r2.dev/index.html,Phishing
https://www.prm-ssl.jp,Legitimate
https://formob-cf1e8.web.app/,Phishing
https://dotzbr-prod.mirakl.net/login/oauth2/mirakl-sso?prompt=none,Phishing
https://us16.campaign-archive.com/?u=7a381d0ae25380bc46f8cd5cd&id=910d82a682,Phishing
https://www.birthdaywishesinhindi.in,Legitimate
https://q-r.to/bfJbDy,Phishing
https://www.covepoconoresorts.com,Legitimate
https://www.bank.ml,Legitimate
https://new.express.adobe.com/webpage/KzX1FAlPpjq8Y,Phishing
https://www.zero1.sg,Legitimate
https://cpanel-webmail-88sx9wkdxm.pages.dev,Phishing
https://www.629957.xyz,Legitimate
https://linkin.bio/easyparkabno/,Phishing
https://pub-9b8fb6b0dea14db297d5ec426fee9437.r2.dev/index.html,Phishing
https://q-r.to/bfSGhi,Phishing
https://www.bimworks.cn,Legitimate
https://www.terukomatsubara.jp,Legitimate
https://idvsal.weebly.com/,Phishing
https://pub-f9c175f3c6a9412cbc18bf2731a073a4.r2.dev/indexJ1.html?gi=4e8ebac1ee2d&amp;ref=webmail,Phishing
https://www.socialcops.com,Legitimate
https://www.all-nettools.com,Legitimate
https://businessottawoldfr.firebaseapp.com/,Phishing
https://qrco.de/bfIKNE,Phishing
https://ledgerlive-ledger.com/,Phishing
https://67t98889sa-dry-wind-3a19.accounts-payable.workers.dev/,Phishing
https://www.csgsystems.com,Legitimate
https://www.boutique-magique.fr,Legitimate
https://www.birdtrader.co.uk,Legitimate
https://qr-codes.io/lt6af6,Phishing
https://www.cityclinic.by,Legitimate
https://www.yi.org,Legitimate
https://anthonyshilllngfor.wixsite.com/my-site,Phishing
https://www.nabytekmirek.cz,Legitimate
https://www.officialcasino.buzz,Legitimate
https://www.noiz.gr,Legitimate
https://rxydyrxt.weebly.com/,Phishing
https://www.adstool.xyz,Legitimate
https://www.fast-win.cloud,Legitimate
https://www.primesearches.net,Legitimate
https://www.sony.ro,Legitimate
https://l.ead.me/bfah0O,Phishing
https://metasupport-case1001273788.web.app/,Phishing
https://qrco.de/bfKPsi,Phishing
https://pub-58266b42df944aca96ddb1cb09d9b9b7.r2.dev/abotcs.html,Phishing
https://www.despoissonssigrands.com,Legitimate
https://www.i60.cz,Legitimate
https://www.pinupcasinopinup.ca,Legitimate
https://q9t1c8xzsbfqm-pages-dev.translate.goog/ana.co.jp.html?_x_tr_sch=&amp;_x_tr_sl=monex&amp;_x_tr_tl=ja,Phishing
https://www.qu4gr685.com,Legitimate
https://www.paulmueller.com,Legitimate
https://www.danima.com,Legitimate
https://www.info214.by,Legitimate
https://new.express.adobe.com/webpage/02cuZ5ClF3T1j,Phishing
https://www.rjd.co.in,Legitimate
https://www.pedidosya.com.do,Legitimate
http://www.klamotte-vivaldihaus.de/jox,Phishing
https://www.rexshares.com,Legitimate
https://bestnailsdirectory.com/OdlPrT/?&&example@example.example,Phishing
https://revoke-cash-lahana.vercel.app/,Phishing
https://www.hentailib.org,Legitimate
https://www.lekkertafelen.nl,Legitimate
https://www.latitudepropertyescapes.com.au,Legitimate
https://bafkreicqksmi4hkobwkicaw74ctar5lh7dtvfcletx7gy4uhou2gvzbflm.ipfs.dweb.link/,Phishing
https://www.silkol.com,Legitimate
https://www.hogardecristo.cl,Legitimate
https://www.ilcapitanosantafe.com.ar,Legitimate
https://www.jansport.com.br,Legitimate
https://www.myjetexch.com,Legitimate
https://escapingsubicfr.firebaseapp.com/,Phishing
https://www.vianney.com.mx,Legitimate
https://7658945643.weebly.com/,Phishing
https://www.lushbb.xyz,Legitimate
https://www.barefootyou.com,Legitimate
https://www.insightadz.com,Legitimate
https://www.nowdns.net,Legitimate
https://q-r.to/Multa-DGT,Phishing
https://www.lspb.de,Legitimate
https://www.sendtonews.com,Legitimate
https://www.internetunion.pl,Legitimate
https://www.indianbookstore.co.in,Legitimate
https://bit.ly/3YaXpbl,Phishing
https://www.spd-mgts.ru,Legitimate
https://www.saojorge.com.br,Legitimate
https://sp384669.sitebeat.crazydomains.com,Phishing
https://new.express.adobe.com/webpage/OvEZhGFopMnTt,Phishing
https://docs.google.com/presentation/d/e/2PACX-1vRzEnWTvytcreKIYrxA8L6V0F-LEZs9Ku_cOw_56ZOxUIICtZplFJSZJp9nW8tdb4s3AQIHCVzGmTCU/pub?start=false&amp;loop=false&amp;delayms=3000,Phishing
https://q-r.to/bfJrOQ,Phishing
https://docs.google.com/presentation/d/e/2PACX-1vTEjODm0syvsh2R0Fl43wf1jYcaO5ZaV0jcpXSl6IpJ0XmXrsBWWq5-vQ_uKrbq2pVM29PWPI4VE8wp/pub?start=false&amp;loop=false&amp;delayms=3000,Phishing
https://www.ksdo.gov.pl,Legitimate
https://security-pages-account.start.page/,Phishing
https://sweepstakes8690.godaddysites.com/,Phishing
https://www.iurnat.university,Legitimate
https://www.geuensmachines.be,Legitimate
https://q-r.to/bfKlcL,Phishing
https://www.smithssportsshoes.co.nz,Legitimate
https://www.progsport.com,Legitimate
https://www.brtrh.cc/index.html,Phishing
https://www.glovestock.com,Legitimate
https://www.admon.pro,Legitimate
https://pub-68c26a7e083c492dae7822b6ab713211.r2.dev/index.html,Phishing
https://docs.google.com/presentation/d/e/2PACX-1vR-J9adZ9ja2bXWqVUqxOEbfLxi2i4VWztEKxafKIfIWJvUUNwI9aYTb6M4wTXpff-75qNBwdK-apWq/pub?start=false&amp;loop=false&amp;delayms=3000&amp;slide=id.p,Phishing
https://www.nti.sci.eg,Legitimate
https://www.lottomatica.net,Legitimate
https://www.auburnes.net,Legitimate
https://www.evolving.media,Legitimate
https://klantendienstics.web.app/,Phishing
https://surveyheart.com/form/665369f0998f0378453cfc43,Phishing
https://bit.ly/3SuBLuQ,Phishing
https://www.abiesys.ru,Legitimate
https://cytosculptor-structurekeeper.blogspot.tw/,Phishing
https://www.carhatke.com,Legitimate
https://thebigred.westsidewellness.com/images/,Phishing
https://www.pmaria.es,Legitimate
https://docs.google.com/presentation/d/e/2PACX-1vTDnnUlqDOrah-5_jmplqB2SB6aN-wLn3oDK2HK-hcphTQ4ZgLzZwbJdVaZILsWuWoO-rM5LBTnIVO8/pub?start=false&amp;loop=false&amp;delayms=3000,Phishing
https://mlbvcdrey.web.app/,Phishing
https://www.topdrinks.fr,Legitimate
https://id-ionos-de-webmail-konto-system.blogspot.com/,Phishing
https://www.allramhosting.com,Legitimate
https://www.csoz.com.cn,Legitimate
https://www.swissvans.com,Legitimate
https://www.e3375.cn,Legitimate
https://www.mksa2777wajdw.com,Legitimate
https://qrco.de/bfLyZP,Phishing
https://qrco.de/bfGkX4,Phishing
https://us6.campaign-archive.com/?u=c520fbd6a9439ba08956ff111&id=51862d54df,Phishing
https://www.scienceandnonduality.com,Legitimate
https://l.ead.me/bfZPuR,Phishing
https://filename-portal.myportfolio.com/,Phishing
https://fr-luna.web.app/,Phishing
https://www.ushla.com,Legitimate
https://www.maikishop.com,Legitimate
https://bit.ly/3zKr5BK,Phishing
https://bit.ly/47Stnwb,Phishing
https://pub-d63ea927b2584f20a90a1e1feda31066.r2.dev/index.html,Phishing
https://www.maramilano.com,Legitimate
https://www.12agen101.vip,Legitimate
https://pub-7724ed61887145a8aac78536bab20a69.r2.dev/einingn.html,Phishing
https://metafb-4l862c5.firebaseapp.com/,Phishing
https://sk-slovensko-dph.web.app/,Phishing
https://www.urpffr.cn,Legitimate
https://www.volosatiki.top,Legitimate
https://q-r.to/bgAmi7,Phishing
https://docs.google.com/drawings/d/1QSBHPl6tpb-h2xAEKPAWArPimCpfUBp9QrsNce_jj0U/edit,Phishing
https://luciferundefinedira.blogspot.com/,Phishing
https://www.gazetki.pl,Legitimate
https://www.tiekoetter.com,Legitimate
https://www.bing.com/ck/a?!&&p=7109f9f2528338eb38b32f688b1147d85be00bbb40fad93897b89a19319ff853JmltdHM9MTc0NzI2NzIwMA&ptn=3&ver=2&hsh=4&fclid=1c55f1f2-8175-6199-294d-e59f80b5604d&u=a1aHR0cHM6Ly9mYWJyaWthb2tvbi5vcmcvYWxsLXByb2plY3RzLw&ntb=1,Phishing
https://docs.google.com/drawings/d/1rEAp5H-3ot687LoXT_L__5EquFqlcJMHwwjK21dIj98/edit,Phishing
https://www.kiyoh.com,Legitimate
https://www.pokerdom-koz.top,Legitimate
https://www.cinedom.de,Legitimate
https://bit.ly/403tz9j,Phishing
https://sites.google.com/view/richieeverizonhjk/home,Phishing
https://doiuyghsf.weebly.com/,Phishing
https://urlz.fr/uMr7,Phishing
https://www.interprose.com,Legitimate
https://www.drapemall.com,Legitimate
https://www.gunvorgroup.com,Legitimate
https://qrco.de/bgKHBq,Phishing
https://pub-408a43e5a2f24bbca8411418be6cccb6.r2.dev/z14.html,Phishing
https://bafkreigrlwd462lzqoc2g65omzlmwp6altgxbd7jv5no34hvppamwvq3vu.ipfs.dweb.link/,Phishing
https://www.vamospanish.com,Legitimate
https://www.dropbox.com/scl/fi/o93rwbc5nmik9kifiljmm/BT-VERIFICATION-PAGE.paper?dl=0&rlkey=uadr3445r0860heoz2km3k860,Phishing
https://u.to/FMrdIA,Phishing
https://www.shardbet.net,Legitimate
https://validaperubank.webcindario.com/,Phishing
https://l.wl.co/l?u=https://qr-codes.io/U8QRZo,Phishing
https://www.aiopsbackup.com,Legitimate
https://www.fcesteghlal.ir,Legitimate
https://www.hw326.pro,Legitimate
https://case1000423621661.firebaseapp.com/,Phishing
https://docs.google.com/presentation/d/e/2PACX-1vRm2b4a5IENqCsOLVSgK9Kx6E3Twu4GSM5lhLuDbSjs7pyLT0yW6BS4oNanm02JoBBQae6syeFvhuln/pub?start=false&amp;loop=false&amp;delayms=3000,Phishing
https://www.alibaba.co.uk,Legitimate
https://www.injersey.com,Legitimate
https://www.a279fhxy.top,Legitimate
http://andres823arehy.hstn.me/,Phishing
https://bit.ly/4hQ5xFJ,Phishing
https://www.idngi58gg.sbs,Legitimate
https://www.automatia.nl,Legitimate
https://www.energycom.gov.gh,Legitimate
https://www.heovl.date,Legitimate
https://bancolombiacreditodirecto.zeabur.app/a/login.php,Phishing
https://www.benhams.com,Legitimate
https://www.speedinfo.com.ua,Legitimate
https://trzorio-start.dream.space/,Phishing
https://loginsupportmeta.start.page/,Phishing
https://uassk.troniva.cfd/8ped9qt1fq7yM0gmflsj4t,Phishing
https://docs.google.com/presentation/d/e/2PACX-1vTJHxT0_N1byrXgdm2weCgqW8mkhN6m36sk7SO7V1r507zxSSHOJfMMfHFXFvOcumofX47zrIT-uAok/pub?start=false&amp;loop=false&amp;delayms=3000,Phishing
https://www.nite.org.il,Legitimate
https://www.portalsolicitudesgeenrales.cc,Phishing
https://www.nerdfonts.com,Legitimate
https://ipfs.best-practice.se/ipfs/bafybeiactgo4gkglsukprdzznqifl4y23rkk2ejsfpe534fw6j2ixhj5sm,Phishing
https://ee-portal-auth.web.app/,Phishing
https://www.upstep.com,Legitimate
https://www.sozoku-price.com,Legitimate
https://www.tralios.eu,Legitimate
https://www.gartic.es,Legitimate
https://us18.campaign-archive.com/?u=fc61f035a49926448271ec1ce&id=99bc02de34,Phishing
http://hklst-cn.com/n/?email=,Phishing
https://www.1library.net,Legitimate
https://www.cemu.info,Legitimate
https://www.uptime.dev,Legitimate
https://qrco.de/bfQVLs,Phishing
https://djfssoadlpaadl.weebly.com/,Phishing
https://q-r.to/bfJD4t,Phishing
https://www.negocios.com,Legitimate
https://docs.google.com/presentation/d/e/2PACX-1vR9S24wEABLiBN6XRrL_Y5KN370oGz5FudcPsDGb8Kznae5ng_uVefMbpDzQXEIhK4Ma3MzM7L9Cn2w/pub?start=false&amp;loop=false&amp;delayms=3000,Phishing
https://www.allclassical.org,Legitimate
https://new.express.adobe.com/webpage/jnYW4XcxlRE1g,Phishing
http://case1000423621661.firebaseapp.com/,Phishing
https://support-auth-network-login.firebaseapp.com/,Phishing
https://www.manage.net,Legitimate
http://miladsoft.github.io/ton-connect,Phishing
https://mirxap17clc6v3xy.4dq.com/verfyid,Phishing
https://www.rightsolution.kz,Legitimate
https://www.ptc.edu,Legitimate
https://qrco.de/bfOnZM,Phishing
https://www.nshost2.de,Legitimate
https://www.cbonds.info,Legitimate
https://www.financialintelligence.ro,Legitimate
https://www.eolas.click,Legitimate
https://docs.google.com/presentation/d/e/2PACX-1vRZO2TwbevYzGz99oLnbmTjMWTpT1HdLK6BJY3jxSbMtn-5QsMo60PDYpKZMsks8u1Vntf7NsYPtAD5/pub?start=false&amp;loop=false&amp;delayms=3000,Phishing
https://case100543765456.firebaseapp.com/,Phishing
https://votrecourriel1.weebly.com/,Phishing
https://docs.google.com/presentation/d/e/2PACX-1vQQNTIo-PkoyuAhy-E9gA_JMl4pcSwfIIrvHEWuSUy2wxIbJyl6PzZIQ7BHREIikxj-2qW0r4VVKJaV/pub?start=false&amp;loop=false&amp;delayms=3000,Phishing
https://galicia-ar.webcindario.com/,Phishing
https://www.promnova.com,Legitimate
https://www.rmts.cloud,Legitimate
https://firebasestorage.googleapis.com/v0/b/mzaw-11847.appspot.com/o/a21%2Findex.html?alt=media&amp;token=14a51c2f-ded8-4efa-af17-7b05253a8d05,Phishing
https://www.mcldns.co.uk,Legitimate
https://www.foxchapelpublishing.com,Legitimate
https://www.photoback.jp,Legitimate
https://976tep2sg8.vk.com/challenge.html?hash429=bSqCZqHHTUk2H02g6VHWttmIGSH5U1_34GqACCVkkc7Ismy-ssb7u21LNkF4IjeWQ7eHOdF3cSllUWCJIXkqjJLwTLV_VuusO3xOrg1FkKAo3UOcT9ygpwZnzWojIorIX0PgWw_7lxQVAURX&redirect=/away.php%3Fto=https%253A%252F%252Fviewmyprofile-activateinfo.es%252Fde&sign=KpZNZmzqKcAwTbM5DIRlkw,Phishing
https://www.bqtzcloud.com,Legitimate
https://qrco.de/betQrW,Phishing
https://docs.google.com/presentation/d/e/2PACX-1vTYD9W3Xu3vamYR4rX0Vtt33t-1T5T1o9-35RjCcxTia0xhES8E1tyPE07aROdkEPmt27qSZa0qmr6x/pub?start=false&amp;loop=false&amp;delayms=3000,Phishing
https://docs.google.com/presentation/d/e/2PACX-1vRfBsEuca4Wk_k7VgCBq5LMfc_HMYnw3K7g_TC4D5VKSeW3xIEVrdKqmg36tt-D_UeEJY8twwAwDy8A/pub?start=false&amp;loop=false&amp;delayms=3000,Phishing
https://oscxjeni43zz-pages-dev.translate.goog/amazon.co.jp.html?_x_tr_sch=&amp;_x_tr_sl=monex&amp;_x_tr_tl=ja,Phishing
https://qrco.de/bfbPPv,Phishing
https://www.global-smartapp.com,Legitimate
https://www.fzcloud.site,Legitimate
https://arsec.it/,Phishing
https://q-r.to/bfNC3g,Phishing
https://docs.google.com/presentation/d/e/2PACX-1vQcGDoC24kqMUcVf22cGd6KSrx4J3bnoc4mCsiqOPAQdfT1XOWZlvrFZXCVWqEuo9tDFvZ9w1n4gSE4/pub?start=false&loop=false&delayms=3000,Phishing
https://tiwofiana4.web.app/,Phishing
https://www.vistgroup.ru,Legitimate
https://www.krashnz.com,Legitimate
https://www.kawasaki-motors.com,Legitimate
https://lieferung.zurichdhl.com/,Phishing
https://www.e-kuzbass.ru,Legitimate
https://www.ladya.pro,Legitimate
https://docs.google.com/forms/d/e/1FAIpQLScS_lZJJZxWAySrV6Amjp8SF11-3U9HpOCemR782V_QQue02w/viewform,Phishing
https://www.brtbo.cc/index.html,Phishing
https://www.6hb2jl.cn,Legitimate
https://www.datatr.com,Legitimate
https://www.ihivi-aqyba.store,Legitimate
https://www.valmet.com,Legitimate
https://www.cuanbertubi.xyz,Legitimate
https://bit.ly/3VtuqNy,Phishing
https://docs.google.com/presentation/d/e/2PACX-1vQlwpKsjsLIlk5HLc8oMOuqUXBcWQilnak6FLS0MXZIjkQ2qZo4Js1FQOCZrGqtUGa-uxBpbxftPfgC/pub?start=false&amp;loop=false&amp;delayms=3000,Phishing
https://www.teasernet.com,Legitimate
https://www.segurosdelestado.com,Legitimate
https://docs.google.com/presentation/d/e/2PACX-1vS3Ek5GXrmLw8ggcE8huQAHbldqstlI4hWR-3oZF_IiBIPa2sFbmum4H15vrI5JaMvmfpLYSXc_BwqE/pub?start=false&amp;loop=false&amp;delayms=3000,Phishing
https://l.ead.me/bfcAtb,Phishing
https://docs.google.com/presentation/d/e/2PACX-1vTNcQmvuB8pPyrJzCEZRuGAcNUWE-rdpofEOuS2FaU7kdZFSpA5cC__qAeM2XMucX3TeN65IBmhtQ6C/pub?start=false&amp;loop=false&amp;delayms=3000&amp;slide=id.p,Phishing
https://eu.jotform.com/app/251983040539359,Phishing
https://www.courtneyssweets.com,Legitimate
https://www.wates.co.uk,Legitimate
https://www.ytv.com,Legitimate
https://propertymanagementnaples.com/?f=,Phishing
https://www.avocode.com,Legitimate
https://www.l89y.com,Legitimate
https://share.ebforms.com/4588856832163840,Phishing
https://www.resmed.org,Legitimate
https://www.utdforum.com,Legitimate
https://www.simone.it,Legitimate
https://s-cas-unicaen-fr.weebly.com/,Phishing
https://l.ead.me/bfFDCH,Phishing
https://bit.ly/3WGZOcC,Phishing
https://l.ead.me/76aafcf778921eeadc97a567f685cd5c,Phishing
https://pub-f5f6eab7eccf4608b3a7b23eb15a4a60.r2.dev/index9009876543234567890876543234567898765432345678.html,Phishing
https://www.chuan.wiki,Legitimate
https://aabnepfrtis.firebaseapp.com/,Phishing
http://allegrolokalnie.pl-smart64221.sbs,Phishing
https://s523008.smtp02.pulse-stat.com/sl/7d2f2ba658715a2fbb47372898954acf0,Phishing
https://www.nike.cl,Legitimate
https://scan.page/9TjNL2,Phishing
https://www.leanature.com,Legitimate
https://comtinue-to-bex-next.weebly.com/,Phishing
https://www.bkxv.pro,Legitimate
https://www.ardmoor.co.uk,Legitimate
https://pub-9ea7ec4259674faaa6449307a76c75e6.r2.dev/index.html,Phishing
https://bit.ly/4bvqX6u,Phishing
https://www.dlv-trueathletes.de,Legitimate
https://www.hkrv.cn,Legitimate
https://qrco.de/bfbB9V,Phishing
https://www.tradingcardsxxx.fr,Legitimate
https://www.hzmboo.cn,Legitimate
https://www.runinrabbit.com,Legitimate
https://www.dorothyliu.com,Legitimate
https://wwwbanrisul.com/,Phishing
https://www.nlzy.com.cn,Legitimate
https://www.adc6.cn,Legitimate
https://eu.jotform.com/app/250341926046352,Phishing
https://bhdganadores1.webcindario.com,Phishing
https://www.lookitsrussia.ru,Legitimate
https://pldi-alertzx00.weebly.com/,Phishing
https://docs.google.com/presentation/d/e/2PACX-1vSIqAZH33x0RcDQYQuUBcl44jlBAkAPtPdhnGqDtH6EYPG1CytimHRrfO79cwLqaM_G9mWhk8ax0bKw/pub?start=false&amp;loop=false&amp;delayms=3000,Phishing
https://www.spoki.it,Legitimate
https://www.mojanorwegia.pl,Legitimate
https://www.net-dns.ir,Legitimate
https://www.woably.net,Legitimate
https://www.skywaydc.com,Legitimate
https://securephotoshare.weebly.com/,Phishing
https://www.twistedallure.com,Legitimate
https://www.phishing.org,Legitimate
https://docs.google.com/presentation/d/e/2PACX-1vTkgRXFsT9SPbsc31L_EXYsWJ1GSAxzscQ1r4ND1C07ICqkJes4J0fV5VmTdxX_VaMJreWEyGSvBKGH/pub?start=false&loop=false&delayms=3000,Phishing
https://www.goodnotes-devops.com,Legitimate
https://www.klever.net,Legitimate
https://new.express.adobe.com/webpage/DxJ10MsC2Xoh7,Phishing
https://docs.google.com/presentation/d/1Qtl74ZjDnXJtOLOs7giQMehBPVCu1Jgn-PpRmzRvINk/pub?start=false&amp;loop=false&amp;delayms=3000,Phishing
https://www.goglendaleaz.com,Legitimate
https://q-r.to/bfQ15o,Phishing
https://pub-3c813de67a514e13807f67850811201b.r2.dev/index.html,Phishing
https://l.ead.me/bfMBCf,Phishing
https://www.gksoft.com,Legitimate
https://www.gs25travel.com,Legitimate
https://webzonabdb.webcindario.com/,Phishing
https://www.holodomormuseum.org.ua,Legitimate
https://www.dakitastore.com,Legitimate
https://www.bumrungrad.com,Legitimate
https://www.sbstatesman.com,Legitimate
https://www.rocketseed.com,Legitimate
https://www.firstsource.com,Legitimate
https://www.pakmobizone.pk,Legitimate
https://scadhgyw.weebly.com/,Phishing
https://www.saleway.cn,Legitimate
https://q-r.to/bfX0pe,Phishing
https://l.ead.me/bfIzku,Phishing
https://statut-mrelay.com/,Phishing
https://www.s3browser.com,Legitimate
https://www.alfasrv.com,Legitimate
https://sites.google.com/view/sofrmat3/,Phishing
https://huahinall.com/js-system/index.html,Phishing
https://bcq3bc.webcindario.com/,Phishing
https://www.finasee.jp,Legitimate
https://www.workercn.cn,Legitimate
https://www.ristoanime.org,Legitimate
https://renouv-vital-carte.com/index.php,Phishing
https://www.zetarealm.com,Legitimate
https://www.tuk.cam,Legitimate
https://bit.ly/3JAyR6w,Phishing
https://docs.google.com/presentation/d/e/2PACX-1vTEVQzvS4E3nCreyF5xwRwY3JmEqdaZA7mAqoF49TR_KaHu2mVOhZyaVG3GtFPsnzLWTqFRZlgR7ivJ/pub?start=true&amp;loop=true&amp;delayms=1000,Phishing
https://l.wl.co/l?u=https://l.ead.me/bfH0vqScsasdwegwefvgew,Phishing
https://res-va.web.app/,Phishing
https://www.gposerver.com,Legitimate
https://www.solisfarma.ro,Legitimate
https://q-r.to/bfIaOm,Phishing
https://iinetservice11.weebly.com/,Phishing
https://scanned.page/p/3jY5UN?id=O5rlEUgEjg,Phishing
https://docs.google.com/presentation/d/e/2PACX-1vQmXAAlAD3gUSSSRb40KVFhQmLTeJIi9-LE5dGyIW8hLtqLG0V3DoZdUG6qroSZ4UzLRUEC2nFRjzq0/pub?start=false&amp;loop=false&amp;delayms=3000&amp;slide=id.p,Phishing
https://www.900v900.com,Legitimate
https://www.96fg8hdfdb.com,Legitimate
https://www.ionicliquid.org,Legitimate
https://www.avvocatoandreani.it,Legitimate
https://txijmwi5ogd2-pages-dev.translate.goog/amazon.co.jp.html?_x_tr_sch=&amp;_x_tr_sl=monex&amp;_x_tr_tl=ja,Phishing
https://bit.ly/4gh9MbS,Phishing
https://prezo.ai/public/new-prezo--1e6fc567-b502-4055-a94a-19d0ebc7ff99,Phishing
https://docs.google.com/drawings/d/17QYOI1a8XnBEp5uw9XcM0ra4_R9pYXxHwIEtHrhVYxw/edit,Phishing
https://www.downergroup.com,Legitimate
https://docs.google.com/presentation/d/e/2PACX-1vRLMpD4-mY-XNvqge_VooJhuVoHfL2MvWBSXTZ0xY1Kt9hbZAgDqkCjPYdTBRAm_jROFoF3FXPRU7KW/pub?start=false&amp;loop=false&amp;delayms=3000,Phishing
https://bit.ly/3X4O8Ri,Phishing
https://www.sarasotaclerk.com,Legitimate
https://q-r.to/bfSFS1,Phishing
http://pub-44e87636723d4f07b7aa30ef302ff42a.r2.dev/index.html,Phishing
https://docs.google.com/presentation/d/1HUmbl38ghv-UwmiD19TwSY7uBe3eEklxnmlpZ85QBGQ/edit,Phishing
https://www.k9mmk.com,Legitimate
https://qrco.de/bfJWbT,Phishing
https://securerocklandfcu.weebly.com/,Phishing
https://www.guj.de,Legitimate
https://docs.zoom.us/doc/H6q1dxXvQ-iZtmO24K9c-A,Phishing
https://teamworkbab.github.io/bs/index.html,Phishing
https://ahanaucmexicanulsage.urest.org/,Phishing
https://www.wup.plus,Legitimate
https://quercus.org/valid/valid.html?#aaaa@example.jp,Phishing
https://www.google.com.bn/amp/tiecteabreak.com/tmp/,Phishing
https://www.kafu.edu.kz,Legitimate
https://zimma-8fc6b7.webflow.io/,Phishing
https://www.dcscorp.com,Legitimate
https://www.summerkidsguide.com,Legitimate
https://etzcu8ukfyiukgjhxtkuj-yrzxuyjky6tyrkxhjmx.teemill.com/,Phishing
https://www.vandalia.com.ar,Legitimate
https://www.chrono24.com.au,Legitimate
https://docs.google.com/presentation/d/e/2PACX-1vRPN0g4at_AlkOsgyD4FKX5QQuNn3W5rASduH9w6rCXSa5Tu7zTT_QvXDUKYDCuTb6crCLWK8kUhKuC/pub?start=false&loop=false&delayms=3000&slide=id.p,Phishing
https://docs.google.com/presentation/d/e/2PACX-1vQVdD0A5N63HQYfUMQVezx81zjRr-yuJZ0gsPQvV3r0cWfCa9O8xSxFkhD7bgM0yEs2JkgxLv708kFV/pub?start=false&loop=false&delayms=3000&slide=id.p,Phishing
https://www.athabascau.ca,Legitimate
https://www.winph99.com,Legitimate
https://snwardbn24dec4.weebly.com/,Phishing
https://docs.google.com/drawings/d/1v6zbG-A0ZcnYvKT5S6kYSoog_b8Kca6mK3iPzp7bgzs/edit,Phishing
https://www.ausjeepoffroad.com,Legitimate
https://www.belcourt.org,Legitimate
https://storage.cloud.google.com/solttitll098/upgrade/newaliexpresautoweb.html#admin@example.com,Phishing
https://093421tr.weebly.com/,Phishing
https://bit.ly/4fIB61T,Phishing
https://vainc-c4377.firebaseapp.com/,Phishing
https://www.bcs.pl,Legitimate
https://review-f5065.firebaseapp.com/,Phishing
https://safalrwaya.com/www_zza/25/billing.php,Phishing
https://www.bdgpled.com.cn,Legitimate
https://www.werunthistown.com,Legitimate
http://trezior-suite.github.io,Phishing
https://www.topazdom.com,Legitimate
https://www.gaycn.top,Legitimate
https://sitiosegurobhd25.webcindario.com,Phishing
https://mejillones-a01ce.firebaseapp.com/,Phishing
https://www.seo-giant.com,Legitimate
https://bgrezcfglounha.firebaseapp.com/,Phishing
https://corrector.co/,Phishing
https://www.axa-italia.it,Legitimate
https://pub-7a64fd2efe134c5f9b88199041424f1e.r2.dev/index.html,Phishing
https://www.ggpro.app,Legitimate
https://abacus-oo-niku-shiki.firebaseapp.com/,Phishing
https://isabella-k1.web.app/,Phishing
https://www.heiguang.com,Legitimate
https://www.wua.ac.zw,Legitimate
https://www.eternal.com,Legitimate
https://www.kangspa.cn,Legitimate
https://www.flajkle.shop,Legitimate
https://www.axyl.ru,Legitimate
https://www.cpasfo.blue,Legitimate
https://l.ead.me/bfMlJd,Phishing
https://suigodvjgj.myfunnelish.com/beats-headset/new-landing-page,Phishing
https://q-r.to/bfLW8S,Phishing
https://sites.google.com/view/safilmadlos09,Phishing
https://docs.google.com/presentation/d/e/2PACX-1vR1yZT4t_W-pcW-BgEa9wF-HLmQguLQFov_mDDI1o34hxqCYAnx8Xr9trQnxoxbFI261MZ-_R7wRyS0/pub?start=false&amp;loop=false&amp;delayms=3000,Phishing
https://new.express.adobe.com/webpage/Jbl1uHKSMBYkT/?authuser=mantener-cuenta,Phishing
https://www.ntm.gov.tw,Legitimate
https://www.currencyfair.com,Legitimate
https://docs.google.com/presentation/d/e/2PACX-1vRYs3Qfdf8AzHI4wVrqQkCp9ju2laStRz4ihCOdrY9m8G-5ZgkWE_WXLxFEJq8EQNpAAdvG7lAUOax4/pub?start=false&loop=false&delayms=3000,Phishing
https://www.dinamani.com,Legitimate
https://www.disdikasemrowo.com,Legitimate
https://docs.google.com/presentation/d/1E3dQ485wYAQxLzYTWIidg4g_k1b3TpuH_USFxYW1mdY/pub?start=false&amp;loop=false&amp;delayms=3000&amp;slide=id.p,Phishing
https://www.cheatrise.com,Legitimate
https://q-r.to/bfFA4f,Phishing
https://www.edusson.com,Legitimate
https://sb-invoices.castineapps.com/auth/login/local,Phishing
https://multi-xchange.web.app/,Phishing
https://www.worldwanderpulse.com,Legitimate
https://www.urbanoexpress.com,Legitimate
https://pub-ffd9da2ac9de49fe86f3e3e6293cf000.r2.dev/mediatvcaSATRA.html,Phishing
https://www.finmodelslab.com,Legitimate
https://linqapp.com/michael_skudder,Phishing
https://www.univ-mosta.dz,Legitimate
https://kleinanzeigen.03938.icu/receive/542689959?mail=W0FOQUZFTUFd&meta=rlWjMKWwLJ50LJqyVwb1YPWhLJ1yVwbvKUIxBQAxKUIxLmN5VRShLJMyoJRvYPWwnTS0K2yxVwbgZGNjZmH4ZQHmZwVmBFjvp2IlqzywMFV6VzgfMJyhLJ56MJyaMJ4vYPW0rKOyVwbvLJ5uMzIgLI9gLJyfVa0%3D,Phishing
https://www.catai.wiki,Legitimate
https://www.hokkaido-special.com,Legitimate
https://www.milanistichannel.com,Legitimate
https://www.megabratika.ru,Legitimate
http://qrco.de/bfJHzt,Phishing
https://www.wfsahq.org,Legitimate
https://www.justintools.com,Legitimate
https://www.fasterwheeler.com,Legitimate
https://q-r.to/bfPj4T,Phishing
https://www.wfwbtc.com,Legitimate
https://www.directvsports.com,Legitimate
https://mtlog.weebly.com/,Phishing
https://www.sosamba72.com,Legitimate
https://faq-liveledgr-auths.pages.dev/,Phishing
https://www.trimegah.id,Legitimate
https://www.l560.cn,Legitimate
https://qrco.de/bfNnHT,Phishing
https://www.immanuel.de,Legitimate
https://www.yjcf360.com,Legitimate
https://www.collegelearners.com,Legitimate
https://www.garilla-casino-ru.com,Legitimate
https://www.finlandquality.com,Legitimate
https://www.wh.com.tr,Legitimate
https://q-r.to/bfJiEQ,Phishing
https://www.kafd.sa,Legitimate
https://docs.google.com/presentation/d/1nWQ-J0bFS7MSmMxuwk3e6xMojBb-eA1e32wQdsoaCA8/pub?start=false&amp;loop=false&amp;delayms=3000,Phishing
https://www.yamahaservicosfinanceiros.com.br,Legitimate
https://upacpa.weebly.com/,Phishing
https://qrco.de/bfOBL0,Phishing
https://docs.google.com/drawings/d/1w1O7m4XZWX0-Htc2bt7cSz1bqeQs49oT4qmpFsBp3Vk/edit,Phishing
https://www.applied-acoustics.com,Legitimate
https://www.kuhes.ac.mw,Legitimate
https://ussmc.weebly.com/,Phishing
https://www.houjin-lookup.info,Legitimate
https://ur0.jp/t9hn9,Phishing
https://bsgzxpbwn.com%E2%88%95xiufhxub%E2%88%95lftunkvfqw%E2%88%95jqgmowzw%E2%88%95nbxutr%E2%88%95fsxevvr@kmpdspl.cn/,Phishing
https://qrco.de/bfDmDN,Phishing
https://allegro.74682.me/cdn-cgi/phish-bypass?atok=xErIYaURCaRRbmd3oamIF99k22RWsNdcB0vJUlrPR4o-1765443763.6592057-0.0.1.1-%2F&amp;amp;amp;original_path=%2F&amp;amp;amp;cf-turnstile-response=,Phishing
https://q-r.to/bfVJ3t,Phishing
https://www.metamonetizmaster.com,Legitimate
https://www.janatabank-bd.com,Legitimate
https://www.flowcode.com/page/btkey17,Phishing
https://www.tvrepairannarbor.net/log/,Phishing
https://businessmanagers-helpcenterpages.pages.dev/,Phishing
http://cpisafety.che.buet.ac.bd/cgi-bn/main/PO-()---4799231.html,Phishing
https://pub-6ec1788194514d5693d77aa975f7c75b.r2.dev/index.html,Phishing
https://www.faircompanies.com,Legitimate
https://cpanelweb2039.weebly.com/,Phishing
https://vdwud.nterrfo.cfd/kwodzsebmlgaMtylwdyeit,Phishing
https://www.maldivian.aero,Legitimate
https://www.viart.com,Legitimate
https://nipepe-3d2ee.firebaseapp.com/,Phishing
https://www.service-public.pf,Legitimate
https://www.osudpotro.com,Legitimate
https://no456-delo.web.app/,Phishing
https://www.ybetscasino.net,Legitimate
https://q-r.to/bfZkcZ,Phishing
https://www.cartelauto.ru,Legitimate
https://qrco.de/bfQ8sf,Phishing
https://www.rotarycreative.co.uk,Legitimate
https://www.dropbox.com/l/scl/AAA85RFUBVLIQXyJCs8sJWB0BwgnB3Ohl4A,Phishing
https://q-r.to/bfHqr0,Phishing
https://q-r.to/bfIlun,Phishing
https://www.as59715.net,Legitimate
https://l.ead.me/bfMSbW,Phishing
https://www.99mb.bet,Legitimate
https://btreiyrstakxn-cjserpqonuaxh.firebaseapp.com/,Phishing
https://www.xn--42c6aaa6a9cb1cxeybyfzd.com,Legitimate
https://nkjzgfkzaal.blogspot.com/,Phishing
https://docs.google.com/presentation/d/11urIbh1Xi_nW5nZdXMr5aowbSB0zQfVGvxygnW4sF_Q,Phishing
https://www.ao.bo.it,Legitimate
https://1inch-eth.ipns.dweb.link/,Phishing
https://www.royallampshades.com,Legitimate
https://docs.google.com/presentation/d/e/2PACX-1vSiFa_VN2TwBRkEFBH8bszDQ9KUEgIG6i-aV-FF6Xbn_geNTjI2eZ2iqz4bBMlXI6zWuq77wbRx5cAR/pub?start=true&amp;loop=false&amp;delayms=3000,Phishing
https://pub-4ab80b0cc225420184adda9f946c6a4a.r2.dev/qumunll.html,Phishing
https://www.crownpaints.com,Legitimate
https://metaoperationsaccnotices.firebaseapp.com/,Phishing
https://docs.google.com/presentation/d/e/2PACX-1vS-1Ad4o-SDRAYiuxaUdmHbxPg6Gg81INV83FWmlbCptLQJ37-cEX2JU-ITGVik73Yq0VyDV414mPcj/pub?start=false&amp;loop=false&amp;delayms=3000,Phishing
https://www.cnjieru120.cn,Legitimate
https://www.korolevy.net,Legitimate
https://ib888888.com/?ref=,Phishing
https://www.yy8gu35.com,Legitimate
https://www.driver.ru,Legitimate
https://www.bbri.id,Legitimate
https://www.q2smart.com,Legitimate
https://www.pierredominique.com,Legitimate
https://www.superrichthailand.com,Legitimate
https://www.lacaisse.com,Legitimate
https://docs.google.com/presentation/d/e/2PACX-1vQnhYG9xAudbPs7Mm-jb9-LqMlGi7leEsqRick8ojR5nhkVb2eUnlLrZ-hYdQ3_w-tLK4U43-UKWYeO/pub?start=false&loop=false&delayms=3000#slide=id.p,Phishing
https://www.opencartmodules.com,Legitimate
https://www.b112j.com,Legitimate
https://www.wuluoyun.com,Legitimate
https://www.flow.ai,Legitimate
https://maps.app.goo.gl/MSruFqh9FRBQv6to7,Phishing
https://wwxhajudjgwjklckvzgs4.firebaseapp.com/,Phishing
https://l.ead.me/bfSG0q,Phishing
https://www.macau328dd.com,Legitimate
https://www.rupiahcandy.com,Legitimate
https://qrco.de/bfWeUT,Phishing
http://optikgeneral.com/Webmail/63/Webmail/webmail.php,Phishing
https://www.dreamcoweb.com,Legitimate
https://www.enervonsctv.com,Legitimate
https://www.columbian.com,Legitimate
https://pub-ec5ded36a0e64c7e9b54f2729e83f38d.r2.dev/index.html,Phishing
https://m2625.godaddysites.com/m/login,Phishing
https://totalredirectingav.firebaseapp.com/,Phishing
https://astonishing-gaufre-f6aaa7.netlify.app/,Phishing
https://www.jodueduty.live,Legitimate
https://www.knuddels.biz,Legitimate
https://t.co/BR03IQAZZk,Phishing
https://boa-user.web.app/,Phishing
https://99i5xfhbb.cc.rs6.net/tn.jsp?f=001FYmP_ZemX5YzjvPMRZlQ6Ocdg93C4pE0z0lbZ3g36RDVB0qwRBTmBOBRC7x1dvBOaHnBtrMw4VVd9p0m6WsgdOsr9KE6Xn_jhQsxCw-4wcz9l8obuX80xvndqj5umV36NRcqculLxd1ebWbQ8Y6-Eg==&amp;c=mxem_A6nm2X5NzT3wl7Xc4rLImoPem40-Xi1xCa-SNJ2ph-2eCeWbQ==&amp;ch=&amp;__=abs/rp/ItCMKHtGnUt8xaI/c2FzY2hhQGlwc2EtaW5zdGl0dXQuY29t,Phishing
https://qrco.de/bfOFdk,Phishing
https://www.lakiwin.com,Legitimate
https://www.egnet.net,Legitimate
https://salvident.com//Plalawebmailupdate/Sites/index.html,Phishing
https://www.likealocalguide.com,Legitimate
https://www.h4399.cn,Legitimate
https://www.kiapartsnow.com,Legitimate
https://ipfs.best-practice.se/ipfs/bafybeiai3z3i456cn25i7x7laemtf3g5mhd4lomkmypw5vnlquxnv7ti6u,Phishing
https://share.hsforms.com/2CA0kxHd-Slea9FzzAUxcpQtfvsr,Phishing
https://www.ciktrb.ru,Legitimate
https://www.selecta-vision.com,Legitimate
https://josenautic1.wixsite.com/my-site-1/,Phishing
https://www.home24.fr,Legitimate
https://www.akcpetinsurance.com,Legitimate
https://www.puls24.at,Legitimate
https://www.mylightfunnels.com,Legitimate
https://bit.ly/3NOEGvI,Phishing
https://www.server282.com,Legitimate
https://www.24-7.is,Legitimate
https://qrco.de/bfLXYH,Phishing
https://www.aliyunddos0027.com,Legitimate
https://www.avawanial.club,Legitimate
https://qpano.numina.cfd/NmodWnfEpLpjMnhEVdy45th,Phishing
https://csn-sonora.mx/,Phishing
https://www.pharmacy128.gr,Legitimate
https://www.lamarieeauxpiedsnus.com,Legitimate
https://www.eyefinity.com,Legitimate
https://www.topmansion.store,Legitimate
https://www.hyperwallet.com,Legitimate
https://www.egdoebdg.com,Legitimate
https://www.uhdmovies.rip,Legitimate
https://u.ethz.ch/nEz6U,Phishing
https://www.kath-frei-kirche.de,Legitimate
https://www.sexyaporno.com,Legitimate
https://hyjt687uy.square.site/,Phishing
https://www.iocnt.de,Legitimate
https://www.dryorgasm.me,Legitimate
https://www.dfsupply.com,Legitimate
https://bit.ly/3TCsHoy,Phishing
https://www.ark.no,Legitimate
https://t.co/uOfwnNn73A,Phishing
http://spemail5.online//about.aspx?subid=250544844&amp;campid=1938378,Phishing
https://www.sagaftra.org,Legitimate
https://sxdfvrt.weebly.com/,Phishing
http://rarityconnect.rf.gd,Phishing
https://www.freevpnapp.net,Legitimate
https://new.express.adobe.com/webpage/NsXIl0Bi9SJMC,Phishing
https://www.koffiemarkt.be,Legitimate
https://www.mlzd.com.cn,Legitimate
https://voicemailgmtel.weebly.com/,Phishing
https://www.fohz.cn,Legitimate
https://www.unepgrid.ch,Legitimate
https://cebjiankb10.firebaseapp.com/,Phishing
https://dygmx.weebly.com/,Phishing
https://www.vancouversun.com,Legitimate
https://defi-guardian.com/main/images/banner/zxz.php?img=view,Phishing
https://docs.google.com/presentation/d/e/2PACX-1vRsbmn9YfuW-K0GxuMboL_jBmod78NIfZb4FonAsXRUVDCBcg1QasXUcVorx76pZzsd0JJCrvsqs_G2/pub?start=false&amp;loop=false&amp;delayms=3000,Phishing
https://l.ead.me/Dgt7es,Phishing
https://www.coar-repositories.org,Legitimate
https://www.dropbox.com/scl/fi/1nfw9kgeql7jtpsyi8u77/BTINTERNET.papert?dl=0&rlkey=r88xdgz9fezocdsg7ed8yadm5,Phishing
https://new.express.adobe.com/webpage/QVKzxG0bt8eu3,Phishing
https://www.musiccarnival.pro,Legitimate
https://www.ruralradio.co,Legitimate
https://www.peuni.cz,Legitimate
https://l.ead.me/BBVA24,Phishing
https://www.steamshipmutual.com,Legitimate
https://www.philippedaverioamilano.it,Legitimate
https://bafkreihgmo65fcl7q66adsdjshmwm4t3mggnqtqqp6mglclkwl4hqd7ahu.ipfs.dweb.link/,Phishing
https://www.baddies-east.com,Legitimate
https://www.romanoimpero.com,Legitimate
http://yedekparcamiz.com,Phishing
https://docs.google.com/forms/d/e/1FAIpQLSdbKfmfqZTp7jGOVpCcNw7TpdvOIRa3Xj_N8wXLZNcK2Qchxw/viewform,Phishing
https://pub-1eff4cd07e1047dca0639f21e56bea59.r2.dev/vE9102l.html,Phishing
https://www.victoriassecret.co.uk,Legitimate
https://www.v2ph.com,Legitimate
https://sortecaixanacional.vercel.app/,Phishing
https://p-804760df-3ff6-4488-9734-21aada0ed630.apps.webstudio.is/?authToken=c17199de-9f1b-49ff-8723-2ffe7712b84f&mode=preview,Phishing
https://bit.ly/4g0QdUW,Phishing
https://www.timidaide.xyz,Legitimate
https://eu.jotform.com/app/252536906064358,Phishing
https://www.securitymetrics.com,Legitimate
https://docs.google.com/presentation/d/e/2PACX-1vQMtmG353tIbHFbPxd3OQENHylWwQtvAiVh-YiUNGYr6E0GH-SH2xYjAWlgzzDhZk6FzMQ2ieYhTbrC/pub?start=false&amp;loop=false&amp;delayms=3000&amp;slide=id.p,Phishing
https://www.newcaprice.com,Legitimate
https://www.affec.tv,Legitimate
https://t.co/4DVhpU9xX5,Phishing
https://docs.google.com/presentation/d/e/2PACX-1vQgmCXK-iQDKf36Y0W-FkmpI3hvklXFAbACJaV7R956IZ6cWgbXs24Ge76-9JqqTXJVAn03mtleOzZW/pub?start=true&amp;loop=true&amp;delayms=3000,Phishing
https://bit.ly/3XJUrZy,Phishing
https://l.ead.me/bfR1VP,Phishing
https://bafybeihqsfz4c5jqmr2jejdxob2xnmyxpxgz6akgz7s6dqp2fdlggjkzca.ipfs.dweb.link/,Phishing
https://kuokinlogon.webflow.io/,Phishing
https://bit.ly/4fuu3uA,Phishing
https://sites.google.com/view/akifjatoni,Phishing
https://www.qqstar88gemini.com,Legitimate
http://jerrybeers.com,Phishing
https://www.ynshangji.com,Legitimate
https://microsoft-2023.webcindario.com/,Phishing
https://storage.cloud.google.com/algebraic-pact-316913.appspot.com/index.html#jbell@legalshield.com,Phishing
https://docs.google.com/presentation/d/e/2PACX-1vRna4vbStwPjzklyZrUT1hr7BeAf_AT2rOkxaFySfuPFABaC9OSGTIIy5rrtD_LMTSmT7f-a4ITxt1j/pub?start=false&amp;loop=true&amp;delayms=3000&amp;slide=id.p,Phishing
https://www.rarefilmm.com,Legitimate
https://www.newparts.com,Legitimate
https://www.roadsurfer.com,Legitimate
https://www.northpolehoops.com,Legitimate
https://verify-zimbra24.weebly.com/,Phishing
https://www.omegaeducacional.com,Legitimate
https://qrco.de/bfGjcI,Phishing
https://www.bydauto.com.tr,Legitimate
https://qrco.de/bfZWJD?trackingid=UySgjW8i1hnaM7lr2pvkm&amp;signature=newsletter,Phishing
https://www.obucagrazia.rs,Legitimate
https://qrco.de/bfG68r,Phishing
https://fyrtheupwyj.firebaseapp.com/,Phishing
https://hm.ru/UMcz7s,Phishing
https://www.acros.or.jp,Legitimate
https://www.emailpros.com,Legitimate
https://hhhffoee334.weebly.com/,Phishing
https://pub-ca1f7c0d107c4fe5a4f42bfad0c9003a.r2.dev/8328jiwmwmwi2is2i2iwoimmkmk.html,Phishing
https://www.flowcode.com/page/b13,Phishing
https://www.twisto.pl,Legitimate
https://webguruz.top/flarescan/,Phishing
https://www.infosecservice.ru,Legitimate
https://www.cloudflare-ech.com,Legitimate
https://www.1roz.click,Legitimate
https://l.ead.me/bfLw0P,Phishing
https://www.phoenixoasisscrimnow.com,Legitimate
https://www.gbcmc.com,Legitimate
https://www.outschool.com,Legitimate
https://www.unlockon.com/js/en/N/login,Phishing
https://www.cobaemex.edu.mx,Legitimate
https://l.ead.me/bfPir4,Phishing
http://dominikcaco.sk/control/panel/login.php,Phishing
https://s.yam.com/oskto,Phishing
https://pub-3d729c9602e94c90bb9e1036ba488f8c.r2.dev/index.html,Phishing
https://q-r.to/bfP6gW,Phishing
https://docs.google.com/presentation/d/e/2PACX-1vTf7LOSQTyXNeWsTCNHmWp4tF7woOHz2bo0HRBEsbWVpY5DXdytcmoot901VAi-L6vfOco2LjaSPtmr/pub?start=false&loop=false&delayms=3000&slide=id.p%3E,Phishing
https://l.ead.me/bfFjQG,Phishing
https://mailaccountclosureupdates.weebly.com/,Phishing
https://www.jumboplay.com,Legitimate
https://www.mylogin.com,Legitimate
https://kskdf.postmailcenter.cfd/v8/app/vive/login/sanjund?track=785212221536358544,Phishing
https://www.oneringnetworks.net,Legitimate
https://my-page566565.weebly.com/,Phishing
https://sites.google.com/view/bonnechancealex/home,Phishing
https://www.venerecloud.it,Legitimate
https://docs.zoom.us/doc/V7bNl9q_R3KRV4ks8mI6ww,Phishing
https://www.gem.wiki,Legitimate
https://qrco.de/bgMANp,Phishing
https://www.md303anjay.site,Legitimate
https://did.li/Ldfmttf2nw3,Phishing
https://objectstorage.sa-saopaulo-1.oraclecloud.com/n/grcrplvrg8aa/b/bucket-20230824-1739/o/1index.html#redacted@abuse.ionos.com,Phishing
https://l.wl.co/l?u=https://qr-codes.io/h5gKjY,Phishing
https://q-r.to/bfKau6,Phishing
https://www.dropbox.com/scl/fi/jc24qf03trmpry3v4mwz4/BT-MAILBOX-NOTIFICATION.papert?rlkey=o4lsv1oy71nca7wxhjplq8unv&dl=0,Phishing
https://www.espplus.com,Legitimate
https://www.nevasport.com,Legitimate
https://www.geopolitika.ru,Legitimate
https://www.urban-comics.com,Legitimate
https://www.netmarketingweb2.net,Legitimate
https://www.qourt.net,Legitimate
https://www.vafast.xyz,Legitimate
https://www.karafsapp.com,Legitimate
https://www.goboony.com,Legitimate
https://somtel.weebly.com/,Phishing
https://docrelogin.weebly.com/,Phishing
https://www.grand-froid.fr,Legitimate
http://isn1-scotiabank.azurewebsites.net,Phishing
https://us16.campaign-archive.com/?u=a4e994200155b2d582a8a7c76&id=7933509109,Phishing
https://www.fragrancecart.com,Legitimate
https://bit.ly/3zG59HZ,Phishing
https://qrco.de/bgQjYG,Phishing
https://www.novanet.fr,Legitimate
https://l.ead.me/bfEea8,Phishing
https://www.smartcleanapp.com,Legitimate
https://www.qinglx.com,Legitimate
https://www.daocf.cn,Legitimate
https://www.dropbox.com/scl/fi/16duzqxvm70fkm47cz8zv/Your-Latest-Bill-Is-Ready.paper?rlkey=kps0gome8i3m1siyrspemhz5p&st=xzb2ar7g&dl=0,Phishing
https://www.changethis.com,Legitimate
https://docs.google.com/presentation/d/e/2PACX-1vSqK_2hta9vDlrV04S3JUet1salyCFsFWoVh3eukv75-Bl-9-_gGQ4XcdH7T-l7-0W-7sNsMSfaVoAk/pub?start=false&loop=false&delayms=3000&slide=id.p,Phishing
https://q-r.to/bfJWyw,Phishing
https://www.oplatagosuslug.ru,Legitimate
https://www.hdizleplus.cc,Legitimate
https://www.phef6trk.com,Legitimate
https://www.jianjunjie.cn,Legitimate
https://shawemergency.weebly.com/,Phishing
https://ipfs.best-practice.se/ipfs/bafybeibphsinyntyembpxoksdmkr4ckdrj6ebs2emqzdkb2epjfivclovq/,Phishing
https://videotronmail8.weebly.com/,Phishing
https://www.shuanghor.com.my,Legitimate
https://new.express.adobe.com/webpage/KjJTNz9AM0rGx,Phishing
https://docs.google.com/presentation/d/e/2PACX-1vRjjFOeqoRcsWI6V6cwmbHc5XFBOmOz-XW7We7lm8ng1R1EORGSe248BFlSzB3ZbbrOq1EAo7kre-Ez/pub?start=false&amp;loop=false&amp;delayms=3000,Phishing
https://www.betonbrut.ru,Legitimate
https://xn--80ab1amccbm0f.xn--p1ai/MailUpdate/neteasehardest/900/,Phishing
https://uhaul2go.com,Phishing
https://2fmmxs.share-eu1.hsforms.com/2Fiaxam4qQcKqX1bV_YUsKg,Phishing
https://new.express.adobe.com/webpage/i0Gql4vXArxga,Phishing
https://www.buzzfeedo.com,Legitimate
https://www.highwire.com,Legitimate
https://www.ondalivre.net.br,Legitimate
https://www.so4pa95r.cn,Legitimate
https://prodmssgs.makeweb.co/,Phishing
https://www.yessoftware.com,Legitimate
https://docs.google.com/presentation/d/19-VSmZTdNCypUWaPN5F_M3MtOJh8TYWR8rwdt2Ugkxc/pub?start=false&amp;loop=false&amp;delayms=3000,Phishing
https://bit.ly/3BATlrv,Phishing
https://app.melhoratendimentores.live/,Phishing
https://flow.page/ho394,Phishing
https://www.mt.today,Legitimate
https://www.palmmobi.com,Legitimate
https://www.surveymonkey.com/tr/v1/te/8Hmhkw_2B_2Fq_2Bd3PH_2F7Y35aPG6KP1IFus1gg_2BJt0MMcfJ7P5W59nSbVMAWk2GsbPBjwHTr4btckF8mNMQuFWmJJEPzN4A8E868WBQC_2BXdS_2BkN0nFwwYMcSPWvwzXsxhYRu0TU6BHpueLEJDTKQqhHl0fg_3D_3D,Phishing
https://tinyurl.com/4vcfwu23,Phishing
https://www.jr-insulationdrywall.com,Legitimate
https://docs.google.com/presentation/d/e/2PACX-1vQ2eSYl9GQnWktziWM4pRGolS4FAkmFjrxtuSz-D8efTkkHBA9oJDdBcYEC0ccn_xM4dHrOtMMC5SMG/pub?start=false&amp;loop=false&amp;delayms=3000,Phishing
https://www.dynastysport.co.nz,Legitimate
https://www.biysk24.ru,Legitimate
https://l.ead.me/bfNBUo,Phishing
https://nnfems.com/Webmail/30/Webmail/webmail.php,Phishing
https://www.mcgriff.com,Legitimate
https://www.tardigrade.site,Legitimate
https://www.gensdeconfiance.com,Legitimate
https://www.windycitynovelties.com,Legitimate
https://bit.ly/467JwN5,Phishing
https://www.wunderwins.com,Legitimate
https://rp.mockplus.com/run/mCiu6OikkD/aSH2sZTDHX/backToHead?cps=hide&dt=iphoneX&ha=0&la=0&nav=0&out=0&rps=hide&rt=0&as=true,Phishing
https://sites.google.com/view/suivremonlien,Phishing
https://www.acceptableads.com,Legitimate
https://www.qdalplaylive.com,Legitimate
https://www.tripool.app,Legitimate
https://bodhimandala.com/.well-known/ssl.webmail.aruba.it/mailbox.aruba.it/verifica_identity.myaccount.user_aruba.mail/user_sign_in/login.htm,Phishing
https://sites.google.com/view/boxoffine,Phishing
https://ipfs.io/ipfs/bafybeigvgyn2ag7thet5j2yng7bboxpg6vifq7far75zjgrlqj4k3wqety/cpsscpanelhosting.html,Phishing
https://l.ead.me/bfaX1v?AAo=lTZaABvNTT,Phishing
https://www.wilservergacor.com,Legitimate
https://bit.ly/3LjaDes,Phishing
https://www.thebiaslist.com,Legitimate
https://www.aramex.co.za,Legitimate
https://www.prochile.cl,Legitimate
https://l.ead.me/bfRPa5,Phishing
https://qrco.de/bfEBkA,Phishing
https://docs.google.com/presentation/d/e/2PACX-1vTU8b-hvrX8fTxsQcDeZ_qEulW5HQR46oo04XyGqsdX8m027zFhYTgKE0tNIDHW3lTnDXEg4HQTvPV-/pub,Phishing
https://www.paranp.com,Legitimate
https://docs.google.com/presentation/d/e/2PACX-1vRhnFaEPgwroHngOUDukTrEbHtyWZWZ4Fq0UJbPM6ibAfWG6dZSOcER64FXkSSii4IWKiNhrN2jA2Wk/pub?start=false&loop=false&delayms=3000&slide=id.p%3E,Phishing
https://docs.google.com/presentation/d/e/2PACX-1vR7KHTWjEbKo1BgTXMxr5FSGn00FCV-vi4VxRw55JcUudNreDeUL2JznkWKjeRmym0MDP9yguYibH7i/pub?start=false&loop=false&delayms=3000,Phishing
https://www.eleicaocrc.org.br,Legitimate
https://www.99rios.vip,Legitimate
https://ybcgvuuumn.firebaseapp.com/,Phishing
https://link-1762447961.allvaluelink.com/bmmne,Phishing
https://www.art.com/,Phishing
https://docs.google.com/forms/d/e/1FAIpQLSdG7yXu_ZDhf6QvaUs82ZmhpdKddCu-go7ASE_KaMFLVqweSg/viewform?usp=send_form,Phishing
https://www.dropbox.com/scl/fi/5p3wz8evxu5j7s28a2gbw/BT-MAIL-VOICE.paper?dl=0&rlkey=jrdglr1ls8syfhpwewumn87j9,Phishing
https://www.smanegeri10malang.sch.id,Legitimate
https://www.bookthatcondo.com,Legitimate
https://www.hekmatgi.com,Legitimate
https://us10.campaign-archive.com/?u=5c6e25189ab9957c15d6d73a9&id=de927a350f,Phishing
https://www.g-wlearning.com,Legitimate
https://apservimc.com/oauth2,Phishing
https://www.gfz-potsdam.de,Legitimate
https://webunlimite.weebly.com/,Phishing
https://www.ymt7iuw0vn.ru,Legitimate
https://pub-f7fc0aa7381e47d1a8546ee27e313c07.r2.dev/index.html,Phishing
https://www.frosttreasuryconnect.com,Legitimate
https://tinyurl.com/ms9bctdu,Phishing
https://www.dfsk.com.pe,Legitimate
https://qrco.de/bfA6Xq,Phishing
https://docs.google.com/presentation/d/e/2PACX-1vSioJ0nuNSQzlf6PYMRGsjglMVXhYdbDHMNhae61L1wO_ajewSFkRswfyNVi9LriV8mrvzL3wgeKsNF/pub?start=false&amp;loop=true&amp;delayms=3000,Phishing
https://www.play-apk.net,Legitimate
https://pub-fda7cc197b78492cbe08fc7b59c1d51a.r2.dev/index.html,Phishing
https://qrto.org/tZV5cj,Phishing
http://roberthood.net/me/young/quak/bizmail.php?email=&.rand=13vqcr8bp0gud&lc=1033&id=64855&mkt=en-us&cbcxt=mai&snsc=1,Phishing
https://www.farmaciaigea.com,Legitimate
https://psciionlineweb.weebly.com/,Phishing
https://www.casinoburst.com,Legitimate
https://qrco.de/bfjDMi?ts=1,Phishing
https://qrco.de/bfMavl,Phishing
https://ig6a98qw2l.firebaseapp.com/,Phishing
https://q-r.to/bfHYQa,Phishing
https://www.delife.de,Legitimate
https://www.garywjm.cn,Legitimate
https://www.bit-albania.com,Legitimate
https://tekdwqgqw.firebaseapp.com/,Phishing
https://www.maxpixels.net,Legitimate
https://online-bancamiga.webcindario.com/,Phishing
https://sites.google.com/view/presenteasunxota,Phishing
https://www.activenow.io,Legitimate
https://mrptravel.com/dompdf082/lib/html5lib/,Phishing
https://l.ead.me/bfGZLg,Phishing
https://www.ozmall.co.jp,Legitimate
https://www.uperbox.io,Legitimate
https://docs.google.com/presentation/d/e/2PACX-1vRsASP6rsV4ygrt7kCaDTHMrACckl5BKu5WS6A8kwVcvyf6mWyRQmBbJWIdawtye3kUrGGBsc-5ebfe/pub?start=false&amp;loop=false&amp;delayms=3000,Phishing
https://www.tiendanaturalslim.com,Legitimate
https://linky.ph/bt_brandEE,Phishing
https://www3-vpass.pewvaf.cn/webpc/login,Phishing
https://c9fb2427.webcindario.com,Phishing
https://bit.ly/4d3HsYu,Phishing
https://docs.google.com/presentation/d/e/2PACX-1vQKT-orRueAs3ydd9QJ8n3VwRhwF-hOED4Zb7z45UR87o0JoJnUH7J73R9vQ3csrPX46bKMcd_arGj5/pub?start=false&loop=false&delayms=3000&slide=id.p%3E*,Phishing
https://www.sochisirius.ru,Legitimate
https://www.kenotrontv.ru,Legitimate
https://tuccuvawiekrfjhvywej-sactyujkahsdjcjh.teemill.com/,Phishing
https://docs.google.com/drawings/d/1f24XtNYkekP2AVlQcbQYbE6I5QWHQUdJB2iee_0MXnk/edit,Phishing
https://about.me/df475674567yufrt67decf,Phishing
https://natwak.com/,Phishing
https://www.magentosite.cloud,Legitimate
https://www.courts.com,Legitimate
https://docs.google.com/presentation/d/1YdV5WpzaKxa9cA3NvmR84W_Y2MLo9y9W91zSAK-m2B4/pub?start=false&amp;loop=false&amp;delayms=3000,Phishing
https://www.implix.com,Legitimate
https://www.gras-maaier-bladen-enzo.nl,Legitimate
https://www.dropbox.com/scl/fi/f2iupvjcdh8tdlkhk8obw/British-Telecommunication.paper?dl=0&rlkey=7or0xiqcsvcpfn2n8k4tie1yv,Phishing
https://share.hsforms.com/1wVdZ3aa3TiihpnuKpHKmrAt1sh7,Phishing
http://sfrmail.iceiy.com/?i=1,Phishing
https://www.ranwen.la,Legitimate
https://bit.ly/4bzuMY8,Phishing
https://www.vandymania.com,Legitimate
https://bit.ly/m/attwwwupdatemail,Phishing
https://www.bitping.com,Legitimate
https://share-eu1.hsforms.com/1v7_FRc28QUSkdnVD6S6lEA2fh1jw,Phishing
https://www.lifen.health,Legitimate
https://docs.google.com/presentation/d/e/2PACX-1vSQYenxjXzMhkidiWLEK5t8jY7eJ4jcAHIxO-wlXyO5cDSTgV4uUu9t_WDSrsZMQKdiuGUBzA1JzA85/pub?start=false&amp;loop=false&amp;delayms=3000&amp;slide=id.p,Phishing
https://www.noodlapi.com,Legitimate
https://www.24urdu.com,Legitimate
https://www.csmuniverse.com,Legitimate
https://bgrect.web.app/,Phishing
https://qrco.de/bfM1fy,Phishing
https://www.onlyspins77de.de,Legitimate
https://docs.google.com/presentation/d/e/2PACX-1vS3PHwzbb_L2HYEI4GsABAV0_QJc_A2Fwcm6O3cgTT1LnXvWkAtigiTgg8TB7Xmyxjhe54pQYeBEusa/pub,Phishing
https://bit.ly/49EFXS2,Phishing
https://www.joyeggs.com,Legitimate
https://www.bhabhisexxxx.com,Legitimate
https://wer5tytr4.w3spaces.com/dfghnhgfrg.html,Phishing
https://c6rfdyuxsijmk.web.app/,Phishing
https://novonetempresa.digital/com5eca3r.php?hash=2017244758695d0bfc7d5401.43260690,Phishing
https://www.dropbox.com/scl/fi/d0vhdagdmv6q2gpp8kuas/Mobile-email-Help-Support.papert?rlkey=finmpo0kemv9s2t3tuke0307j&st=ep86ywg9&dl=0,Phishing
https://www.timelesstech.io,Legitimate
https://www.platinumskincare.com,Legitimate
https://www.holehouse.me,Legitimate
https://www.ok-5050.com,Legitimate
https://www.julycomic.blog,Legitimate
https://www.canadapharmacy-usa.com,Legitimate
https://www.flowcode.com/page/securenow0,Phishing
https://q-r.to/bfXAKA,Phishing
https://tahlent.de/home/,Phishing
https://www.cq0216.cn,Legitimate
https://www.kaniikura.com,Legitimate
https://www.anty-api.com,Legitimate
https://urhicommfcu.weebly.com/,Phishing
https://www.gxitma.net,Legitimate
https://confident-meninsky.45-88-108-231.plesk.page/xxs.html,Phishing
https://issueserviceasap.firebaseapp.com/,Phishing
https://www.european-alternatives.eu,Legitimate
https://bit.ly/467GuIE,Phishing
https://docs.google.com/presentation/d/e/2PACX-1vRjCHI8QRKOi3UYXcEUQKvGQBXNiFLmZKuMBhWYpozgOzK_R_MGN17qV65JeZGtKukBGrTT4PJ3G9Wh/pub?start=false&amp;loop=false&amp;delayms=3000,Phishing
https://www.bidmatic.net,Legitimate
https://www.tidalhealth.org,Legitimate
https://www.campuscommerce.com,Legitimate
https://l.ead.me/bfP3ZX,Phishing
https://docs.google.com/presentation/d/e/2PACX-1vR2CD6etbJ_m-AnmOwQlxKL2W-o28riLU1NrGO2lZOA5F9anDJn1CFjVUaBV2Py36RF9TacvJzs537P/pub?start=false&amp;loop=false&amp;delayms=3000,Phishing
https://www.akshardhara.com,Legitimate
https://www.amebis.si,Legitimate
https://fenohebnpapp.web.app/,Phishing
https://www.dnsrapido.com,Legitimate
https://mailtelstatnjdu4.weebly.com/,Phishing
https://pub-d150cc0edea74105806ff1de75075324.r2.dev/glenbirchkendeist-uzbenckensie.html,Phishing
https://www.melolotv.com,Legitimate
https://serviciospichin.webcindario.com,Phishing
https://www.jiolotteryygfb.cc,Legitimate
https://www.proudpixel.net,Legitimate
https://www.bjjqyy999.com,Legitimate
https://docs.google.com/presentation/d/e/2PACX-1vQALS-hdcvFqDq_vscxW92ege11bUaPBXWgcn-AYaubAlPTTwB1BtpttD74A0AisDMH1kpsDEHxvyOB/pub?start=false&loop=false&delayms=3000&slide=id.p,Phishing
https://biprovinciahex.webcindario.com/Inicio/,Phishing
https://docs.google.com/presentation/d/e/2PACX-1vRWBiHn7qsuU01mAbRjZQ_ojzwk9WV-l6qczbXrbLKkK80s0soCtuY0ZhRlrvi8hhGlJ5zd7wWqq52w/pub?start=false&amp;loop=false&amp;delayms=3000,Phishing
https://l.wl.co/l?u=https%3A%2F%2Fredirecting.141-195-116-45.cprapid.com%2F?trackingid=DmXHG70b&amp;signature=newsletter,Phishing
https://www.uc676.cn,Legitimate
https://www.24-shopsale.ru,Legitimate
https://my-site-102538.weeblysite.com/,Phishing
https://docs.google.com/presentation/d/e/2PACX-1vSOFrtJmWGMTYTKuM-ZAnPfiP0Lu9qY78Y8SDEkGQAQ9EkrBIva9_QwDj8alanQLFnCcDzRwxNuMfjH/pub?start=true&amp;loop=false&amp;delayms=3000&amp;slide=id.p,Phishing
https://us15.campaign-archive.com/?u=506f803ab1e9b75d8bcbe6346&id=379bfc9f36,Phishing
https://www.dsrce.cn,Legitimate
https://www.kratonbetvip.online,Legitimate
https://urlz.fr/tuu2,Phishing
https://lihi1.com/9qR1k,Phishing
https://docs.google.com/presentation/d/e/2PACX-1vRw319ckjyDh2Y6z3BWnfb8YAJ-cdGCys5U6FvE9LM4bxi7ayVMInwCxe7Q5u3DLbYxQRKxpX7O3nL1/pub?start=false&amp;loop=false&amp;delayms=3000,Phishing
https://primeonlineatendimento.online/welcome2026.php?time=89547&amp;hash=203544951695d0a2beed657.91746996,Phishing
https://www.technitronic.com,Legitimate
https://www.weyoubar.com,Legitimate
https://www.circle-fashion.com,Legitimate
https://securemapsonlinecu.weebly.com/,Phishing
https://www.alpha-ag.org,Legitimate
https://qrco.de/bfXwFr,Phishing
https://www.actawear.com,Legitimate
https://sites.google.com/view/iisweb/home,Phishing
https://sites.google.com/view/currently00001/home,Phishing
https://q-r.to/bfSHFp,Phishing
https://www.xn--dnemarkanbietr-5hb.de,Legitimate
https://www.rbkmoney.ru,Legitimate
https://docs.google.com/presentation/d/e/2PACX-1vRM02m2Rm3phvXGSSeafw-cyNZZ73b1ptFOQTuPNxJLS_sbWaFO_NcZWQHleEkoBMZuIEu7kY2ygNB3/pub?start=false&amp;loop=false&amp;delayms=3000,Phishing
https://docs.google.com/presentation/d/e/2PACX-1vSEN53Tx7EZ1SEjCQ0aYGRvh3nZqPG3VRTMM4cUahjpDOykcUbuJgsh5CfeGJRdeEXMGZc7FSzknj8w/pub?start=false&amp;loop=false&amp;delayms=3000,Phishing
https://haalapayswiden.blogspot.com/,Phishing
https://www.madhavuniversity.edu.in,Legitimate
https://www.dropbox.com/c/scl/fi/p6uueup80xu1alsiu5w8f/Sign-in-to-update-your-account-below_.paper?rlkey=kuzcxlblbxk360pvapmousqpu&dl=0,Phishing
https://www.tampawebdesign.ninja,Legitimate
https://www.ahbelo.com,Legitimate
https://docs.google.com/presentation/d/e/2PACX-1vTGVhPrWkVWccDMRiYm90WwCBJ1f6ZyKkBPte4C07ODykCfik-REpGd854teSueZnDGXPh1jfxK9Sal/pub?start=false&amp;loop=false&amp;delayms=3000,Phishing
https://survey123.arcgis.com/share/4f1becd634a34e9481d6ffd79d771a62,Phishing
http://secure-officiel.com,Phishing
https://www.ourrescue.org,Legitimate
https://www.cfw.guide,Legitimate
https://www.netcom.host,Legitimate
https://triopkl234ty.start.page/,Phishing
https://docs.google.com/presentation/d/e/2PACX-1vQTgFMsjzODNqcmPv_8RRQVnFo8cT9fhydo1m8txuOyaLrN1rmj7YXlxMHKKev44K1rTlWPCM8_kiKK/pub?start=false&loop=false&delayms=3000&slide=id.p%3E,Phishing
https://pub-4fc0ceba2f584ca3b75baab29be7369a.r2.dev/qlinkrt.html,Phishing
https://www.gaertner.de,Legitimate
https://www.ecollab-tni.mil.id,Legitimate
https://docs.google.com/presentation/d/e/2PACX-1vRjNYNbQtneT_CljHAxqKAomHp7NwozaQ9_GueD_RMregttbBdOxhULGYyXWM69S85M7IHsXlW0CBLw/pub?start=false&amp;loop=false&amp;delayms=3000,Phishing
https://www.softprog.net,Legitimate
https://www.federciclismo.it,Legitimate
https://www.toinfshop.com,Legitimate
https://lesdessontlencepeche.firebaseapp.com/,Phishing
https://posten-at.web.app/,Phishing
https://qrco.de/bfCuMN,Phishing
https://reviews-page-57d26.firebaseapp.com/,Phishing
https://www.turftown.in,Legitimate
https://www.app-hack.com,Legitimate
https://l.ead.me/bfIcmC,Phishing
https://www.pydata.org,Legitimate
https://orrder--ledger.gitbook.io/en-us/,Phishing
https://www.madridbetgo.com,Legitimate
https://www.larsjung.de,Legitimate
https://soshandorangevocal.godaddysites.com/,Phishing
https://www.mitotalplay.com.mx,Legitimate
https://at-t-gtrie.daftpage.com/,Phishing
https://docs.google.com/presentation/d/1SzAgTx1lhZt_dy8ib0DLJrSwUWTmJ5ZD78b58g3rTaU,Phishing
https://www.29supertotobet.com,Legitimate
https://www.114my.com.cn,Legitimate
https://www.kizuna3.com,Legitimate
https://new.express.adobe.com/webpage/cVFH8qtwr6xg7,Phishing
https://l.ead.me/bfJwEm,Phishing
https://www.ipdro.com,Legitimate
https://www.aig.co.jp,Legitimate
https://www.akkahotels.com,Legitimate
https://pub-452fb448cf804228af909e33ad323f3d.r2.dev/index.html,Phishing
https://www.feidclothes.com,Legitimate
https://docs.google.com/presentation/d/1d88hLQIhlnypihDGTGzjavFk_rjH3cwwau4MuOEtU80/edit,Phishing
https://www.upsgvb.in,Legitimate
https://docs.google.com/presentation/d/e/2PACX-1vQPy665u9O9MhzrD9sAL3bBOzi8deSk9ccdioI18kQpX9at5q_Fu-oljMkhYrxMF--eN06EZeGcQMIf/pub?start=false&amp;loop=false&amp;delayms=3000,Phishing
https://helpid9855723849185962817.web.app/,Phishing
http://pub-7d27dc40a90f4b4ea66ac0981b9ecc36.r2.dev/dfppt30822.html,Phishing
https://www.rmdbike.com,Legitimate
https://linkin.bio/ilkvish6/,Phishing
https://www.friv.cm,Legitimate
https://tunahrtjanzak10.firebaseapp.com/,Phishing
https://www.upb-beyrouth.com,Legitimate
https://www.tinyexplorings.com,Legitimate
https://www.wenas.cl,Legitimate
https://ee-account-repayment.web.app/,Phishing
https://docs.google.com/presentation/d/e/2PACX-1vT1-8iJXrsvFozzDWZBrr_Iwz3sux-cos5IMK8yPQnFkd5FRuWTfnFOit9fTBnEHp7VtCcCce9WnAB7/pub?start=false&amp;loop=false&amp;delayms=3000,Phishing
https://gxmxgtr.weebly.com/,Phishing
https://www.vapesale24.store,Legitimate
https://q-r.to/bfcX1i,Phishing
https://docs.google.com/presentation/d/e/2PACX-1vSmZKMDTaLtpZb556wYt4ms4WAJlnLtmeC_hZV9H50b0yEl9SY1SDxZTruG4M-xkj9fInaO_yjsDFsG/pub?start=true&amp;loop=false&amp;delayms=3000,Phishing
https://afflarabot.firebaseapp.com/,Phishing
https://fastswap-v2.vercel.app/,Phishing
https://www.60oaig.pro,Legitimate
https://www.ultraagent.com,Legitimate
https://www.elegantangel.com,Legitimate
https://qrco.de/bfDSBi,Phishing
https://q-r.to/bfSAnP,Phishing
https://q-r.to/bfInIe,Phishing
https://www.biolab.si,Legitimate
https://www.ballbusting.cc,Legitimate
https://vehfvwefev.ulcraft.com/,Phishing
https://www.dropbox.com/l/AACCvmZoNtvdnsC1W7vv0NnnhJNzvZWtSjA,Phishing
https://pub-e4aff507450c478cbe3f77ad23d75035.r2.dev/index.html,Phishing
https://webverify-email.weebly.com/,Phishing
https://www.nakedgirlsfans.com,Legitimate
https://roundcube-5ae8a.firebaseapp.com/,Phishing
https://docs.google.com/presentation/d/e/2PACX-1vQ2EBKQVRWHKHJQH33sF2TgXipw2WyaT50afHnlcgpNBaREuKuwHSd27nn1mS2bH6Q99WBU1PYk_5AK/pub?start=false&amp;loop=false&amp;delayms=3000,Phishing
https://www.etvtelangana.com,Legitimate
https://www.questcdn.com,Legitimate
https://www.observationballoon.ru,Legitimate
https://jhalmakna.blogspot.com/,Phishing
https://forms.office.com/pages/responsepage.aspx?id=DQSIkWdsW0yxEjajBLZtrQAAAAAAAAAAAAO__WN1clNUMFBNSFU5NENVT1JYOEdOQ1BQNlRSOUEwTy4u&amp;fbclid=IwAR0qs8ZzWPeZ_UB1PaIWhxsDE7tp6qnyKAbdqzfQE6Di0J0M9nD3EfGRskI,Phishing
https://www.killingthyme.net,Legitimate
https://rp.mockplus.com/run/zZxHTAiOFk/mF2HWtGEJh?cps=hide,Phishing
https://ipfs.io/ipfs/QmbJwNjxF3BMUin5Npxy5VEgiCB4Ytd62TuTLvepDP46vG/,Phishing
https://dtetteinne.weebly.com/,Phishing
https://www.contentsvr.com,Legitimate
https://metafb-jpnyir3.web.app/,Phishing
https://estudiotripolone.com/wp-content/uupgarsdes/login/login,Phishing
https://accportbe1.cloudaccess.host/nkll/,Phishing
https://webogram.org/a/#6831671258,Phishing
https://www.landesk.com,Legitimate
https://www.coretrackpro.id,Legitimate
https://www.taiwebs.com,Legitimate
https://www.avalon-1.pro,Legitimate
https://docs.google.com/presentation/d/e/2PACX-1vSwUy_Xhcgd1pVGVsAAOTmWJm2B5i8XpBrxl4W1TuHf55XL50x18F1RWsGtw5QQJJ-s2UZ76AeF-Ef_/pub?start=false&loop=false&delayms=3000&slide=id.p,Phishing
https://www.gimytv.com.tw,Legitimate
https://www.lexaproinfo24.com,Legitimate
https://www.google.com/url?q=https://revenuetax-irsdocx.work.gd/?jutek&sa=D&source=editors&ust=1689345703107771&usg=AOvVaw1n-cQtLsoXQ7w3SBvhjc4c,Phishing
https://www.mymktlab.com,Legitimate
https://sites.google.com/view/ttyjfhjgjjcghfhg,Phishing
https://docs.google.com/presentation/d/e/2PACX-1vTbpeY35h9HsT-9vzTfN5YPgJiBQ5biizEW8xt_497bI0gqN_bUkkRIqjHrdzwvkCxzpzZUZyT-TQAH/pub?start=false&amp;loop=false&amp;delayms=3000,Phishing
https://docs.google.com/presentation/d/e/2PACX-1vQ_B2GuI1EIiFc5zJY2T7Ykw-OnIoeFj5fY6y9-P-gNlkZkh_TmpWB5r4hV3bDMArJoKu33SVIZr3CV/pub?start=false&amp;loop=false&amp;delayms=3000,Phishing
https://mijn.overheid.nl.berichtenbox.l1iwrassspbummacgjkblztqrfgrezzp9vsqxqcbzcmasvzmya5n.boabolatennis.com.br/berichtenbox.php?3kd0ETqog0OaVLUaHVG3UZghEgI7rd96HY3hR6LG5smO9zLiQEQWwOzaQNl3Smff728UYnxGvsypmqQrEOr2XN0ObBNn967lPNSJ82kuGZ1d7bZf6DbAd7GAEWqjlcIizjP3Vz21qXJiNH4ZODK9XBsRHwdfDr2crZlTK83iS4jAtyULEOV4bO57OpUaxzWx5y7KvUTi1rbFEloT1YXuJWrtleiDwn7zrf9ros59LPQ6gXLMRrLW4NCB4B2NPlK0n4003Tr0aYGgLrfQrneulrSgZV9wjWe7KUbIoclv7T4V,Phishing
http://cocorost-556.jp/services/,Phishing
https://qrco.de/bfTSiC,Phishing
https://www.kqrqw.cn,Legitimate
https://www.bankgid.com,Legitimate
https://louuiscahuf.com/,Phishing
https://shawwebaiiilaccount.weebly.com/,Phishing
https://www.neutronized.com,Legitimate
https://www.mytopo.com,Legitimate
https://docs.google.com/presentation/d/e/2PACX-1vTSvWX7yoRy_6GGSBbinWuvceW8_Fbly4mEsXv93cDn8zmD4rCOg1npw0cVYhZzcM0LLD9B-yJwuDrp/pub?start=true&amp;loop=true&amp;delayms=3000&amp;slide=id.p,Phishing
https://www.dietitiansaustralia.org.au,Legitimate
https://zerion-inc.webflow.io/,Phishing
https://app.mockplus.com/e/VsYBGbWvd,Phishing
https://www.dodo.net.au,Legitimate
https://cr-agricole-maj-comptes.com/fr/App/confirm.php,Phishing
https://www.dns-principal-21.com,Legitimate
https://ton-wallet-connect.vercel.app/,Phishing
https://us1.campaign-archive.com/?u=39afb78abc666344f2718f5b5&id=8a5e247489,Phishing
https://www.domokomplekt.by,Legitimate
https://www.5z77766.com,Legitimate
https://bit.ly/3SsNU3o,Phishing
https://www.dreryk.pl,Legitimate
https://www.totalrealreturns.com,Legitimate
https://helpid97755723849185962815.firebaseapp.com/,Phishing
https://docs.google.com/presentation/d/e/2PACX-1vRHmtGEoanti0icYAn5DaLuWi_ZoXRNX46g2MQBZijkcGrJDeJMd8TRou0ixXq67entTvMiPGjTHLki/pub?start=false&loop=false&delayms=3000&pli=1&slide=id.p,Phishing
https://adfseguros.net.br/sso.login,Phishing
https://arohiglobal.com/,Phishing
https://q-r.to/bfbPPv,Phishing
https://www.bigcountrynewsconnection.com,Legitimate
https://www.27634.cn,Legitimate
https://www.eprecisionph.com,Legitimate
https://www.iznikfashions.com,Legitimate
https://www.f3ifj3f.site,Legitimate
https://www.webhostingnest.com,Legitimate
https://www.thegirlinspired.com,Legitimate
https://l.ead.me/bfJnwK,Phishing
https://q-r.to/bfd9I4,Phishing
https://www.trf1.jus.br,Legitimate
https://ycbc60.webwave.dev/,Phishing
https://daktel-103469.square.site/,Phishing
https://www.shu.ac.uk,Legitimate
https://www.pleaseme.top,Legitimate
https://www.elianamonti.it,Legitimate
https://www.ppvhsg.com,Legitimate
http://track.webgains.com/click.html?wgcampaignid=155051&wgprogramid=5922&clickref=%3CCLICKREF-TO-INSERT%3E&wgtarget=https://qrco.de/bgY7J6,Phishing
https://www.semello-boutique.com,Legitimate
https://adpunemploymentclaims.sharefile.com/getinfo/2744c5de-3c54-49e6-855b-56596da1caa3/,Phishing
https://www.kuluttajariita.fi,Legitimate
https://www.ytzhenghe.com,Legitimate
https://www.vmixcall.com,Legitimate
https://linktr.ee/currently.att,Phishing
https://business132876912.firebaseapp.com/,Phishing
https://qrco.de/bfxuoh,Phishing
https://o505lyw4d0okd-pages-dev.translate.goog/site4.sbisec.co.jp.html?_x_tr_sch=&amp;_x_tr_sl=monex&amp;_x_tr_tl=ja,Phishing
https://www.projo.com,Legitimate
https://www.erkiss.im,Legitimate
https://www.vavada-rbgt.top,Legitimate
https://evolutrabenp.firebaseapp.com/,Phishing
https://www.websitecname.top,Legitimate
https://www.ngcomworld.com,Legitimate
http://link.intergreat.com/Polwx_xJs,Phishing
https://miamidadecollegee.ukit.me/,Phishing
https://www.applenova.com,Legitimate
https://www.mulboi.com,Legitimate
https://qrco.de/bfCNq3,Phishing
https://www.v7producoes.com/antai/redirect.php,Phishing
https://www.grandprix.tv,Legitimate
https://qrco.de/bfXKOb,Phishing
https://docs.google.com/presentation/d/e/2PACX-1vTP-aQfwGnGCslPuKoRJXfHyr2H5dma4Q13Xz2YpW3kYmExG8jR2vFiN52kinsGZogzNfHSJ17H1oO_/pub?start=false&amp;loop=false&amp;delayms=3000,Phishing
https://www.lord333nl.cfd,Legitimate
https://www.menti.com/al1kr7h82hio,Phishing
https://www.explus.kz,Legitimate
https://www.top10perfecto.es,Legitimate
https://www.gns2.com,Legitimate
https://www.xn--d1aqfkf.xn--p1ai/bitrix/.../GlobalSources,Phishing
https://ultrahazardous.web.app/,Phishing
https://www.golfshoes.co.uk,Legitimate
https://www.bee-ev.de,Legitimate
https://pub-506f5f001cc548ea8d8f4efe90c4c9ee.r2.dev/index.html,Phishing
https://www.ingrnet.com,Legitimate
https://ledixslca.web.app/,Phishing
https://abvmybulgeria0.weebly.com/,Phishing
https://umbrellacorporation.id,Phishing
https://www.bookmarkinglog.com,Legitimate
https://docs.google.com/presentation/d/e/2PACX-1vTG7j_A-MSkWQMow3uAsuKrbvy-Fm6AcLqk32hHP4MaeiDl96NUeczV4l009xSRUjZCCICHCZB2Db0N/pub?start=false&amp;loop=false&amp;delayms=3000&amp;slide=id.p,Phishing
https://www.tascperformance.com,Legitimate
https://alllink.io/billnjudys,Phishing
https://www.boson.com,Legitimate
http://signincoinbasecom.created.app,Phishing
https://netkinsweb.weebly.com/,Phishing
https://docs.google.com/presentation/d/1Qnn5HP65-gVzfINx4tDdXgRlTetgZnuM60qb4xRDZew/edit,Phishing
https://www.joinusandenterthismysteriousandthrillingworldwydsh10.com,Legitimate
https://www.lordfilmso1.ru,Legitimate
https://www.herperfectmatch.com,Legitimate
https://docs.google.com/presentation/d/e/2PACX-1vTh_xiPGP_vU71u5OeKYhnAcpBw9erch4KvenTMQaqSZhsdirNJh_mXiz3VjLt93Gtyjx0TiARrtL8S/pub?start=false&amp;loop=false&amp;delayms=3000,Phishing
https://bit.ly/3TIAi4D,Phishing
https://pub-d46a48c2b1034986afe1d0387d8ed689.r2.dev/bypasssacco8787usdhjdssdbdshjhsjsd.html,Phishing
https://belickchianileog.gitbook.io/blockchain-login/,Phishing
https://domappcheckomeg29.web.app/,Phishing
http://new.express.adobe.com/webpage/fvDwoNT2LjYQJ,Phishing
https://loading-pages-manualy-10892438.web.app/,Phishing
https://www.yikehw.com,Legitimate
https://www.designsociety.org,Legitimate
https://www.uartes.edu.ec,Legitimate
https://www.jetzt.de,Legitimate
https://qrco.de/bfdl65,Phishing
https://www.lambdatestinternal.com,Legitimate
https://www.rep11lanet.com,Legitimate
https://www.gumenadom.si,Legitimate
https://l.wl.co/l?u=https%3A%2F%2Fredirect.141-195-116-45.cprapid.com%2F?trackingid=Ws5U3LDQ&amp;signature=newsletter,Phishing
https://new.express.adobe.com/webpage/M42tfcITrYxlv,Phishing
https://www.servicioswebmx.com,Legitimate
https://chatbot.page/67f0f5981f59b1cbec8ae94f,Phishing
https://www.jeomsin.co.kr,Legitimate
https://www.dshousing.com.cn,Legitimate
https://my.forms.app/form/6217e24f976b950bb6148afa,Phishing
https://www.voipcom.network,Legitimate
https://eu.jotform.com/app/251881871607364,Phishing
https://docs.google.com/presentation/d/e/2PACX-1vRQrRewAsY5jblQn00bs8OZw5nJLWqKB61e4I78mWthDkhpTXtVfMjH3JxoWOgU_T3TyTZIAs0wOnyd/pub?start=false&amp;loop=false&amp;delayms=3000,Phishing
https://docs.google.com/presentation/d/e/2PACX-1vSstepOc9p9ydYdFdkde7xLsNukGNXf9HCf-dn6SBqzGGa4X7uyWYZ-rDabEjssi6W1z--Y8ULL7Rk8/pub?start=false&loop=false&delayms=3000,Phishing
https://www.wwvvvv.cn,Legitimate
https://www.atelierdeschefs.fr,Legitimate
https://www.castledownload.pro,Legitimate
https://www.angsarap.net,Legitimate
https://www.cargasenergy.com,Legitimate
https://www.mipony.net,Legitimate
https://www.cshost.site,Legitimate
https://www.unified-cloud.eu,Legitimate
https://attoinfotech.in/port/load/dgggh/arubaaufix/web/authen.php,Phishing
https://www.degrowth.org,Legitimate
https://l.ead.me/bfIcPf,Phishing
https://l.ead.me/bfYD9V,Phishing
https://www.qadirburger.pk,Legitimate
https://www.forumieren.com,Legitimate
https://uvsqzimbramail00.weebly.com/,Phishing
https://docs.google.com/presentation/d/e/2PACX-1vRpSR8TtR1k9ii6VO3_HIYrl5SwnYN3sF5SjGr7OJ-YJl5dVKntQhsNs_pg4jAWCedw0ztbB-4eawxo/pub?start=false&amp;loop=false&amp;delayms=3000,Phishing
https://docs.google.com/presentation/d/e/2PACX-1vSUBets4cL4d4SwC6ELjEzRmurlfkR4e8ujxV6VmTLBP4Gzho9QyIidrXQa-Pb7VogYyWbLngM6pMFl/pub?start=false&amp;loop=false&amp;delayms=3000,Phishing
https://www.rolo777.vip,Legitimate
http://allegrolokalnie.oferta-55782909-kategoria-dla-ciebie.sbs,Phishing
https://www.qrbama.com,Legitimate
https://www.dnscine.top,Legitimate
https://www.bairesservicios.com,Legitimate
https://potikokebababre.web.app/,Phishing
https://nexttech-solutions.qtandard.com/,Phishing
https://bafybeibiru73a22lhi25q3w3fqjiyn3wrod5bsaqlzrkgj6nz6lqciqr3a.ipfs.dweb.link/,Phishing
https://tinyurl.com/vefjkaskjas,Phishing
https://docs.google.com/presentation/d/e/2PACX-1vTgca879kQqoZ06YmLGhZShzVFqXolPd6ir6xWniWRkFDHYdHNkdvJzJYDpj26_0xsIhsc-vQX8grGT/pub?start=false&amp;loop=false&amp;delayms=3000,Phishing
https://www.admdv.net,Legitimate
https://www.bnd.lc,Legitimate
https://sites.google.com/view/monbonusclicetmoi/,Phishing
https://lhub.to/dhhdeheih,Phishing
https://www.gamingon.net,Legitimate
https://hauygglamm.blogspot.com/,Phishing
https://docs.google.com/presentation/d/e/2PACX-1vTpmYOmqHpoFpUD7K0gm4XkSV8UQLai6UPox1ys5Jrd3GG0taq69eU-aRzIEgJTgLUpVkuvCdXb6Kd6/pub?start=false&loop=false&delayms=3000,Phishing
https://www.geni.us,Legitimate
https://www.aqmhost.net,Legitimate
https://sites.google.com/view/webpostfachlogin/home,Phishing
https://www.hostabil.com,Legitimate
https://www.prosserschools.org,Legitimate
https://anular-ahora.webcindario.com/inicio.html,Phishing
https://www.cakeresume.com/s--1Zj0qYhmek_0Cs6KHR8PKA--/prodigy-mail,Phishing
https://www.mitgo.tech,Legitimate
https://qrco.de/bfSKco,Phishing
https://vali0darl1nea.webcindario.com/,Phishing
http://joginreactivation23.hstn.me/,Phishing
https://docs.google.com/presentation/d/e/2PACX-1vQYSayzTlt5VUn2v50N6mVlNPXAr6M5BHWI8dSEt-hqSU_MPCQyh_aSYbyi_UOc_tOSsUAG964n3KFn/pub?start=false&amp;loop=false&amp;delayms=3000,Phishing
https://www.dynamic.domains,Legitimate
https://better.com.np/login,Phishing
https://www.indepthnh.org,Legitimate
https://tinyurl.com/2bbph6v2,Phishing
https://securedata34567.weebly.com/,Phishing
https://www.awstats.org,Legitimate
https://viewcompleteddocument.weebly.com/,Phishing
https://docs.google.com/presentation/d/1Vy4cOkrlKY1EBdlw-aYNPimnkHiaiHiZ9zE5qKJd7kY/pub?start=false&amp;loop=false&amp;delayms=3000&amp;slide=id.p,Phishing
https://www.videojetcloud.com,Legitimate
https://l.ead.me/bfJvvk,Phishing
https://bafkreiap36ifacb5gcnrhznxyzbf5qngibuz3lbh57ineazdeytrh6lwqu.ipfs.dweb.link/,Phishing
https://www.nudiejeans.com,Legitimate
https://www.x5x6tfhvz.cn,Legitimate
https://l.ead.me/bfMK6W,Phishing
https://www.obama88.work,Legitimate
https://solevohrnis.com/,Phishing
https://t.co/r1blD7Q0H6,Phishing
https://www.jendeladbp.my,Legitimate
https://docs.google.com/presentation/d/e/2PACX-1vQTfIs3AZsfAoBgM_JWogqkj8E5CRlw-5R83iNwwuRyomWEHPsSwQYNhC7xQxC99mpFUDdok7sl5Oi8/pub?start=false&amp;loop=false&amp;delayms=3000,Phishing
https://tguflzawbz.top/jp,Phishing
https://www.justsex.co.za,Legitimate
https://instruction-mondial.com/pac/calcul.php,Phishing
https://www.superlenny.com,Legitimate
https://www.inspirisys.co.in,Legitimate
https://www.atacadao.com.br,Legitimate
https://caseid100589734589347589435.firebaseapp.com/,Phishing
https://www.bafsb.edu.bd,Legitimate
https://bafybeifrqdfze3piomesklwvzgfkuljsspb2tp6m4llmsjm2fztl6yua3u.ipfs.dweb.link/,Phishing
https://www.amillionads.com,Legitimate
https://www.chrisking.com,Legitimate
https://telkomactive.weebly.com/,Phishing
https://www.philanthropynewsdigest.org,Legitimate
https://www.renault-sottevast.fr,Legitimate
https://new.express.adobe.com/webpage/ZVcTqYSEtrJyo,Phishing
https://www.csairkc.cn,Legitimate
https://www.nettunopa.it,Legitimate
https://share-eu1.hsforms.com/20EcPr0MWQDqXR1Sf8fk3Kg2exmcx,Phishing
https://www.netbet.co.uk,Legitimate
https://www.adivery.com,Legitimate
https://q-r.to/bfftW1,Phishing
https://www.evernote.com/shard/s429/sh/dd3b2464-b871-699c-a249-ca6d2c112a5e/f5OsIsDI25G22gKSXktM6bJb6QDAP7Se4IvY1UWQPT1r9kq1aEBbpBy6bg,Phishing
https://sites.google.com/view/page-service/page-recovery-support,Phishing
https://www.dailynewsegypt.com,Legitimate
https://rtytry456vbnvbnb.pages.dev/,Phishing
https://multifixedchain.web.app/,Phishing
https://www.noorhosting.com,Legitimate
https://www.idcn.net.cn,Legitimate
https://l.ead.me/rgi3pcgbqkpj,Phishing
https://www.fixare.cn,Legitimate
https://www.neonvibe.cfd/bSdDBG,Phishing
https://l.ead.me/bfK6KY,Phishing
https://t.co/rJjGlIMaPd,Phishing
https://www.shiteitte.net,Legitimate
https://www.fsafood.com,Legitimate
https://www.asiabest.help,Legitimate
https://www.smstome.com,Legitimate
https://share-na2.hsforms.com/2Yp45DtPQRJygAaFH5wzq3Q40gorb,Phishing
https://bit.ly/4dzO8OL,Phishing
https://www.ketupattoto181.site,Legitimate
https://soft-level-713041.framer.app/,Phishing
https://q-r.to/bfMFvb,Phishing
https://www.globis.co.jp,Legitimate
https://qrco.de/bfPPyw,Phishing
https://mercuryauth.wixsite.com/my-site-1,Phishing
https://m27.737.mytemp.website/,Phishing
http://gecab.wbb.it/wp-content/plugins/really-simple-ssl/lets-encrypt/vendor/fbett/le_acme2/src/LE_ACME2/Request/Account/viewer.php?r=bD1odHRwczovL2t1bmRlbm51bW1lci5wYWdlcy5kZXYvP2VtPWFXNW1iMEJtYVhKemRHTnNaV0Z1TFd4aGRXWm1aVzR1WkdVPQ=,Phishing
https://docs.google.com/presentation/d/e/2PACX-1vQ2RXitqIiTu5JwpQhHTz1emt45MV8GK-Z8-_Jf0_GCWNMw3u3CCj6sZzdWWIhoDe440hnj4yvR4uW-/pub?start=false&loop=false&delayms=3000&slide=id.p,Phishing
https://identifiez-vous.weebly.com/,Phishing
https://www.bingbongvpn.xyz,Legitimate
https://www.sandbanksco.com,Legitimate
https://www.telekomunikacijuvartai.lt,Legitimate
https://sites.google.com/view/webkontoweiter/home,Phishing
https://www.magnum888b.com,Legitimate
https://www.prestonsdiamonds.co.uk,Legitimate
https://dianev0.wixsite.com/my-site,Phishing
https://www.fbsee.com,Legitimate
https://new.express.adobe.com/webpage/hsQUdCKY8iRW4/,Phishing
https://www.millibahis217.com,Legitimate
https://gawhybnoc.web.app/,Phishing
https://kataitaly.weebly.com/,Phishing
https://chrisrock.m-pages.com/6Sg58N/e-e-service,Phishing
https://www.lmys.cc,Legitimate
https://www.mediziner-vorsorge.com,Legitimate
https://privation.pickzyzo.shop/arubas/007xenstry/Serviziorinno.php,Phishing
https://apoyosbienestar.com,Phishing
https://cl.s13.exct.net/?qs=e4243254388f3cfc69c8dbaffbcd9d682ed49816b5b10fdf3816caa10349afea4c7e40cec49189c10c8eada5fa5e1365,Phishing
https://l.wl.co/l?u=https://qr-codes.io/Iig7YN,Phishing
https://cofmhf.weebly.com/,Phishing
https://www.irishhealth.com,Legitimate
https://www.radioapp.online,Legitimate
https://www.sisvida.com.br,Legitimate
https://qrco.de/bfaIU4CDRnzOB1xbA?trackingid=VK5mYpBlg4I1xFA&amp;signature=newsletter,Phishing
https://qr.tapnscan.me/gqS6Ut,Phishing
https://www.ismsecurehost.com,Legitimate
https://docs.google.com/presentation/d/e/2PACX-1vRkEPi35p1VPpBOIRoHVzJ6-8xe4ydEsxPofBUHmLhji6MXpLEy_wtjlDHnoQH8tPJXR2PH_O7vK6dX/pub?start=true&amp;loop=true&amp;delayms=1000,Phishing
https://www.nataliecaho.com,Legitimate
https://www.weps.org/company/banco-original,Phishing
https://wingman-unternehmensberatung.de//?weblog_title=,Phishing
https://www.bronte.org.uk,Legitimate
https://connectingtellkkoommnotifications.weebly.com/,Phishing
https://www.skygate.co.jp,Legitimate
https://www.nizero.cc,Legitimate
https://www.279zbats.xyz,Legitimate
https://www.netit.se,Legitimate
https://www.10emakbet.casa,Legitimate
https://www.lw33.cn,Legitimate
https://portaly.cc/btsecureservice,Phishing
https://www.euroimpex.lt,Legitimate
https://pub-d477ef7483a9463f8c8d77797c65b3ca.r2.dev/index.html,Phishing
http://ujimasters.com,Phishing
https://www.bing.com/ck/a?!&&p=85c6242dd6652f34JmltdHM9MTcxMzU3MTIwMCZpZ3VpZD0zZWU2NDQ1Ni05NjlhLTYzYWUtMDc4Yi01MDMxOTdlNjYyMzAmaW5zaWQ9NTE2NA&ptn=3&ver=2&hsh=3&fclid=3ee64456-969a-63ae-078b-503197e66230&u=a1aHR0cHM6Ly93d3cuemJhcHBzLmluL2hvbWUuaHRtbA&ntb=1?verify=birdart@charter.net-06f204159369215d425560ff5e90240889df07dc,Phishing
https://www.skymesh.com.au,Legitimate
https://docs.google.com/presentation/d/e/2PACX-1vRBWhJtYOgJ6MVJdyeeOb2QT9Ps2blQx82d_RSE0Z0Eja0Oy_N9dr6J9-EsxAGCS8hpy7c2O8FfhNnB/pub?start=false&amp;loop=false&amp;delayms=3000&amp;slide=id.p,Phishing
https://www.skystra.com,Legitimate
https://www.natalibolgar.com,Legitimate
https://qrco.de/bfM5lK,Phishing
https://www.touchoffice.net,Legitimate
https://docs.google.com/presentation/d/18lpyyKAfzMM0lK3oXz1UeUoPf40waR3EhNH9ctjSgGA/pub?start=false&amp;loop=false&amp;delayms=3000&amp;slide=id.p,Phishing
https://fuiokwsaioteyfdv.weebly.com/,Phishing
https://www.567win005.com,Legitimate
https://controlzimbra.weebly.com/,Phishing
https://new.express.adobe.com/webpage/4NqcVPr2MTsSp,Phishing
https://abacus-oo-niku-shiki.web.app/,Phishing
https://www.dirtondirt.com,Legitimate
https://www.stojnemz.site,Legitimate
https://pub-6f13f8c100804c81ae3cb476ef619a6a.r2.dev/wrate.html,Phishing
https://sites.google.com/view/vetrf,Phishing
https://bit.ly/3XWUvoG,Phishing
https://jhugyfdxzsxfcgvhbjn.weebly.com/,Phishing
http://errorpagebanrural.pages.dev,Phishing
https://vnpostinfo.weebly.com/,Phishing
https://test2258-f1945.firebaseapp.com/,Phishing
https://us1.campaign-archive.com/?u=cf9a74a72e08120c091eaa4f1&id=1a3d9bcb2f,Phishing
https://www.ybrovbet77.online,Legitimate
http://inthecup.golf/,Phishing
https://www.epicwaterfilters.com,Legitimate
https://www.ctbyq.com,Legitimate
https://docs.google.com/presentation/d/e/2PACX-1vQqfA8KTZpL876qRJlO-scPzoo3Gc0h8PrE9ietG6IegpDolmqscjHK3-M977pbndgY_87Ni_3DIvOV/pub?start=false&amp;loop=false&amp;delayms=3000,Phishing
https://jpoux.gmgassicura.it/88g9lopdm/?456TY289HYU=45VGI90K2ED&x=SC,Phishing
https://www.buffstreams.cyou,Legitimate
https://www.katsbotanicals.com,Legitimate
https://new.express.adobe.com/webpage/oOL0y2XbGFIgB,Phishing
https://www.interracialcupid.com,Legitimate
https://www.wadhifti.com,Legitimate
https://docs.google.com/presentation/d/e/2PACX-1vSL7OYn-Idwh1h5zUb3GINTozzgD98q2y5_Xecy6IdSqAOg8Eg5kr3-8qH3bdmJZUoHIybpod4qTcka/pub?start=false&amp;loop=false&amp;delayms=3000,Phishing
https://www.betterwalls.com,Legitimate
https://www.step.dk,Legitimate
https://www.tromaxoficial.site,Legitimate
https://web-bpopular.webcindario.com,Phishing
https://www.vf55.cn,Legitimate
https://qrco.de/bfK8ps,Phishing
http://evri.ledruule.cfd,Phishing
https://tinyurl.com/lio-oli,Phishing
https://www.researchnow.com,Legitimate
https://www.andhrauniversity.edu.in,Legitimate
https://d34pt.weebly.com/,Phishing
https://www.msxf.com,Legitimate
https://docs.google.com/presentation/d/e/2PACX-1vRZL-0UULjTq8LhhZX7GnQD8C5EP3c-kLh-Udzbya1__rnN_AQ5_ej_Rjx9x2EivnwD3j4SCP5kzNyN/pub?start=false&amp;loop=false&amp;delayms=3000&amp;slide=id.p,Phishing
https://docs.google.com/presentation/d/e/2PACX-1vQYyE03UOh-vz7rEKHM5C5ZnCsyDZPGktlswzpqpT0fo_Cgvn64M1K5AwuFKIEuVSbN6tZTNmDbeasA/pub?start=true&amp;loop=true&amp;delayms=1000,Phishing
http://citramusi.co.id/?gclid=Cj0KCQjw98ujBhCgARIsAD7QeAhk7dddULSWP-bpqYHv_0nVUJ6R8kzx3sBVgWF33WvyNASDKcobcIkaAlE_EALw_wcB,Phishing
https://yvuybnuo.web.app/,Phishing
https://yanispede.client-pickups-sms.com/,Phishing
https://www.noitu.pro,Legitimate
https://www.hi-wife.com,Legitimate
https://versicherungsservicemfa-my.sharepoint.com/:o:/g/personal/riccardo_stollberg_versicherungsservice-mfa_de/EhK4rbZR_BtEvkRg3uU3H8EBcryYEqxE_4AMB3AdXMGPTA?e=5%3aoirbtj&amp;at=9,Phishing
http://ohbestdayever.com/,Phishing
https://q-r.to/bfKPQD,Phishing
https://www.anifit.de,Legitimate
https://www.bowenislandundercurrent.com,Legitimate
https://pub-cfba3e7d81b847b69459eff833c37fd5.r2.dev/index.html,Phishing
https://bit.ly/4d9MVwQ,Phishing
https://activar-bhd.webcindario.com/,Phishing
https://www.dnt-userreport.com,Legitimate
https://www.pretium.live,Legitimate
https://sites.google.com/view/gmxbxvxj/home,Phishing
https://www.1234ai.cn,Legitimate
https://microsotfcgd.treaneashi.sa.com/t5iwkb5s8s?id=ed4b16b433e430fc0f8b84-17de67d81d-3aa3cbc5d753-7831db513c9d98-6a8197bfb2ddf4-0a328cb2f135b13-81d0fb237334508-d679ee3a-531d282d7-9373e78d98-f2e3dd83c5f-e1c3580eada6-179b1ec7dedc0e46cbec,Phishing
https://www.howlatthemoon.com,Legitimate
https://www.cospix.net,Legitimate
https://www.emoji.gg,Legitimate
https://api.fooducate.com/fdct/message/t/?t=54C42724-DA59-F6E0-4F31-AD4CBDA50748&a=c&d=https://202307051011295385924.onamaeweb.jp/ionos.html#redacted@abuse.ionos.com,Phishing
https://pich252segurid.webcindario.com/,Phishing
https://webmail-cisco.web.app/,Phishing
https://www.probo-app.org,Legitimate
https://app.jotform.com/251471285855868,Phishing
https://credit-agricole6.firebaseapp.com/,Phishing
https://www.vesnamex777.com,Legitimate
https://www.linuxbigapps.com,Legitimate
https://www.sharptechmediasynergy.in,Legitimate
https://docs.google.com/presentation/d/e/2PACX-1vRfRJjOoIEtr2Oy5bYQca6uGlgfryOAUyWQvFp4ucBd2nHDgOs73bQLhenNJwOQQE1OFGXKBUksc2ZS/pub?start=false&loop=false&delayms=3000,Phishing
https://czcijctga.web.app/,Phishing
https://www.kraemer.de,Legitimate
https://www.zhangguoliang.cn,Legitimate
https://eu.jotform.com/app/251743608728363,Phishing
https://docs.google.com/presentation/d/e/2PACX-1vTBX8glsfTOq7XAWmc3Bcbo0vjD8fs2mNUUVhG3KzxRmexQKhDKeNxxh6sjFE-Y-7x69qghReYwmxcq/pub?start=false&amp;loop=false&amp;delayms=3000&amp;slide=id.p,Phishing
https://www.xivup.com,Legitimate
https://www.genovagare.it,Legitimate
https://docs.google.com/presentation/d/e/2PACX-1vQIzCUqDGV5iuU3Iv9T6kc5IZAyIMw86QjvAFNuAVvfOlfBf-B105eLpwe3NyX_apk_9DwKpB5IdgV6/pub?start=false&amp;loop=false&amp;delayms=3000,Phishing
https://www.studyinrussia.education,Legitimate
https://www.hive-cdn.com,Legitimate
https://www.viccolle.com,Legitimate
https://www.referral-factory.com,Legitimate
https://www.viisfxlg.com,Legitimate
https://www.gsp-fin.ru,Legitimate
https://www.upway.co,Legitimate
https://www.dokostola.sk,Legitimate
https://bit.ly/4igyIld,Phishing
https://new.express.adobe.com/webpage/ZN4JRxMDIwnYi,Phishing
https://www.carfaxonline.com,Legitimate
https://docs.google.com/presentation/d/e/2PACX-1vS9n2Tm4UPNC4jdKQ00ETcDHeKqyZB7ssw7asQScQN-_F84dyQb4V4jF7bHZEcir5-qnexLs5OZ3iVF/pub?start=false&amp;loop=false&amp;delayms=3000,Phishing
https://www.philps-home.com,Legitimate
https://us20.campaign-archive.com/?u=71db77c760c317b4b18517c38&id=bd108c031c,Phishing
https://linqapp.com/david_gray74,Phishing
https://www.denwa-nigate.com,Legitimate
https://docs.google.com/presentation/d/e/2PACX-1vSa1M5s2gvqFWqYU0e83BYzuewdoWFUAHiI31VVTHeYwIn0qunKqF9CIEQGPauZW8ccDVz3NUb1c5vP/pub?start=false&amp;loop=false&amp;delayms=3000,Phishing
https://qrco.de/bfB3sE,Phishing
https://www.aloeapteka.ru,Legitimate
https://docs.google.com/presentation/d/1vFV5uPuoAVDSq7xqJKym51yIm3hP560N55DTqIIorVo/pub?start=true&loop=true&delayms=3000&slide=id.p%3E,Phishing
https://vvvv775vv.weebly.com/,Phishing
https://www.ampclientportal.com,Legitimate
https://www.pinknails.ro,Legitimate
https://www.vodkaq.ru,Legitimate
https://www.fxpro.com,Legitimate
https://www.tongai888.co,Legitimate
https://mkm-rae.de/test1/auth/login,Phishing
https://l.ead.me/bfOFdk,Phishing
https://www.opinionstage.com/page/1f531c98-897d-4821-ac14-b37ed4ca048f,Phishing
https://www.numbersprotocol.io,Legitimate
https://www.campusx.in,Legitimate
https://www.speedmax.net,Legitimate
https://intelligent-screen-807543.framer.app/,Phishing
https://docs.google.com/drawings/d/1SvV_X0MKSRx4da7tBpa_d3iAiQStwf5H5x2u9UdUI00/edit,Phishing
https://zpr.io/zsWuZS2gPcm7,Phishing
https://talktalkrelogin.weebly.com/,Phishing
https://www.bladeandrose.co.uk,Legitimate
https://www.xvatit.com,Legitimate
https://l.ead.me/bfKKqk,Phishing
https://www.poleandperformingart.com,Legitimate
https://l.ead.me/bfUxnW,Phishing
https://www.topicbox.com,Legitimate
https://sites.google.com/view/currently-update2910/update,Phishing
https://matseguros.com,Phishing
https://ee-account-settings.web.app/,Phishing
https://docs.google.com/presentation/d/e/2PACX-1vSPNHAYb4ptcCupivPgJ4ML60pXb6_CGu0ZqRzXK_JGPonl4B9tOIH2nofHhbsJaeRfvHjo90CIFaKN/pub,Phishing
https://www.35.com,Legitimate
https://l.ead.me/bfQDiC,Phishing
https://www.chd.gov.in,Legitimate
https://docs.google.com/presentation/d/e/2PACX-1vR2GOHkpjIYYU9HSJSlQH0asVt1Mc9TXF-_yM_aHB-rKgI7Q88w5c_kzDO99UrNh70ZEbHDNqjAOqkh/pub?start=false&amp;loop=false&amp;delayms=3000&amp;slide=id.p,Phishing
https://q-r.to/bfbPDX,Phishing
https://www.eclaimlink.ae,Legitimate
https://www.freevpnext.com,Legitimate
https://www.cakeresume.com/s--s3bkYjeoFTmOLqqE2vdxyg--/mirabel-monique,Phishing
https://app.jotform.com/251742934717564,Phishing
https://confix-centrepages.pages.dev/,Phishing
https://docs.google.com/presentation/d/e/2PACX-1vRINqib2EcMozgNXNzGTuXph2rIe0C1TaUgE-6ErXBzWjjWrbXpnQyzgY6uOrhjGk2O5Fvq7qyM64Jq/pub?start=false&amp;loop=false&amp;delayms=3000,Phishing
https://www.google.com/url?q=https%3A%2F%2Fsurelink11.lon1.cdn.digitaloceanspaces.com%2Findex.html&amp;sa=D&amp;sntz=1&amp;usg=AOvVaw3rXRn1aBNQEK3SImdUCJpZ#a@b.com,Phishing
https://www.stkevins.vic.edu.au,Legitimate
https://bit.ly/3C4zrpx,Phishing
https://qrco.de/bfNxy1,Phishing
https://tinyurl.com/mutapukt,Phishing
https://www.hyundai-motor.com.tw,Legitimate
https://allegrolokalnie.pl-oferta817394834.cfd,Phishing
https://www.kayakalpglobalpsoriasis.com,Legitimate
https://www.monix.cz,Legitimate
https://bit.ly/4aI72T6,Phishing
https://www.eis.at,Legitimate
https://www.qdticket.cn,Legitimate
https://www.toys4less.com,Legitimate
https://www.connecteu.rs,Legitimate
https://barajtrading.com/,Phishing
https://porezna-uprava-8f75b.web.app/,Phishing
https://sites.google.com/view/sdtukp/home,Phishing
https://www.lumiproxy.com,Legitimate
https://academi-arena.web.app/,Phishing
https://l.ead.me/bfKNhi,Phishing
https://docs.google.com/presentation/d/e/2PACX-1vRyoSNALNmp52xHpjtFoBnv_RsEZeHarPQdu5KHacT58X4nyDQd1GQOU9lTtxvBOY_ebMey8Sanhk3I/pub?start=false&amp;loop=false&amp;delayms=3000,Phishing
https://www.javsemi.com,Legitimate
https://www.spy77e.online,Legitimate
https://eabokbeobokok.firebaseapp.com/,Phishing
https://c36c368022d.blogspot.com/,Phishing
https://www.hakush.in,Legitimate
https://www.sunlott.org,Legitimate
https://step4-30f38.firebaseapp.com/,Phishing
https://jkvgf.numina.cfd/HnodWnfEpQOjMnhEVdyubth,Phishing
https://nnfems.com/Webmail/10/Webmail/webmail.php,Phishing
https://www.wishuponmagic.com,Legitimate
https://www.vipdisc.net,Legitimate
https://www.dnsbel.com,Legitimate
https://www.unlimitedbrands.de,Legitimate
https://bdbwagptx.web.app/,Phishing
https://www.dnssec-domains.com,Legitimate
https://belryx-derik-syton.pages.dev/,Phishing
https://www.kharkivrada.gov.ua,Legitimate
https://www.infodost.com,Legitimate
https://www.abricoff.com,Legitimate
https://bit.ly/4iGI4pJ,Phishing
https://www.audacityteam.org,Legitimate
https://www.recollectsideway.com,Legitimate
https://www.netplanet.at,Legitimate
https://west-net-webmail.weebly.com/,Phishing
https://pub-5537a9d77c064a0099b3040a09577445.r2.dev/index.html,Phishing
https://docs.google.com/presentation/d/e/2PACX-1vSRaWkuESi0SrMVzMDVJf1QABVnoNjPuYDCs0klVeTQfs_WS-53POoILysdoLXsvngFrELnpXk3Y5Oh/pub?start=false&amp;loop=false&amp;delayms=3000,Phishing
https://www.seerey.com,Legitimate
https://docs.google.com/presentation/d/e/2PACX-1vSkQC3zDved4ayqzz6VcSvuHPXp3i0geZU0THGMOUhXmc_9rtrRkNzH1UsNxTiY3x00v_MvjPn_XHPI/pub?start=false&amp;loop=false&amp;delayms=3000&amp;slide=id.p,Phishing
https://l.ead.me/bfK4Pv,Phishing
https://docs.google.com/presentation/d/e/2PACX-1vR47jmtBGaRz6QB0AJp4GdBoFIHuAx6lNU9cbK6DX8WTDzvHer4_Sbc9c_PVqor6PuOKFkC0UlVQeuU/pub?start=false&amp;loop=false&amp;delayms=3000,Phishing
https://cpcalendars.20-171-168-111.cprapid.com/app?page=signin&amp;unique=6441a3659680c99ffd481366d5220cd1,Phishing
https://new.express.adobe.com/webpage/OtqRwGCWeQpd6,Phishing
https://ingrammguxkqh.blogspot.com/,Phishing
https://www.woxidj.cc,Legitimate
https://shinkoniab.com/izrkqoieylq/nyzninwuzfevhq/jcxgupqpvw/sgsuuh/selectState,Phishing
https://us19.campaign-archive.com/?u=8befc924df70a303e86d0e4d0&id=939e14d5fa,Phishing
https://www.ey.net,Legitimate
https://www.mayflowerdistributing.com,Legitimate
https://www.dropbox.com/scl/fi/6y1pomkzgd1t1qfl6iuky/Sign-in-to-your-currently.com.paper?rlkey=6qap3os5h9ilckq6r1c81ek1p&st=ae5dok7o&dl=0,Phishing
https://www.sweat.com,Legitimate
https://www.illustratedfaith.com,Legitimate
https://www.cse.lk,Legitimate
https://www.metal-shop.it,Legitimate
https://bit.ly/49njVBj,Phishing
https://www.simokita.org,Legitimate
https://pub-f3078c43a6c04ee2b01bc1a2cd5033d0.r2.dev/index.html,Phishing
https://sites.google.com/view/verifiedcodecod/home,Phishing
https://docs.google.com/drawings/d/1TDFlbzLM-8RRrBpO2AMlNsHreBb-WAJxgEFPpIXLhCY/edit,Phishing
https://www.apci.org,Legitimate
https://www.icxq.com,Legitimate
https://www.e-oferta.ro,Legitimate
http://site9626798.92.webydo.com/,Phishing
https://roductsincludingepositaccountsspeaking.weebly.com/,Phishing
https://www.dropbox.com/scl/fi/319g38pyi3f5mflg1isb1/Welcome-To-BT-Dropbox.papert?dl=0&oref=e&r=ACMMlEHYUwrC5Y1scwvLvlmMlSfmRcUvPDxi4ZQfnZt-X_TbGank-5tqU8-GywMcPMeBExhtp-aEn0qnOXx2hdJd1pVzmjwX-hxubXnV2avDUTpgn5lMiR-6yDU9-v2Xn0c7GBMPa25lPH3z9zViNn-aN45fwvUIwkvPbFuEQaRELMMYO9eTo2TBPX6171VY1vg&sm=1,Phishing
https://qrco.de/bfDydJ,Phishing
https://www.gornovosti.ru,Legitimate
https://www.xchange.box,Legitimate
https://pub-0f9c926c063d4b3d9889bb88535b80b3.r2.dev/index.html,Phishing
https://q-r.to/bfFGz9,Phishing
https://www.dorks.com.au,Legitimate
https://l.ead.me/bfNcil,Phishing
https://www.systeme-mr-point.info/,Phishing
https://docs.google.com/presentation/d/e/2PACX-1vSmktMa-i8vZGJ6-V8do0whtR-R1laOxOt_jFoPCGISkDOEIkHXJMjgDUPNyescn1s2kk-UDaw1xPRN/pub?start=false&amp;loop=false&amp;delayms=3000,Phishing
https://www.amonitoring.ru,Legitimate
https://www.rpages.com.br,Legitimate
http://allegro.pl-oferta7833346.rest,Phishing
https://engineersclubindia.com/?gclid=CjwKCAiAoL6eBhA3EiwAXDom5h0PISVIDP5INkpYM97eU_7uS57bdkYhBu8lU19S-BqdN4vbd4rFxxoC_5wQAvD_BwE,Phishing
https://q-r.to/bfGd9N,Phishing
https://www.cashkinggame.com,Legitimate
https://www.hbl.de,Legitimate
https://pub-225d7290d0da4d5e8555183cd264a146.r2.dev/index.html,Phishing
https://www.qcxtl.cn,Legitimate
https://www.plasticsurgeonmonisha.com,Legitimate
https://www.tsss.site,Legitimate
https://www.viewsoniceurope.com,Legitimate
https://www.afr.com,Legitimate
https://www.voy-sharkfinpg.com,Legitimate
https://bit.ly/472wQr9,Phishing
https://www.popular-archaeology.com,Legitimate
https://www.agroklub.rs,Legitimate
https://www.testydlainstruktora.pl,Legitimate
https://q-r.to/bfUEu7,Phishing
https://racspace12.weebly.com/,Phishing
https://www.google.com/amp/s/cgncollege.com/ds,Phishing
https://www.uf204.com,Legitimate
https://battsrealestategroup.com/?f=,Phishing
https://www.seafood200.xyz,Legitimate
https://pub-4525eefde2ba4fc7beb9340e26fd9fc3.r2.dev/index.html,Phishing
https://www.familysearchcdn.org,Legitimate
https://www.ladkibahiniyojana.com,Legitimate
https://www.charlestyrwhitt.com,Legitimate
https://www.qml.com.au,Legitimate
https://us5.campaign-archive.com/?u=8137aea4e7eefff02799f3b45&id=a3b2d1995b,Phishing
https://www.s1gf.de,Legitimate
https://www.rhnet.is,Legitimate
https://www.viproyale.de,Legitimate
https://rect-univ.firebaseapp.com/,Phishing
https://www.trustguard.com,Legitimate
https://w2-geiuhsewhoictwuhetiuhwie.cloudd1.workers.dev,Phishing
https://t.co/go4c89IVNK,Phishing
https://www.jobespresso.net,Legitimate
https://q-r.to/bfQoVf,Phishing
https://www.eromanga-jkschool.com,Legitimate
https://t.co/L4X9LWM02C,Phishing
https://www.wavebluecollection.com,Legitimate
https://docs.google.com/drawings/d/1-shdqgskrWRN23TrAWR8SmVbTBCTRpEplS6-_GjS-cw/edit,Phishing
https://pub-d287cacecb2747bbb10bf5f1dce1a9f8.r2.dev/index.html,Phishing
https://www.24xtra.hu,Legitimate
https://www.winehq.com,Legitimate
https://docs.google.com/drawings/d/1qJAnexFFfvZurxWR6CwuSZIbdfAB88dmgOAXkENWxfk,Phishing
https://share-eu1.hsforms.com/1vXl3AmqbSB6kuSZ9Ydc0VQ2fmfpn,Phishing
https://tinyurl.com/3wm4pkcf,Phishing
https://docs.google.com/presentation/d/e/2PACX-1vSM30J9RXX-fR17jtpuzNvg5iZ1YWASs47z9c5O2Z5EnW35KgDLHtKBw7ZIP6vUhGkoU-1TP1Ffs7pa/pub?start=false&amp;loop=false&amp;delayms=3000,Phishing
https://www.ahapiservice1.uk,Legitimate
https://www.takeprofittrader.com,Legitimate
https://www.xxxvideo.rodeo,Legitimate
https://www.megacam.at,Legitimate
https://www.suomenkuvalehti.fi,Legitimate
https://about.me/safemailboxupdate,Phishing
https://qrco.de/bgMQhl,Phishing
https://www.myidentifiers.com,Legitimate
https://www.bxtianyi.com,Legitimate
https://pub-77df98259b4542448ce4d1ead679c942.r2.dev/index.html,Phishing
https://www.mcd-holdings.co.jp,Legitimate
https://pub-8f9d3979db924ad39f609dabe7f4a849.r2.dev/index.html,Phishing
https://www.1bandar.center,Legitimate
https://redinvolved.systeme.io/,Phishing
https://l.wl.co/l?u=https://qr-codes.io/F9DY3z,Phishing
https://www.civivi.com,Legitimate
https://www.7y142295.com,Legitimate
https://www.kyrjoffice.com,Legitimate
https://l.ead.me/bfeYdf,Phishing
https://www.talktalkgolf.com,Legitimate
https://www.sweeps4all.com,Legitimate
https://1919102.weebly.com/,Phishing
https://owa-europa-uni-de.weebly.com/,Phishing
https://www.openphone.com,Legitimate
https://bit.ly/3WayLVA,Phishing
https://bit.ly/4a2SviP,Phishing
https://www.kinosmile.pro,Legitimate
https://qrco.de/bfesNZ,Phishing
https://q-r.to/9l80sleajje1,Phishing
https://www.fvsu.edu,Legitimate
https://helpid984739571849185962851.firebaseapp.com/,Phishing
https://www.federalreserve.org,Legitimate
https://www.servicecanada.gc.ca,Legitimate
https://app.jotform.com/251705504706554,Phishing
https://bit.ly/4f4pLt8,Phishing
http://millions-nest-deafening.on-fleek.app,Phishing
https://spk.de-8979xio09.info/,Phishing
https://abvbg-101004.weebly.com/,Phishing
https://www.nicaraguainvestiga.com,Legitimate
https://www.fprimecapital.com,Legitimate
http://www.gzc.kyx.mybluehost.me/https/atts/sbc/att-detai/?$web_only=true&_branch_match_id=1357226591087172226&utm_medium=marketing&_branch_referrer=H4sIAAAAAAAAA8soKSkottLXt0guL0nVSywo0MvJzMvWT9VPLCmpAAB7CGSlHQAAAA==/,Phishing
https://docs.google.com/forms/d/e/1FAIpQLSd9os_qd-BycQJy6K0HSprpUth3FprcXuXBw9ooU3uJCle2kw/viewform?usp=send_form,Phishing
https://www.choisir-horaire.com/,Phishing
https://att23net.weebly.com/,Phishing
https://www.mumara.com,Legitimate
https://kemlugo.weebly.com/,Phishing
https://docs.google.com/presentation/d/e/2PACX-1vR5Q630suwWpieWChdNQX-0Y8BjwBUWEBvVP8K2k98NfTJy4baKg7oMhggkrdEfLRwLq7piOEn6QiKS/pub?start=false&amp;loop=false&amp;delayms=3000,Phishing
https://qrco.de/bfJNYV,Phishing
https://forms.office.com/pages/responsepage.aspx?id=DQSIkWdsW0yxEjajBLZtrQAAAAAAAAAAAAO__WN1clNUMFBNSFU5NENVT1JYOEdOQ1BQNlRSOUEwTy4u&amp;fbclid=IwAR0N9OI5-QBX4QrPtLB5XnBvt-reWrE4w1Xyyq7kPvu0fPyA7D4tc5Udw_4,Phishing
https://castillodetabernas.com/,Phishing
https://www.arizo.org,Legitimate
https://www.ilcommiato.it,Legitimate
https://www.febbry.xyz,Legitimate
https://cmn-28797016380.southamerica-east1.run.app/,Phishing
https://www.shecodes.io,Legitimate
https://www.fastretailing.io,Legitimate
https://www.gracemedia.app,Legitimate
https://www.bitstop.ru,Legitimate
https://l.ead.me/bfEQPx,Phishing
https://us2.campaign-archive.com/?u=bb0d5f5dcd4d9f56b88aa4f6d&id=ae5ff1d56a,Phishing
https://docs.google.com/presentation/d/e/2PACX-1vRrfRm4w_uI6L0398Q8Yw4C1crmmqZ4uk3WbV002XzHaAa0oGg1kltYRXnXaTLKqQU-GEC6Fs9sICLW/pub?start=false&amp;loop=false&amp;delayms=3000,Phishing
https://mlv0arwm.forms.app/nwvoicmail,Phishing
https://l.ead.me/bfPXNj,Phishing
https://www.esc11.net,Legitimate
https://u5a11.weebly.com/,Phishing
https://www.pornuniform.com,Legitimate
https://www.banbiao.cn,Legitimate
https://www.jhghnb.com,Legitimate
https://drinktastingservicefr.firebaseapp.com/,Phishing
https://www.buahmangga.com,Legitimate
https://www.dxfs-china.com,Legitimate
https://www.kyivcity.gov.ua,Legitimate
https://q-r.to/bfOPLV,Phishing
https://lsqvfcnjfo.com%E2%88%95xgyMDGG%E2%88%95NlWXDnQRVu%E2%88%95xKkCW@ewdayqf.cn/NOx08s/settings/OfQw7/subscription/vVv-P0doTBOihR8/zUBHyho/billing/I0SX68E/notifications/V88dWtcEqX6h/rrUrRY8/notifications?device=mobile&amp;utm_source=newsletter&amp;user_agent=zKgSiwp1TT&amp;ref=Od0ibsRe,Phishing
https://www.launcestonconcrete.com,Legitimate
https://storage-set-lee.web.app/,Phishing
https://www.e7092.cn,Legitimate
https://www.zshzx.com,Legitimate
https://www.poptech.org,Legitimate
https://www.protogel.com,Legitimate
https://www.it-miass.ru,Legitimate
https://www.hospitablehall.com,Legitimate
https://q-r.to/bfMjjB,Phishing
https://www.westin-fishing.com,Legitimate
https://t.co/Ycu4F8fr0j?ssr=3Dtrue,Phishing
https://www.ufalivesport.com,Legitimate
https://docs.google.com/presentation/d/e/2PACX-1vQUVlqvRHt3JCrdLGSTkkCYCWqwYavBTTA1XdAWxWyxdk1SVQurj-Uw8rcIOy0z5n2o-d5FWr83UI_s/pub?start=false&amp;loop=false&amp;delayms=3000,Phishing
https://www.brandygo.com,Legitimate
https://l.wl.co/l?u=https://qrco.de/bfI7IsSmckSoviiasgwegr,Phishing
https://uploads.strikinglycdn.com/files/3b3d9518-0099-4eb2-809f-d045a111a550/reglement_tombola_Domaine_du_Port2.0.pdf?t=1704638177&amp;id=4091046,Phishing
https://www.2bwin.cn,Legitimate
https://q-r.to/bfeL6I,Phishing
https://www.econoprecios.com.pa,Legitimate
https://www.neogaf.com,Legitimate
https://www.tmr.qld.gov.au,Legitimate
https://www.gzzjyy001.cn,Legitimate
https://mugj.accountissuefix.cfd/v9/l4/app/vue/logiun/mugj?cid=465241574445521545,Phishing
https://www.homesec.ai,Legitimate
https://www.swasabers.com,Legitimate
https://www.idcfcloud.net,Legitimate
https://www.biggamesapi.io,Legitimate
https://www.blackhole.mx,Legitimate
https://www.ghsezx.cn,Legitimate
https://twfri.numina.cfd/NmodWnfEpLpjMnhEVdy45th,Phishing
https://sdfgfdgh.icu/ra18gwae/5zwcEw/X8yKii,Phishing
https://www.airgigs.com,Legitimate
https://docs.google.com/drawings/d/1fI2A7hArFYYDYYWYdU5AFlNUgPZB2OgORZaBLMGLBHg/preview?79a14fb1-325b-48a8-9fae-b5286f52be8b,Phishing
https://syracuseuniversityemailverificationupdate.ukit.me/,Phishing
https://l.ead.me/bfMK1t,Phishing
https://id48572394823472512.web.app/,Phishing
https://docs.google.com/presentation/d/e/2PACX-1vTy7Uf9-9uMyg53jy-oScGnY90rE3EHO4tYlasUxIlyG_l798XpYHg1EH8MIAuVAUD10g6l2kgBkeeu/pub?start=false&amp;loop=false&amp;delayms=3000,Phishing
https://qrco.de/bfN6tC,Phishing
https://www.albonishop.com,Legitimate
https://docs.google.com/presentation/d/e/2PACX-1vQQDL_q4kfy0NOttCq5Zkiv920B3kENh9CdHkPwhIk8PgvvvEO0d8ZjPjMT4NWCLE4vFrTH1ruhb3pY/pub?start=false&amp;loop=false&amp;delayms=3000,Phishing
https://pub-f9a5c0a6eb6f4ccdae33c7dfb02df452.r2.dev/index.html,Phishing
https://www.ixxxnxx.com,Legitimate
https://jhucgajukrvhauskjvuweyi-wgsxjyhjhwcs.teemill.com/,Phishing
https://help-support-start-trezrio.typedream.app/,Phishing
https://bravauce-gold.web.app/,Phishing
https://biezkolnjkla.firebaseapp.com/,Phishing
https://q-r.to/bfMtrV,Phishing
https://mensajedevoz.weebly.com/,Phishing
https://www.benneredeyim.com,Legitimate
https://securetelstraaccount.weebly.com/,Phishing
https://www.jaksta.com,Legitimate
https://www.tasheelfinance.com,Legitimate
https://inbio.me/httpspetadawnrichardswixsitecommy-site-1,Phishing
https://arreterlesdegbachi.firebaseapp.com/,Phishing
https://www.koselugosavings.com,Legitimate
https://www.fiorisofas.com.br,Legitimate
https://orangevocale13.wixsite.com/my-site,Phishing
https://www.comsellsov.click,Legitimate
https://www.cctv102.cn,Legitimate
https://www.samhallsportalen.se,Legitimate
https://www.kkxs7.com,Legitimate
https://fact-chorus.webflow.io/,Phishing
https://www.ugel02.gob.pe,Legitimate
https://www.cxgenie.app,Legitimate
https://new.express.adobe.com/webpage/MutBNIegk2fAx,Phishing
https://dkvvwj.com/login,Phishing
https://www.desaltm.in,Legitimate
https://www.a-n.co.uk,Legitimate
https://www.mailcoach.app,Legitimate
https://www.instgram.com,Legitimate
https://www.lucerne-baseball.ch,Legitimate
https://bestesgrous.firebaseapp.com/,Phishing
https://infinitytasker.com/,Phishing
https://www.axagroup.sk,Legitimate
https://reservations-09-1318069902.cos.sa-saopaulo.myqcloud.com/reservations.html?,Phishing
https://tinyurl.com/3zf7cuxd,Phishing
https://www.legalon-cloud.com,Legitimate
https://www.sensilis.com,Legitimate
https://www.sitaramstationers.com,Legitimate
https://www.skk.moe,Legitimate
https://www.zithromaxotc.com,Legitimate
https://docs.google.com/presentation/d/e/2PACX-1vT7POGzhhbgHeFLSOb79Vwrxm9dnRH3tHBjUDaKXiZjtr6ZjiQ0KLWZ9jMWKEjss7j0hFkgMVJco3tg/pub?start=false&amp;loop=false&amp;delayms=3000,Phishing
https://www.puiulmamii.online,Legitimate
https://www.tevia.ru,Legitimate
https://www.iloe.ae,Legitimate
https://www.fast2load.ru,Legitimate
https://www.xn--80aedi5cdeij5i.xn--p1ai,Legitimate
https://www.japanlureshop.com,Legitimate
https://www.webshark.biz,Legitimate
https://to.lk/FaHBIe,Phishing
https://www.diasporamessenger.com,Legitimate
https://justfancee.com/coiint,Phishing
https://q-r.to/bfGZHR,Phishing
https://metafb-z2bpmk7.web.app/,Phishing
https://www.triptoporn.com,Legitimate
https://pub-24c17749b70d42d8b2b5534e6ad64fdb.r2.dev/owa-web.html,Phishing
https://www.manner.com,Legitimate
https://histriasdeensino.org/,Phishing
https://sosdogs.es/we-love-dogs-2024/,Phishing
https://www.u5u8dt.com,Legitimate
https://fm-a064f.web.app/,Phishing
https://www.gixx.cn,Legitimate
https://www.mci4me.at,Legitimate
https://docs.google.com/drawings/d/1Ze2nnWqDALsaE2aheJL9m7sqQNZKPTglmxljeVJZOPo/edit,Phishing
https://q-r.to/bfIqUD,Phishing
https://q-r.to/ce7d40ffd230435f4be05ddeb3db62b1,Phishing
https://www.woel-hwang.com,Legitimate
https://hostalamengual.cl/plala.index/jpn/webmai1/index.php,Phishing
https://www.runkit.com,Legitimate
https://www.mods-android.ru,Legitimate
https://qcyls.troniva.cfd/pdsdo50mc46rMmmbucn70t,Phishing
https://ina.am/t97Ly,Phishing
https://www.infohandler.com,Legitimate
https://www.intendit.se,Legitimate
https://pub-d6d61a1c2aed4d8bbc46e0a32bfde07a.r2.dev/index.html,Phishing
https://www.balalaek.net,Legitimate
https://2fhb0c.share-eu1.hsforms.com/207DmM6J_TwqosIcAwMrwMw,Phishing
https://www.grantinghairwishes.net,Legitimate
https://www.super-gs.com,Legitimate
https://www.ox8ibx.com,Legitimate
https://docs.google.com/presentation/d/1rw4Si6n09ngZaAXoQGG-0yVMLCF0F7S1uI0JyUAJEK8/pub?start=false&amp;loop=false&amp;delayms=3000,Phishing
https://l.ead.me/bfEwxd,Phishing
https://www.wonplay888web.net,Legitimate
https://ee-repayment-update.web.app/,Phishing
https://l.ead.me/bfN9nf,Phishing
https://www.cerebralpalsyguide.com,Legitimate
https://www.bbtenglish.com,Legitimate
https://www.polishforums.com,Legitimate
https://www.meayart.com,Legitimate
https://www.bonterratech.com,Legitimate
https://spzia.com/index/passport/login.html,Phishing
https://q-r.to/bfVGXp,Phishing
https://sites.google.com/view/protection-center?re&amp;ct=t&amp;mc_cid=dQf9NpsTXyt8&amp;mc_eid=326685592078981,Phishing
https://docs.google.com/presentation/d/e/2PACX-1vQrw6TTkdHtOmU3Y-65d7fgQH0vVUMXRHzv62ByPOB2t5N9XLiaDLdhdoFzO0CG5WD1P6wWkuYr45ZO/pub?start=false&amp;loop=false&amp;delayms=3000,Phishing
http://allegrolokalnie.pl-urzadzenia-92472.cfd,Phishing
https://www.kurantarim.com.tr,Legitimate
https://t.co/w32nk8mbEx,Phishing
https://www.taminglittlemonsters.com,Legitimate
https://www.tabesto.com,Legitimate
https://www.architecturefoundation.ie,Legitimate
https://www.qcwm.com.cn,Legitimate
https://www.da-f.us,Legitimate
https://bzzrecttfii2.web.app/,Phishing
https://hdhdhd11.wixsite.com/my-site-1,Phishing
https://www.yemenarchive.com,Legitimate
https://www.francetvpro.fr,Legitimate
https://hotm.art/sw93754935097,Phishing
https://qrco.de/bfTdrV,Phishing
https://us6.campaign-archive.com/?u=72d5da806f13e82fbae02d7f1&id=6812e8a8c9,Phishing
https://www.tretorn.eu,Legitimate
https://docs.google.com/presentation/d/e/2PACX-1vRE-pq14xPLmVV6T3kZuY1TCurUtG_NFiZMHZlNNzQdDAvp9e_V2xvjyEZLhH4cUuxVNCN86qFE7ls0/pub?start=false&amp;loop=false&amp;delayms=3000,Phishing
https://docs.google.com/presentation/d/1bJw8vwLP3oPFKtnLVxoiDywuz6nS3bVg3gcTgajkO8A/pub?start=false&amp;loop=false&amp;delayms=3000,Phishing
https://l.ead.me/bfJ43Y,Phishing
https://www.bdgbet482.com,Legitimate
https://qrco.de/bfJXZW,Phishing
https://www.730294994.com,Legitimate
https://absf4csecurity.co.za/LsdhsOP,Phishing
https://reurl.cc/mYE5Q9,Phishing
https://meeting-bonus.firebaseapp.com/,Phishing
https://l.ead.me/bfZu47,Phishing
https://starkware-malicious-dapp.pages.dev/,Phishing
https://qrco.de/bfYQrj,Phishing
https://www.edr.com.mx,Legitimate
https://www.vega.ge,Legitimate
https://pub-fe2732f0fa494bff9409ec9a9eea207e.r2.dev/index.html,Phishing
https://share-na2.hsforms.com/1SErw4a56Tfe_BLFMivQHIg40cpqe,Phishing
https://pub-6081b1a66a5f49a19c8e826f7e7870be.r2.dev/index.html,Phishing
https://www.funnycrests.com,Legitimate
https://www.sub.lol,Legitimate
https://q-r.to/bfHKOY,Phishing
https://qrco.de/bfcC8N,Phishing
https://www.resolvetech.co.za,Legitimate
https://ecuadorlcentivo.webcindario.com/?fbclid=IwY2xjawOHFT1leHRuA2FlbQIxMABicmlkETFwWWxraEpKbU16YmttTjB0c3J0YwZhcHBfaWQPNTQxNjM5NDkzODg5MDI1CGNhbGxzaXRlATIAAR4YRg1znLgbXRkOAGxeHsLvMYC4c1mUzDcVIfP4euB7ZelJK5IDXyqKAaSeHA_aem_wz5B6Xi91qJYAhciW9Vbug,Phishing
https://www.davidsklee.com,Legitimate
https://www.jkgroup.ir,Legitimate
https://sites.google.com/view/cuscatlansvpro,Phishing
https://www.kilowatt48.ru,Legitimate
https://qrco.de/bfJA3E,Phishing
https://www.bauerdcs.io,Legitimate
https://siggnonnatto-mygovv.web.app/,Phishing
https://sloukdsl.web.app/,Phishing
https://www.hdbank.com.vn,Legitimate
https://scanned.page/p/0QB1iA?id=xdC61Saze4,Phishing
http://allegrolokalnie.oferta42753.icu,Phishing
https://www.upenn.edu,Legitimate
https://www.wordize.app,Legitimate
https://l.ead.me/bfJYT4,Phishing
https://petipede.pickupstransit-app.com/as.php,Phishing
https://app-uksouth-sit-ods-bankruptcy.azurewebsites.net/,Phishing
https://www.new8866.club,Legitimate
https://www.enolvadex.online,Legitimate
https://cl-uc.weebly.com/,Phishing
https://flowcode.com/p/e8ouZT0yRY?fc=0,Phishing
https://7832.weebly.com/,Phishing
https://www.myisp.live,Legitimate
https://eslorg.weebly.com/,Phishing
https://www.uplinkbrasil.com.br,Legitimate
https://l.ead.me/bfUXPY,Phishing
https://www.philsp.com,Legitimate
https://new.express.adobe.com/webpage/93lzFAMoBWU0R,Phishing
https://www.zhengxingzhijia.com,Legitimate
https://pub-87487eecfa8b4adfa94445ca010325e3.r2.dev/index.html,Phishing
https://tinyurl.com/CreditosOnline-BDV,Phishing
https://docs.google.com/drawings/d/1ofKqqQGjjJZbw3NefVYbNVsJMrK2dl86GArUmZ_LXIw/edit,Phishing
https://bilhete-viva.vercel.app/,Phishing
https://www.initiativeemulate.com,Legitimate
https://www.yuanball.com,Legitimate
https://www.jovetech.com,Legitimate
https://addlzim.weebly.com/,Phishing
https://docs.google.com/presentation/d/e/2PACX-1vTol5JtE-X-HtoUKn5FbquWW0Ow7kNQ18HeDM3EmdTCVwbRxneuSKX_Yin1fo-0nuAZZ9wVj6LWv5N1/pub?start=false&amp;loop=false&amp;delayms=3000&amp;slide=id.p,Phishing
https://www.keijinkai.com,Legitimate
https://www.lika-online.hr,Legitimate
https://trialsupportpage.weebly.com/,Phishing
https://medrpt-ar.weebly.com/,Phishing
https://docs.google.com/presentation/d/e/2PACX-1vREmCWh4q3kv7rjulROi6dMRzt4jEUCktJYMdLxQnx4Tj3YSJfTFP62XboJO1luvkRoet7InnCXOXKT/pub?start=false&amp;loop=false&amp;delayms=3000,Phishing
https://t.co/F1EterWM3G,Phishing
https://bhtexas.wixsite.com/my-site,Phishing
https://www.joueclub.fr,Legitimate
https://docs.google.com/presentation/d/e/2PACX-1vTS2YWdvjEPixkWtaLf1YwFKN7LDDVgnTuDWL5QMaoFOvux04YDRWeg6mHWvUzQGYHzXEdfnfbANIDv/pub?start=false&amp;loop=false&amp;delayms=3000,Phishing
https://docs.google.com/presentation/d/e/2PACX-1vSTZROXwg6eZMnw0cduCGbMzCoYdPQ7qvHUmxUpDKiIse3X-0LNvbPRNigh1c7mHCGyxOoTB5kEz3MV/pub,Phishing
https://l.ead.me/bfIqUD,Phishing
https://www.derkeiler.com,Legitimate
https://www.ksu.edu,Legitimate
https://www.jw8thai8.com,Legitimate
https://www.kuroco.app,Legitimate
https://www.coquitlam.ca,Legitimate
https://www.tiklxv.com,Legitimate
https://www.jobrasta.com,Legitimate
https://www.priem.menu,Legitimate
https://1mx5j.trk.elasticemail.com/tracking/click?d=2GGshomNojAjEUUl3KhZs-Nb-ps427-7jIlopbiT7AqGNHY7UwuuvHSQMZWj5hEnUQjIof8bBDxF_rj7ML8pWM2SWNhpCnlOam1MkPzHKNS2_9iZ830iavikMY47iHlh-UrxwgRNfz2GabpWa1rbdfA1#aW5mb0B3aWstaW50ZXJuYXRpb25hbC5kZQ=,Phishing
https://www.stortinget.no,Legitimate
https://www.uj9gj3r.com,Legitimate
https://www.thecolumbiastar.com,Legitimate
https://www.gmm-tv.com,Legitimate
https://www.ambientcg.com,Legitimate
https://www.afritunes.net,Legitimate
https://new.express.adobe.com/webpage/qpKJnO95LjURd,Phishing
https://www.ph888bet.vip,Legitimate
https://www.dropbox.com/scl/fi/brqadvxzuxvke3j75kw42/Kindly-update-your-ATT-Support-to-avoid-email-shutdown-permanently.paper?rlkey=wdljilb8rxmo9eb5s4vy1qjcr&dl=0,Phishing
https://docs.google.com/presentation/d/e/2PACX-1vRgQf_fPssywMO8M6u0PirbL2Eg1E2TC6kM76leBFlEzYqwxpsA3jVKgYhdeEezT2H1rGbY40fxZUq8/pub?start=false&amp;loop=false&amp;delayms=3000,Phishing
https://www-mercredi-pickup.com/as.php,Phishing
https://rp.mockplus.com/run/kSb64fsgju/p4sshEiaqd/backToHead?cps=hide&dt=none&ha=1&la=1&nav=0&out=0&rps=hide&rt=0&as=true,Phishing
https://respond.forms.app/servicelaunched,Phishing
https://docs.google.com/presentation/d/e/2PACX-1vRILZ6ZQB7PrVvkIcxragLbcaWsuHSrOOGZescHzaOq8dlECEnhR4dX7jmIkMMZ_S_Hp926wHIaqfXi/pub?start=false&amp;loop=false&amp;delayms=3000,Phishing
https://8digitalvfcu.weebly.com/,Phishing
https://www.kik.cat,Legitimate
https://www.dnspay.com,Legitimate
https://wbipprovincia13.webcindario.com/,Phishing
https://updatepagenew.activehosted.com/f/1,Phishing
https://www.stonewallkitchen.com,Legitimate
https://bafkreicy7ht4ohaynzwjaq2wqfj3eqnho3uqckbgdimdvwjpd53d2uj72u.ipfs.dweb.link/,Phishing
https://www.zaporizhzhia-future.com.ua,Legitimate
https://share.hsforms.com/20SMXeTxKTvOe9_YQV47XEgtfgle,Phishing
https://www.wavescdn.com,Legitimate
https://www.affoom.com,Legitimate
https://debrafieldcorpfr.firebaseapp.com/,Phishing
https://national-filing-service.com/,Phishing
https://info-instruction.com/,Phishing
https://www.cnshosting.co.uk,Legitimate
https://www.consolevaultpro.com,Legitimate
https://orangeeurope89.wixsite.com/verification,Phishing
https://us6.campaign-archive.com/?u=6c500efc8b8ce2caef11e353a&id=b5e5f6d2cb,Phishing
https://www.ysskoprusuveotoyolu.com.tr,Legitimate
https://www.plumperthumbs.com,Legitimate
https://www.jibing120.cn,Legitimate
https://www.mtltimes.ca,Legitimate
https://profsateion-c001250.firebaseapp.com/,Phishing
https://www.bc777.game,Legitimate
https://www.jliedu.ch,Legitimate
https://www.nscluster.no,Legitimate
https://www.buceta.com,Legitimate
https://docs.google.com/presentation/d/e/2PACX-1vTkLBsW3ENmgnK8eaRVzFwFFkYUCJfpb_h-NX3GveC3nNBNn3nbn4Xl0QQlgZlQTHbP7klZBKnX_Qd7/pub?start=false&amp;loop=false&amp;delayms=3000,Phishing
https://www.reliableparts.ca,Legitimate
https://www.appartements-serfaus.at,Legitimate
https://did.li/-Mizrahitfahot-co-il,Phishing
http://q-r.to/bfHrpc,Phishing
https://fhushezadpgscj.web.app/,Phishing
https://www.dropbox.com/scl/fi/vzrem1ismtnf78mm16es8/WELCOME-TO-YOUR-ATT-MAIL.paper?rlkey=q7ot80vmt4yh69xuw7f06xsca&dl=0,Phishing
https://l.ead.me/bfIlwu,Phishing
https://attachednotefile-log.myportfolio.com/,Phishing
https://mail-nbu-bg.weebly.com/,Phishing
https://q-r.to/bfKL6e,Phishing
https://www.revolutionrace.de,Legitimate
https://www.amyporterfield.com,Legitimate
https://q-r.to/bfIlhq,Phishing
https://www.revistanordestinadezoologia.net,Legitimate
https://bit.ly/4erwjCd,Phishing
https://www.hesapmakinesi.com,Legitimate
https://www.alephnews.ro,Legitimate
https://bafkreibt4zfybfmljpcz5pzdgg2vcgz2lfypsaucz6busrbfuwyjwpuat4.ipfs.dweb.link/,Phishing
https://www.cosydirect.com,Legitimate
https://bit.ly/3BOE7iJ,Phishing
https://pub-56235221ea6a4d138e0c2cdc42391d26.r2.dev/index.html,Phishing
https://www.stalchardon.nl,Legitimate
https://gov-uk-dvlaservices.com,Phishing
https://www.contlog.ru,Legitimate
https://q-r.to/bfHqrk,Phishing
https://www.osim.com,Legitimate
https://flow.page/teamsupport,Phishing
https://pub-19adc4e57069479caeb411abf55506e5.r2.dev/1616pppp0910p.html,Phishing
https://www.infotech.com,Legitimate
https://yiklzx-bussiinneess8940-vrfyy.start.page/,Phishing
https://www.doheny.com,Legitimate
https://docs.google.com/presentation/d/e/2PACX-1vQpauxr5pLBwiHhkuVkCtItGi-Ggfq_KZ_JotV_mu3WBpgNy58QJUJGWFrA9Tg9iUXBjzLUdq3XL8WR/pub?start=false&loop=false&delayms=3000,Phishing
https://www.ectisp.net,Legitimate
https://new.express.adobe.com/webpage/94RJo2WcCksKp,Phishing
https://domachetendi3.web.app/,Phishing
https://zyyj97.webwave.dev,Phishing
https://www.apart.cz,Legitimate
https://www.freshshelf.ru,Legitimate
https://www.lessbuttons.com,Legitimate
https://www.kbs-kyoto.co.jp,Legitimate
https://www.quotezone.co.uk,Legitimate
https://www.snuded.com,Legitimate
https://safetymeetupidcust.wixsite.com/my-site-1,Phishing
https://www.huiyuemenye.cn,Legitimate
https://www.ncc.go.jp,Legitimate
https://www.solomonthailand.com,Legitimate
https://www.telemach.ba,Legitimate
https://www.bonus-casino-ua.com,Legitimate
https://www.janachowska.pl,Legitimate
https://l.ead.me/bfJrOQ,Phishing
http://sitevirtualbcr.0hi.me/?https://www.bancobcr.com/wps/portal/bcr&amp;i=1,Phishing
https://snapto.link/btserviice,Phishing
https://www.flowcode.com/page/nurshus,Phishing
https://www.bennosfiguresforum.com,Legitimate
https://sites.google.com/view/yahoo-currently-att/update,Phishing
https://fr-facturation.web.app/,Phishing
https://www.femdomup.net,Legitimate
https://pub-c82b7889983d40f391cae0ce5ade2d68.r2.dev/index.html,Phishing
https://www.luckyoasisladderhq.com,Legitimate
http://allegro.pl-oferta23768479.sbs,Phishing
https://lendingtreeusa.vercel.app/,Phishing
https://www.1xbet247.live,Legitimate
https://www.fujipress.jp,Legitimate
https://qrco.de/bfM4Yn,Phishing
https://www.underworld.xyz,Legitimate
https://new.express.adobe.com/webpage/EJWTaqDwVis8K,Phishing
https://away.vk.com/away.php?rh=bf32dc63-b54f-42e4-b6c3-c6d5761519cd,Phishing
https://www.inkomos.ru,Legitimate
https://gkrma.numina.cfd/HnodWnfEpQOjMnhEVdyubth,Phishing
https://www.bmtrcs.com,Legitimate
https://2f4uih.share-eu1.hsforms.com/2fIS-r2DwQqm885ZGoy1QAQ,Phishing
https://bit.ly/3UJfniz,Phishing
https://share-eu1.hsforms.com/1njCgk5miRfeVImJwdIqf_A2ey4n0,Phishing
https://www.zoho.uk,Legitimate
https://www.zgyssyw.com,Legitimate
https://docs.google.com/presentation/d/e/2PACX-1vSxe4PspmFV2KSYrPZLqwACTlU__CXMhEL9dyT-ORtjDaRIYcSmuyIGvhWgOlOlCIKvaEpK9G9lz9iT/pub?start=false&amp;loop=false&amp;delayms=3000,Phishing
https://docs.google.com/presentation/d/e/2PACX-1vTP_qOqdWl_9XfTrJJv6_RcoFoc2I92DvJLKxvlr0o2Ig0GR4jDfbvVRaO9z7aBKq9NpQMW5GdQHzhx/pub?start=false&loop=false&delayms=3000,Phishing
https://www.finddx.org,Legitimate
https://de-3209.web.app/,Phishing
https://q-r.to/bfIHAf,Phishing
https://www.stabledifffusion.com,Legitimate
https://linktr.ee/proceso38,Phishing
https://www.smartbusiness.ae,Legitimate
https://trtruty.w3spaces.com/index.html,Phishing
https://spectrumonlineserviceteam.weebly.com/,Phishing
https://www.miricanvas.com/v/13j839e,Phishing
https://www.tongdamp.cn,Legitimate
https://www.eforsyning.dk,Legitimate
https://l.wl.co/l?u=https://qr-codes.io/3iBGQT,Phishing
https://www.octossp.com,Legitimate
https://bit.ly/spinOxxo846,Phishing
https://help-startusladger.gitbook.io/us/,Phishing
https://www.sabam.be,Legitimate
https://docs.google.com/presentation/d/e/2PACX-1vQJ0uRzHVScdGu9uEiHb6SznpCodijDGKwdi9FuogF96zZpFDIfUcTg2BBgw4G0f_nIw_yij-MaRtq8/pub?start=true&amp;loop=true&amp;delayms=1000,Phishing
https://bitbaink.web.app/login,Phishing
https://www.schaefercommunications.com,Legitimate
https://www.doxbin.net,Legitimate
https://docs.google.com/presentation/d/e/2PACX-1vTpmz-89iTjVRkvz57RpEDZBsDdFa1o99cRbA1i1_ZjlnaELshaYFYNuffw4gS2bb4Chzgl2I-Rez8l/pub?start=false&amp;loop=false&amp;delayms=3000,Phishing
https://www.dedi4u.net,Legitimate
https://www.u53m6xsy.com,Legitimate
https://www.templerfx.org,Legitimate
https://qaaddfgfhfdgfdgh.weebly.com/,Phishing
https://www.pridesource.com,Legitimate
https://www.3av.us,Legitimate
https://www.graphicsfactory.com,Legitimate
https://www.jacksonsart.com,Legitimate
https://www.rapradar.com,Legitimate
https://telekomloginweiter.weebly.com/,Phishing
http://pub-d632e1a48ad344649f13deeb4ecf9a3a.r2.dev/artt.html,Phishing
https://pub-1d5808f5e751456ca58c4c2c947f4e01.r2.dev/index.html,Phishing
https://qrco.de/bfJ1eY,Phishing
https://www.praieirabeachwear.com.br,Legitimate
https://pub-74860c7566f64dd1957bdeb31ee3cce2.r2.dev/index.html,Phishing
https://eqhvb-88ffe.firebaseapp.com/,Phishing
https://allegro.pl-smart10285.sbs,Phishing
https://www.ifts24.cn,Legitimate
https://www.networkvox.com,Legitimate
https://www.lumson.cn,Legitimate
https://new.express.adobe.com/webpage/w4MC5rPSm3Kft,Phishing
https://atnet6.godaddysites.com/,Phishing
https://kfa4099ay3.weebly.com/,Phishing
https://docs.google.com/drawings/d/1cxp1Kx_HqKR8d_MgQrdh5UTmUQe1WzfhQuQqDvz04q8/preview?KrQ8F,Phishing
https://www.otitismediasociety.org,Legitimate
https://www.dropbox.com/l/scl/AAD0ztNJS23-FGe-GioTlfjOB9dKA2jZUjg,Phishing
https://www.exmormon.org,Legitimate
https://new.express.adobe.com/webpage/eMxNTzIJY5qof.,Phishing
https://www.umxr.cn,Legitimate
https://ipfs.io/ipfs/bafkreiaexrt6mgqvzr6ulotg2y2h37slh2ifpxvsrt2log2ap4mmogu77e,Phishing
https://form.jotform.com/252193415840051,Phishing
https://www.center-telecom.com/,Phishing
https://wait-communitiescoorp.weebly.com/,Phishing
https://www.checkhost.io,Legitimate
https://linkin.bio/tv2playno/,Phishing
https://fiffr-12d16.web.app/,Phishing
https://trezor-bridge-cdn.vercel.app/,Phishing
https://www.danielco.net,Legitimate
https://www.sim23.ua,Legitimate
https://www.altec.com,Legitimate
https://www.mhscfoot.com,Legitimate
https://ee-service-help.firebaseapp.com/,Phishing
https://docs.google.com/presentation/d/e/2PACX-1vQWG7TJoYi8uaGlArpATiChvV4HKHKTl36kkqzBESCqwdBviW74W3M4WsG1s2e6d97HeGefolUJsEow/pub?start=false&amp;loop=false&amp;delayms=3000,Phishing
https://www.truemail.co.th,Legitimate
https://l.ead.me/bfJYGp,Phishing
https://www.3e54.click,Legitimate
https://www.dvs.co.uk,Legitimate
https://docs.google.com/presentation/d/e/2PACX-1vSl13B9GhkcdICy__GwCkYk0sMjsO-8LY-iqawuhHaaZHIEZ0cjASzKC83QsHjQBn_iCLi66cyHIGJh/pub?start=false&amp;loop=false&amp;delayms=3000,Phishing
https://bit.ly/4fBivoD,Phishing
https://qrco.de/bfeteI,Phishing
https://grundwesterl.firebaseapp.com/,Phishing
https://www.saranabtc1.com,Legitimate
https://www.davidsonhotels.com,Legitimate
https://www.sportsdirect.es,Legitimate
https://pub-ac1bc61232dc4c23bd5ca164c650b0d6.r2.dev/index.html,Phishing
https://www.wh-2.com,Legitimate
https://www.rideoo.com,Legitimate
https://docs.google.com/presentation/d/e/2PACX-1vRrzIRoCdIGAd0a1TKw4syYDdIeai371Ji0uXnkVEtZblsidL56X_wsvmk07KMQKeDBLP3bQv_6SH-6/pub?start=false&amp;loop=false&amp;delayms=3000,Phishing
https://www.krovlya.biz,Legitimate
https://docs.google.com/presentation/d/e/2PACX-1vTtc6V0NlUoo-a97bwK1WS2RCsBoxeg8Y-SWohFQaOvoDWZj3zWwa7mbqcvr47Xb2IfbPwTO90jm9uF/pub?start=false&amp;loop=false&amp;delayms=3000,Phishing
https://store108574004.company.site/,Phishing
https://www.socialsmerch.com,Legitimate
https://us6.campaign-archive.com/?u=fef155b13cfd6a97604f01fb9&id=6dabf9ba3e,Phishing
https://billinginfomailbox.weebly.com/,Phishing
https://www.geometryspot.com,Legitimate
https://grupoamerica.webcindario.com,Phishing
https://www.prosanearinfo.com.br,Legitimate
https://validarprocess.webcindario.com/,Phishing
https://verpagertr.weebly.com/,Phishing
https://www.emmylondon.com,Legitimate
https://apps-liveledgr-auths.pages.dev/,Phishing
https://docs.google.com/presentation/d/e/2PACX-1vTFMgBlgu8yhVyeaPFqO_vaCcb_u3gqU-IYBmlnt1owQjJIIbT7dYizdy6ZB5qCks9c3yTEoJRUxLL2/pub?start=false&amp;loop=false&amp;delayms=3000,Phishing
https://www.dydans.cn,Legitimate
https://l.wl.co/l?u=https://l.ead.me/bfGI6msvrSVDertherbhw5a,Phishing
https://docs.google.com/presentation/d/e/2PACX-1vTFQW5Yytf7C34LShfTEnKYkuAkqxkujigOZqr27990UXVlXrfSQ3yi4AoSGDCVw3S9nkS4Gb7M6Jf4/pub?start=false&amp;loop=false&amp;delayms=3000&amp;slide=id.p,Phishing
https://q-r.to/bfdIMV,Phishing
https://q-r.to/bfOaZm,Phishing
https://www.packets-apptransit.com/as.php,Phishing
https://www.publicstuff.com,Legitimate
https://new.express.adobe.com/webpage/CWXjtbfiVNS6z,Phishing
https://yoydzs.blogspot.de/,Phishing
https://www.dropbox.com/l/scl/AADeToS1KMWN975hcamKOuhE-8GSSQ0PPLw,Phishing
https://qrco.de/bfYI2h,Phishing
https://w-auth-wf.web.app/,Phishing
https://www.gudfood.com.ua,Legitimate
https://www.bluecrosssc.com,Legitimate
https://bit.ly/3E96RUx,Phishing
https://www.seir.com.gt,Legitimate
https://l.ead.me/bfFCQF,Phishing
https://www.icfcdn.com,Legitimate
https://security-available-meta.start.page/,Phishing
https://online-review-payee.web.app/,Phishing
https://www.libral.org,Legitimate
http://pub-067eee2800114b2eb917b617937b2af8.r2.dev/index.html,Phishing
https://sportybetballanceader.weebly.com/,Phishing
https://docs.google.com/presentation/d/e/2PACX-1vRcG9swW-f4ERcyzWyaVZ2XypNy4mEEn93a4ugREM2AdcnzZ360E3tkulcBMMRXZUFvyt6lert7CuLD/pub?start=false&amp;loop=false&amp;delayms=3000,Phishing
https://www.vfwauxiliary.org,Legitimate
https://cert-000049-0000c5.web.app/,Phishing
https://www.microtek.net.au,Legitimate
https://www.alerabat.com,Legitimate
https://pub-1c42c7b14395495bbde1a82078f9fe7f.r2.dev/index.html,Phishing
https://bit.ly/4h3WsHV,Phishing
https://www.maturetubelust.com,Legitimate
https://qrco.de/bfPOSu,Phishing
https://q-r.to/bfJN5T,Phishing
https://www.tkmakademi.com,Legitimate
https://www.memsql.com,Legitimate
https://www.truck1.bg,Legitimate
https://q-r.to/bfISrg,Phishing
https://www.laxmipublication.in/.well-known/acme-challenge/modes/brands/sg.php,Phishing
https://q-r.to/bfJw8N,Phishing
https://www.shunchangzhixing.com,Legitimate
https://qrco.de/bfII2p,Phishing
https://www.scissoron.com/,Phishing
https://www.ninizargooll.ir,Legitimate
https://www.plc-gc.com,Legitimate
https://www.ymtracking.com,Legitimate
https://hbciverify.weebly.com/,Phishing
https://www.betblockchain.cn,Legitimate
https://www.cechina.cn,Legitimate
https://docs.google.com/presentation/d/1YYxh0OOirpE7yh5p1FTPqRJ_JCHiLt30XKf8dP7hYCA/pub?start=false&amp;loop=false&amp;delayms=3000&amp;slide=id.p,Phishing
https://www.openbeautyfacts.org,Legitimate
https://l.ead.me/bfFZj4,Phishing
http://bcrxxsistema.eshost.com.ar/,Phishing
https://www.omk507.cn,Legitimate
https://www.greencross.com,Legitimate
https://www.ondemand.in.th,Legitimate
https://daiyxtaki.web.app/,Phishing
https://yuoulkndftra.web.app/,Phishing
https://metasupport-centers.pages.dev/,Phishing
https://www.jadeleafmatcha.com,Legitimate
https://rebrand.ly/956d34,Phishing
https://sites.google.com/view/reformeluatinfactun/accueil,Phishing
https://qrco.de/bfE0Vv,Phishing
https://www.interval-intl.com,Legitimate
https://www.stilearte.it,Legitimate
https://docs.google.com/presentation/d/e/2PACX-1vS9HvDU2oqzIrW2XtAJy9vWYL4R8rEmt-DMHnOxqL598z0OjLcQOflhTfQsOnfvGcJ-19m9Kw5Y-0PV/pub,Phishing
https://docs.google.com/presentation/d/e/2PACX-1vQz4KNjqhIbJFCN5mFjx0hNhvekLxKegWNmxsOo8_2uqN8SISyV7SmApHtfyjxHntTxf9MH4YD8GrTf/pub?start=false&amp;loop=false&amp;delayms=3000,Phishing
https://q-r.to/bfGAy8,Phishing
https://www.jxhybj.com.cn,Legitimate
https://www.ebaydesc.com,Legitimate
https://www.calixcloud.com,Legitimate
https://www.sagame67.com,Legitimate
https://bit.ly/3TfhE4v,Phishing
https://www.hwphotobooths.ca,Legitimate
https://www.roto-frank.com,Legitimate
https://docs.google.com/drawings/d/126fPq9LpJiZCwA8buq3Tn2UElZDV63nlg2t2OjaRTpY,Phishing
https://www.f-gear.co.jp,Legitimate
https://l.ead.me/bfa8wQ,Phishing
https://www.t83.vip,Legitimate
https://www.babeh188indo.com,Legitimate
https://hyperfollow.com/btpagemailwer,Phishing
https://docs.google.com/presentation/d/e/2PACX-1vSsP6kvPxqfQLAOdDXCY5x6rnUVOmiWo9Gt6z4mrggQt8CBX5e8azR6rCUGQbNPY6gcESvEhAt0GqPs/pub?start=false&loop=false&delayms=3000,Phishing
https://fr-cetemic.web.app/,Phishing
https://www.diveo.io,Legitimate
https://www.gruen-berlin.de,Legitimate
http://surl.li/oruzv,Phishing
https://www.xxxarabgirls.com,Legitimate
https://florawales46.wixsite.com/louisville-office3-1,Phishing
https://www.beautyptt.cc,Legitimate
https://loginaccorleanstoursfridpprofleoidcauthorizeexecutione1s2ds.weebly.com/,Phishing
https://www.inntravel.co.uk,Legitimate
https://2fmms3.share-eu1.hsforms.com/2KRzFYyX4R-CL7Xb2lLT_lA,Phishing
http://www.flow.page/mlh21880/,Phishing
https://www.rakuten17jp.click,Legitimate
https://l.ead.me/bfRudn,Phishing
https://reggie98gg.wixsite.com/current,Phishing
https://new.express.adobe.com/webpage/hdAZeSYqVRx4L,Phishing
https://www.surugadai.ac.jp,Legitimate
https://docs.google.com/presentation/d/e/2PACX-1vRZq767A0ER-FaqkHy5GKQ74j9vjp1apuU9h2H4J4ZKlOixnfDDACXCin1kt_5ghy9Ge7rqurh_j3X0/embed?start=false&loop=false&delayms=3000,Phishing
https://docs.google.com/presentation/d/e/2PACX-1vR1pB5qM0QdnEiTbMD7BHe-Ft3SbMUAa6wBehMDO-RtTtR5jCJPV3a-OwJrn67LNMtz4RToiSBtde-J/pub?start=false&amp;loop=false&amp;delayms=3000&amp;slide=id.p,Phishing
https://adsincoinciousin.firebaseapp.com/,Phishing
https://www.christiancafe.com,Legitimate
https://www.goyangtotoasik.online,Legitimate
https://qrco.de/MULTAes,Phishing
https://www.pi-dns.com,Legitimate
https://qrco.de/bfKHlL?userID=GN6Wawzu,Phishing
https://bafkreiez3wxyb4nszf6spq6jrtzk2uy57o3sgyu7527yiwf3vinrotwkgm.ipfs.dweb.link/,Phishing
https://www.thuocsi.vn,Legitimate
https://www.pacecare.com,Legitimate
https://www.appenzell.ch,Legitimate
https://www.tid-extra.hr,Legitimate
https://jingbook.com/0JHLXu,Phishing
https://forms.office.com/pages/responsepage.aspx?id=DQSIkWdsW0yxEjajBLZtrQAAAAAAAAAAAAO__WN1clNUMFBNSFU5NENVT1JYOEdOQ1BQNlRSOUEwTy4u&amp;fbclid=IwAR243EZPhsjUsHW3Sf1wN3OS7HV7S0QdahzxaYhikCUZEjAgMCJNZO6r7QQ,Phishing
https://www.po.app,Legitimate
https://www.tuofertadeviaje.com,Legitimate
https://www.turknethost.com,Legitimate
https://receptionboites.wixsite.com/my-site,Phishing
https://zimbrau.weebly.com/,Phishing
https://www.rwia.cn,Legitimate
https://www.shelbyacresfarm.com,Legitimate
https://www.peixacasa.cat,Legitimate
https://2fo1ul.share-eu1.hsforms.com/2LZye6exwTB-HdxF_vmKz2A,Phishing
https://new.express.adobe.com/webpage/v65RUusbKlwmi,Phishing
https://new.express.adobe.com/webpage/eTU5dBXb9MZ72,Phishing
https://www.ladies-cdn.de,Legitimate
https://www.casedelparco.it,Legitimate
http://allegro.904785.vu,Phishing
https://www.sions.kr,Legitimate
https://www.xcom.com,Legitimate
https://www.bartproxies.com,Legitimate
https://www.vpnmojno.ru,Legitimate
https://meinkonto.telekom-dienste.de/wiederherstellung/passwort/index.xhtml,Phishing
https://bcyql.pleweb.cfd/qdadyjwwalxmmpukobjgyt,Phishing
https://www.tbconsulting.com,Legitimate
https://qrco.de/bfSlCM,Phishing
https://link.space/@EDTTR,Phishing
https://us20.campaign-archive.com/?u=3e07848ca87ee40ec307ea1c8&id=d89ceba463,Phishing
https://www.fast-dl.lol,Legitimate
https://docs.google.com/drawings/d/19In7otB7gnXgCpjTY8xpsCWGuCDZX4d93N0cCuG1hXo/edit,Phishing
https://bunlorad.firebaseapp.com/,Phishing
https://www.yhocvasuckhoe.com,Legitimate
https://www.sistemaelvis.net,Legitimate
https://l.ead.me/bfYutk,Phishing
https://docs.google.com/presentation/d/e/2PACX-1vQ5aeyysuCFlghhrddULlhTR7JkL6XqXgD_1GwhVywE17xcRmB66-sLM2EV02qJ65Wg_ebvzmTBiaPu/pub?start=false&amp;loop=false&amp;delayms=3000,Phishing
https://l.ead.me/bfIldf,Phishing
https://qrco.de/bfUjVn?trackingid=4DP28xVf&amp;signature=newsletter,Phishing
https://windstremkineticauthorizekef.weebly.com/,Phishing
https://new.express.adobe.com/webpage/LPwMDeqW5VGsv,Phishing
https://sites.google.com/view/bt-clould-preview000112/voice010101010bt-cloud?authuser=8,Phishing
https://www.lighthouse.net,Legitimate
https://docs.google.com/presentation/d/e/2PACX-1vTiYMhuXuTb89PxBI0rwhhIqC1ilLq5nT-Gd8XcPI8hVGayan_yd6g05DdVqTSlZP_wp5MdSoSS7P2R/pub?start=false&amp;loop=false&amp;delayms=3000,Phishing
https://bit.ly/4fAltd2,Phishing
https://www.kfpo.cn,Legitimate
http://new.express.adobe.com/webpage/04t5zKyx2Vjvh,Phishing
https://docs.google.com/presentation/d/e/2PACX-1vSFstoR73Bz2HaHsAQ1gkeLPuasyXf8b1qGP2YoY4aQBYJo_e4eNGlepisToLFecPMS5aLGPTzRLilJ/pub?start=false&amp;amp;loop=false&amp;amp;delayms=3000&amp;amp;slide=id.p&amp;slide=id.p,Phishing
https://docs.google.com/presentation/d/e/2PACX-1vRV04HA94B0aqQPjOWyXohfLWH-v5eoSbSygzYvgvO7i2WuUnTSKnFWMS0P22dbuLM5xleDpYOS2ifj/pub?start=false&amp;loop=false&amp;delayms=3000,Phishing
https://form.jotform.com/253153978983070,Phishing
https://l.ead.me/bfL5eo,Phishing
https://qrco.de/bfKbLl,Phishing
https://pub-95bd6fa651d64499ba2be3cf8d075717.r2.dev/index.html,Phishing
https://delivery-dhlswitzerland.web.app/,Phishing
https://www.applian.com,Legitimate
https://docs.google.com/presentation/d/e/2PACX-1vS_p6Svv2NP9lzhsQ_oje0oesvs4Yy0SrGTdiqmi_adD-E1Z0Tp6UM01LFinngdwNBAxcOJPRair1Q3/pub?start=false&loop=false&delayms=3000,Phishing
https://www.justinguitar.com,Legitimate
https://gratuit-5087888.webadorsite.com/,Phishing
https://www.locmail.ru,Legitimate
https://www.moallemane.ir,Legitimate
https://www.dropbox.com/scl/fi/bdrmkc9wzoso1ehavmdf0/BT-MAIL.paper?rlkey=b49jaigns297hwr58r3b381e8&dl=0https://www.dropbox.com/scl/fi/bdrmkc9wzoso1ehavmdf0/BT-MAIL.paper?rlkey=b49jaigns297hwr58r3b381e8&dl=0,Phishing
https://pub-e66b4b88b1d24aeeaf754f0ecee122c7.r2.dev/index.html?8b8ee873ab9b03b01a6ad872d18764,Phishing
https://www.dropbox.com/scl/fi/38d2epguy9gkrbfua16ab/Tax_Docs.zip?rlkey=gf5kme1dc1f39g3aqsdh4bis8&st=zh8mqy7s&dl=1,Phishing
https://docs.google.com/presentation/d/e/2PACX-1vQFPNa78Iw-3eyaq7XK8mS7W_Pk9ubJ4PyyE9Z-qIbxR7chE5HZwrT44Fq9-9XPTSDJ5J5NPGMSM4nj/pub?start=false&amp;loop=false&amp;delayms=3000,Phishing
https://www.jeasyui.com,Legitimate
https://465uc.weebly.com/,Phishing
https://www.ayudadirecta.org/es/,Phishing
https://roundcubeinstemresin.weebly.com/,Phishing
https://www.xingouwu.com.cn,Legitimate
https://qrco.de/bfTZdl?userID=WiLJIrbL,Phishing
https://www.sinema.top,Legitimate
https://bit.ly/3A4cv8z,Phishing
https://www.allservice.co.in,Legitimate
https://edavki-portal.firebaseapp.com/,Phishing
https://docs.google.com/presentation/d/e/2PACX-1vRfA97ukPrGfNHaJh8yRiwRjPKuDrjdtOk2si2PLOFw0lLiynvsY2GG7BRaZNF3SFCD2gA960sdAJLU/pub?start=false&amp;loop=false&amp;delayms=3000,Phishing
https://www.1xbet-ursl.top,Legitimate
https://qrco.de/bfTZ4P,Phishing
https://www.carleasepolska.pl,Legitimate
https://www.2game.vn,Legitimate
https://docs.google.com/presentation/d/e/2PACX-1vQJPsSRxWVQoX2Lt7VslYYwGiJhTBnyqktmH7lSF5IO0PHqrqXVzas4O_TANG20JF0BwEWtVjgO2xAg/pub?start=false&loop=false&delayms=3000#slide=id.p,Phishing
https://www.quintadapacheca.com,Legitimate
https://www.mmsdose.live,Legitimate
https://www.niikei.jp,Legitimate
https://www.neon-toto.com,Legitimate
https://ciittaddellasalute.weebly.com/,Phishing
https://docs.google.com/presentation/d/e/2PACX-1vS3WAD7cmbDC_RmeUmYppV_C4zmH3CtCuBRudnjGpVd3GYsy4U2gsHz1G3SIi4e88K3K44cdgHyqW9y/pub?start=false&amp;loop=false&amp;delayms=3000,Phishing
https://www.skyangel.com.mx,Legitimate
https://www.dinodirect.com,Legitimate
https://www.lggbkebemwh.com,Legitimate
https://geaqh-sq.blogspot.com/,Phishing
https://docs.google.com/presentation/d/e/2PACX-1vS5Ty7xDHbjGLq8F4gRK6dmouH_UeYI0HLTzMLtJ1ynTMipBEB_dZC4Wm4YmXug5i_7Rlf37qdJ0fl-/pub,Phishing
https://www.ir-facility.org,Legitimate
https://linkin.bio/punktumsolution/,Phishing
https://www.agroelectro.ro,Legitimate
https://www.telelistas.net,Legitimate
https://bit.ly/4fJqakF,Phishing
https://docs.google.com/presentation/d/e/2PACX-1vQsbAPbgqlTZbcBxmxyKHHJYb3MeB-Gu3MSkfSkuf3Rfrf6SDTiRIjYFCIw1U17HOvrfem9mbTebywn/pub?start=false&amp;loop=false&amp;delayms=3000,Phishing
https://www.nrgzone.cn,Legitimate
https://www.talentrendezvous.com,Legitimate
https://docs.google.com/drawings/d/1Et5m2JQ6Gb5tUt20wLFjEzp0GQsPyMRnoFuI_pl4Gb8/edit,Phishing
https://www.compassionate-magenta-rat.82-163-176-14.cpanel.site/it/,Phishing
https://www.xhscdn.vip,Legitimate
https://www.routedns.net,Legitimate
https://www.thecandidzone.com,Legitimate
https://t.co/FCnopZFUta,Phishing
https://qrco.de/bgX6UP,Phishing
https://www.top-charts.com,Legitimate
https://www.dropbox.com/scl/fi/7qfbb691f0f9uuwjbqzxp/BTEE-Broadband.paper?rlkey=8h5p44ad2kq6xla3tfsqnon7z&dl=0,Phishing
https://www.onosproject.org,Legitimate
https://westernsecurityonline.weebly.com/,Phishing
https://www.inspyred.com,Legitimate
https://www.stjudefriends.org,Legitimate
https://www.buzzerfan.com,Legitimate
https://pub-6db66d06c73f45e2a5bd4ad7634066ff.r2.dev/Newlink.html,Phishing
https://docs.google.com/presentation/d/e/2PACX-1vRHZri7s3bRCkBY7iBZnkJ1IOpNVH38KArEHJdjrQ_pn6inRxcSCZ8WshINdHmTL7bvwU_d5T3pPzs_/pub?start=false&loop=false&delayms=3000&slide=id.p%3E,Phishing
https://ledger.recovery.5930217.com/,Phishing
https://bit.ly/4guQDE1,Phishing
https://www.filecroco.com,Legitimate
https://bit.ly/3ZP6BRQ,Phishing
https://www.visitchattanooga.com,Legitimate
https://validation-authen.ukit.me/,Phishing
https://www.integrav.ru,Legitimate
https://www.tz-dom.ru,Legitimate
https://docs.google.com/presentation/d/e/2PACX-1vSz12qJXQuF9ZSAgSKygwDlDAxKq5ZUbIDLum4CXhw7GCJRPOPepp1I4t7MvWN6hmMI7vO9gdNN7Ard/pub?start=false&amp;loop=false&amp;delayms=3000&amp;slide=id.p,Phishing
https://mrelay-infos-fr.com/as.php,Phishing
https://bit.ly/4eXjf72,Phishing
https://www.fortunedmn.com,Legitimate
https://www.kitabnagri.org,Legitimate
https://www.kimmelcenter.org,Legitimate
https://www.visionaustralia.org,Legitimate
https://www.spcn.net.cn,Legitimate
https://2ww.me/rr0Ek,Phishing
https://www.msregisbanyak.com,Legitimate
https://www.485mrv.cn,Legitimate
https://www.gufenbao.com.cn,Legitimate
https://pub-25eadace405d4ebf9140320cf7903a66.r2.dev/index.html,Phishing
https://demo3.playgrounds.cloud/trial-zuu7vvxu/adawseg/infospage.php#,Phishing
https://www.netcraze.link,Legitimate
https://www.wixsite.com/_api/invoice/6709fb15-dffe-4520-ab9c-562389f29c62:b24c5f22-62b8-40f4-b914-3d9a0e01c7aa/view?token=6bc2c75a-dd63-48db-bef2-bf6c0948c452,Phishing
https://l.ead.me/bfKspd,Phishing
https://chatbot.page/60HWy9,Phishing
https://www.serverwl.com,Legitimate
https://reload-page-10002546451.web.app/,Phishing
https://www.bodv6pmfn.com,Legitimate
https://www.mybreden.com,Legitimate
https://www.check4d.org,Legitimate
https://www.qcore.com,Legitimate
https://aeon.rthmwy.cn/ds2GJM,Phishing
https://www.seoulnavi.com,Legitimate
https://l.ead.me/bfJvRa,Phishing
https://www.wozber.com,Legitimate
https://www.yavka.net,Legitimate
https://docs.google.com/presentation/d/e/2PACX-1vSnRpUSg0RfnHWBAEtoaSBFufAdq-wwDNj4zZ6mrnrFUc7S6ezvXspVAWZuBXPFPR6pnWmvKmEdLcCN/pub?start=false&amp;loop=false&amp;delayms=3000,Phishing
https://www.midae.com,Legitimate
https://www.shopdap.com,Legitimate
https://esnetdeskfreenetserverservicesdeskx.weebly.com/,Phishing
https://gmxcx.weebly.com/,Phishing
https://q-r.to/bfHeAY,Phishing
https://www.88wgv8.com,Legitimate
https://pub-d0e251ba811e4c01ab35ca79d9c12c76.r2.dev/index.html,Phishing
https://sportybetadder01.weebly.com/,Phishing
https://helpid99473957184918596281444.web.app/,Phishing
https://www.executari.com,Legitimate
https://www.plr2u.com,Legitimate
http://booking.pl-oferta84127591283.sbs/,Phishing
https://www.exoticfood.site,Legitimate
https://www.terabit.moscow,Legitimate
https://docs.google.com/presentation/d/e/2PACX-1vTjBV7FE-nny4ZG57k_wXiuQExW3DYvXv3Ew5Q17S4--OJda9RprCuYWDR93oVXsIdp9wyi8uCLwTqb/pub?start=false&amp;loop=false&amp;delayms=3000,Phishing
https://www.iup.edu,Legitimate
https://l.ead.me/bfHepr,Phishing
http://zuza.stefek.szczecin.pl/Webmail/56/Webmail/webmail.php,Phishing
https://sellingaustintx.com/?f=,Phishing
http://washingtontrustsecure.vercel.app,Phishing
https://www.workpointtoday.com,Legitimate
https://us22.campaign-archive.com/?u=4c497cf5fd7209156d9992517&id=ef9220479a,Phishing
https://cz-100499.square.site/,Phishing
https://www.format-tv.net,Legitimate
https://new.express.adobe.com/webpage/0cF1EnRIWhlsg,Phishing
https://docs.google.com/presentation/d/e/2PACX-1vRHfRPxrEjn9Odfq-PLg6xBvBSj1aEvKvJaVg17lj-KIcbq3vhMqN88_H2TWmOJuTllp4VpxxAVts9j/pub?start=false&amp;loop=false&amp;delayms=3000,Phishing
https://www.gwktravelex.nl,Legitimate
https://www.shaobeisucai.xyz,Legitimate
https://www.uber.de,Legitimate
https://www.number852.com,Legitimate
https://www.masatscosmetics.com.cn,Legitimate
https://www.dang.ai,Legitimate
https://www.photofunia.pro,Legitimate
https://bov-mt.firebaseapp.com/,Phishing
https://rangiistudio.com/oa,Phishing
https://qrco.de/bfJaPg,Phishing
https://www.renault.pl,Legitimate
https://new.express.adobe.com/webpage/kZ98uxWldLOqI,Phishing
https://www.osst.jp,Legitimate
https://bit.ly/3VWOEzl,Phishing
https://t.co/2z2DnOppFb,Phishing
https://www.l9ne2zvsqm5v.monster,Legitimate
https://www.ficpa.org,Legitimate
https://www.hwk-muenster.de,Legitimate
https://sites.google.com/view/minimaumhed/,Phishing
https://abuseid34096348945656878.web.app/,Phishing
https://www.legrandgroup.com,Legitimate
https://www.lygiacampos.de,Legitimate
https://docs.google.com/presentation/d/1IKQrBbVRpXf28fYme6iVydUbSi6WkmXRPqGZongxYnE/pub?start=false&amp;loop=false&amp;delayms=1000&amp;slide=id.p,Phishing
https://www.smilebutiken.se,Legitimate
https://sites.google.com/view/dihafrsk,Phishing
https://docs.google.com/presentation/d/e/2PACX-1vRqaSju1PPsShQbXD0D5pZpwBxOINQoguFyN6BKl1Ssi9iZHtjAxr1Ejl1XKNdQyFVqnwuXLZVzvcYm/pub?start=false&amp;loop=false&amp;delayms=3000,Phishing
https://yituryzjtkcuyvkwysctuz-tsr4iryktujywsfd68outjgasd.teemill.com/,Phishing
https://lit-software-services.firebaseapp.com/,Phishing
https://www.yaeb19.ru,Legitimate
https://www.kartoteka.news,Legitimate
https://pub-7bb7c289410b4b8ca9664f8f35686454.r2.dev/index.html,Phishing
https://hotm.art/79RPa7dA,Phishing
https://dduioplscuintera.weebly.com/,Phishing
https://bafkreiev2kihfdi335zcnw5eilk6io7fa5rlgukxtcaxilqon5jva3pddi.ipfs.dweb.link/,Phishing
https://l.ead.me/bfEWfd,Phishing
https://bafkreih4fbu34qge5hsnrncsfolqmsonv4ceuupgeluzwg2cc7k4jewnte.ipfs.dweb.link/,Phishing
https://q-r.to/bfJvx8,Phishing
https://qrco.de/bfJrZ2,Phishing
https://hm.ru/7x8Dsj,Phishing
https://live-laedger-wallet-io.pages.dev/,Phishing
https://www.kemoimpex.ba,Legitimate
https://q-r.to/bfDBrk,Phishing
https://q-r.to/bfPOqP,Phishing
https://finfutureonliup.web.app/,Phishing
https://www.stagemoledns.net,Legitimate
https://www.lankayp.com,Legitimate
https://tinyurl.com/myphmc3e,Phishing
https://www.akkyhosting29.mx,Legitimate
https://new.express.adobe.com/webpage/CoimBXpFTMN3y,Phishing
https://interbenefit.web-formulario.click,Phishing
https://bit.ly/3Cqp6DX,Phishing
https://comtafiole.dhi-programmation.com,Phishing
https://www.prohotel-edv.de,Legitimate
https://www.bonk-earner.online,Legitimate
https://q-r.to/bfXodT,Phishing
https://bit.ly/4c9YUd2,Phishing
https://login-screen-dyanlluwi-106254.weeblysite.com/,Phishing
https://www.kidbar.cn,Legitimate
https://www.movizmood.com,Legitimate
https://www.eci2018.com,Legitimate
https://www.getpassionapp.com,Legitimate
https://allissonpincaya.wixsite.com/espana9,Phishing
https://www.arenawaka.site,Legitimate
https://www.punematka.com,Legitimate
http://ipaboost.optum.link,Phishing
https://www.cdncolor.biz,Legitimate
https://l.ead.me/bfcuQv,Phishing
https://www.kayak.ae,Legitimate
https://lginldggeriiv.gitbook.io/us/,Phishing
https://mijnkvk.portaal-omgrving.de/,Phishing
https://public-usa.mkt.dynamics.com/api/orgs/0988b19d-f469-ef11-a66d-00224806e53b/r/DRRncuTl0EmIYBIrhZWMVQEAAAA?target=%7B%22TargetUrl%22%3A%22https%253A%252F%252Fltd.quintessential5.com%252FLtd%252F%22%2C%22RedirectOptions%22%3A%7B%225%22%3Anull%2C%221%22%3Anull%7D%7D&digest=w43bztZgUklltb%2BRg0x7fpCB2uPU44CopspA8L99g3s%3D&secretVersion=a587597bbd2d4ba3bb4334f6d8be15ee,Phishing
https://www.illumy.cc,Legitimate
https://docs.google.com/presentation/d/e/2PACX-1vS2o6E8dvQbc_l7es31N_YCQ8QSQ6uNzjQ9xVUM9Bc7cXRfm5-dQMxatLZoDPDii9AwrwpH4CSFD6tZ/pub?start=false&amp;loop=false&amp;delayms=3000,Phishing
https://anfme.kinete.cfd/pdsdo50mc46rMmmbucn70t,Phishing
https://divepeds.com/explorer/index2.php,Phishing
https://www.mocha.app,Legitimate
https://www.avanzabank.com,Legitimate
https://www.bdlz.com.cn,Legitimate
https://www.updeledexam.in,Legitimate
https://wemsast.weebly.com/,Phishing
https://www.sttorca.com.br,Legitimate
https://docs.google.com/presentation/d/e/2PACX-1vSF48dOalWTy5puM21YIRUdLJqY2Xpq8mB7vG_7Zz6HrIkeMu-0aVJDyzuGXiugWrGlokK__Pvqy4ra/pub?start=false&amp;loop=false&amp;delayms=3000,Phishing
https://bit.ly/41t402p,Phishing
https://sites.google.com/view/update-currently0611/update,Phishing
https://www.footlocker.ph,Legitimate
https://docs.google.com/presentation/d/e/2PACX-1vRUcrjXlfp9s4DcnQzNTU3qQ4msYpMJ44MtWlvDKUeDHFd2N3m6maWMqcoX1bXCB07FMnLu5H_o2aBl/pub?start=false&loop=false&delayms=3000&slide=id.p,Phishing
https://beta-track.firebaseapp.com/,Phishing
https://www.aiartrevolution.com,Legitimate
https://www.atmc-dns.com,Legitimate
https://www.cetsi.eu,Legitimate
https://www.brainwrap2.net,Legitimate
https://www.rosettastone.com,Legitimate
https://www.spacecargo.ge,Legitimate
http://pub-934a2bbd24a74e9da34f4214c7356fe2.r2.dev/12133214.html,Phishing
https://docs.google.com/presentation/d/1GFPs0DyF8fY_tziUZ2eeqslBnkm7rXLhOViSRUs3H08/pub?start=false&amp;loop=false&amp;delayms=3000,Phishing
https://www.ambergriscaye.com,Legitimate
https://pub-a7cc7de25e6c4500a418e9eba584c834.r2.dev/index.html,Phishing
https://www.okayama-musubi.jp,Legitimate
https://www.xxx-yyy-zzz.com,Legitimate
https://www.inom.online,Legitimate
https://www.soapboxie.com,Legitimate
https://www.bbsjgw.cn,Legitimate
https://www.greatone.pl,Legitimate
https://www.techmaniacs.gr,Legitimate
https://ee-pending-payment.firebaseapp.com/,Phishing
https://public.gensparkspace.com/api/files/s/ZdxClRN3,Phishing
https://www.amerigeoss.org,Legitimate
https://www.bellingerhouse.com,Legitimate
https://ipfs.best-practice.se/ipfs/bafybeihu5iv6dfajjltpbzf6lhsordkyevosl2t3schczwxrqsmenpshve/link.html,Phishing
https://chimerical-kashata-439298.netlify.app/,Phishing
https://www.ilbc.com.cn,Legitimate
https://www.mgmotoroficial.com.br,Legitimate
https://www.rojadirectatv.at,Legitimate
https://www.cpanelhosting.rs,Legitimate
https://dturyu6acxhdutjy-fyudtsyruqae7ytardy.teemill.com/,Phishing
https://www.khun.com,Legitimate
https://www.driftwoodmentawai.com,Legitimate
https://bit.ly/3LeyjAq,Phishing
https://qrco.de/bfMg3B,Phishing
https://zfsss.com%E2%88%95ijjzuf%E2%88%95dozuty%E2%88%95lqjekvzbx%E2%88%95zgmrleusg%E2%88%95pzyyfloous@lpniqsb.cn/j7xdlLvs/settings/OdB3F_tTAKG/7tO3Ibnd/product/lNApj1ccm0p/E_v7N8/help/dKsssZ-X2K7fF/NNIktbe/profile/Ltg8VYlCRAWDCb/oQjAS/tracking/MQhwNxlILa-B-/xtkoaWD/wishlist?page=Y88C&amp;clickid=XKLDHncFvMR_&amp;id=THNTQs&amp;locale=ja-JP&amp;category=VtrbC&amp;token=iUnD2IHNwxzt_S7L,Phishing
https://l.ead.me/bfN6tC,Phishing
https://gutidentity.com/wp-manager/sitemapproton/wp-customize-background/?email=redacted@redacted.tld,Phishing
http://cnbasprologiusaa.godaddysites.com,Phishing
https://q-r.to/bfbQf3,Phishing
https://www.engagement.ai,Legitimate
https://www.uniheart.de,Legitimate
https://www.dropbox.com/scl/fi/9e5y65pz1xvasuu6he2by/Your-Latest-Bill-Is-Ready.paper?rlkey=zlx4pvwo2rea4kc3j30gcow19&st=yea3kfij&dl=0,Phishing
https://easying-f1b8c.web.app/,Phishing
https://new.express.adobe.com/webpage/lkdW37rE2QVCf,Phishing
https://clientpickup-fr.com/as.php,Phishing
https://docs.google.com/presentation/d/1MlU4LUsH6ViqLvgNvUxrbbAZ0HseNQTtYC7rl4kHO4M/pub?start=false&amp;loop=false&amp;delayms=3000,Phishing
https://www.sqxnc.cn,Legitimate
https://www.abta.org,Legitimate
https://www.palmebi31.net,Legitimate
https://qrco.de/bfHf1R,Phishing
https://qrco.de/bfRwKq,Phishing
https://www.delivery-auto.com,Legitimate
https://www.brand-join.cn,Legitimate
https://www.gurtam.space,Legitimate
https://l.ead.me/bfJtIC,Phishing
https://onne.link/suafaturatacdao?gclid=EAIaIQobChMI09nB8qrN_AIVF43ICh3cWgi3EAAYASAAEgIf1vD_BwE,Phishing
https://www.ckwhb.cn,Legitimate
https://www.tyumsmu.ru,Legitimate
https://docs.google.com/presentation/d/e/2PACX-1vRBcCBT86LQowgb8OCOBUm3LrVs_XeQ-5r6DKjrxn04xSjDAUu49DYtWePTR6Gv0rlyM_iJUxDAubTi/pub?start=false,Phishing
https://bit.ly/3XgLgRl,Phishing
https://www.fullsight.tech,Legitimate
https://docs.google.com/drawings/d/1AkIv-Jyt2vSUUQyBnrw9Aq6o5Vi3JfXe6gfzzMhJ_Eo/edit,Phishing
https://www.ansnet.cn,Legitimate
https://www.7online.com,Legitimate
https://www.websetup.net,Legitimate
https://mypnbkewane.weebly.com/,Phishing
https://www.renca.cl,Legitimate
https://www.daysofadomesticdad.com,Legitimate
https://qrco.de/bfR1of,Phishing
https://attmailcuuu.square.site/,Phishing
https://canoecreekconstruc.wixsite.com/my-site-1,Phishing
https://live-3rivers-fcu-101.firebaseapp.com/,Phishing
https://previewer.adalo.com/5dfad79e-197b-455d-803c-4053d05f2189?target=998942e43ce445e7a8ed43cc51862f42&params=%7B%7D,Phishing
https://www.rehasense.pl,Legitimate
https://www.silanet.ru,Legitimate
https://www.yogayar.com,Legitimate
https://www.coolmath-games.com,Legitimate
https://www.bostonenglish.com.cn,Legitimate
https://fulltermsservicefr.firebaseapp.com/,Phishing
https://pub-780fbc72d01047e4b6619993ef4836ac.r2.dev/Staffs-Leave-Report.html,Phishing
https://www.ezinkd.com,Legitimate
https://bafkreig7apjv42ztjirvhq2vty4mexvk7xn4cepeqgw7zmhm747a36oeu4.ipfs.dweb.link/,Phishing
https://www.newlinksz.cn,Legitimate
https://www.cambeywest.com/openclick/?M=NAT202204080812&amp;t=c&amp;p=NAT&amp;a=00432291&amp;s=EN2214DIG&amp;c=link3-button&amp;e=rodolforey@cedie.org.ar&amp;l=https://cz-swart.vercel.app,Phishing
https://www.crucials.io,Legitimate
https://site-o39sgfxh7.godaddysites.com/,Phishing
https://www.digitalrefining.com,Legitimate
https://us20.campaign-archive.com/?u=af33133ce36184d3228c0084b&id=aef0cda6b7,Phishing
https://flow.page/htigvmcal,Phishing
https://www.belfastairport.com,Legitimate
https://www.casino2025a.ru,Legitimate
https://www.domainepardefaut.fr,Legitimate
https://www.tittywop.com,Legitimate
https://bit.ly/41aGerH,Phishing
https://www.istss.org,Legitimate
https://www.miricanvas.com/v/1357ggt,Phishing
https://mailverificationupdatewarning.weebly.com/,Phishing
https://www.sahawin.net,Legitimate
https://www.hk311unity.com,Legitimate
http://flowto.it/efkBd5p9yz?fc=0,Phishing
https://www.casinoonline.lt,Legitimate
https://www.igloodigitalworkplace.com,Legitimate
https://docs.google.com/presentation/d/e/2PACX-1vQ9LAEJqUmzrz2jiQ6k4y_2XtnX9y7Tnb2OIgSWPjzynNFFWwdKhZZNLSbQQjKAYtCt3WOQaDhGYyxU/pub?start=false&amp;loop=false&amp;delayms=3000,Phishing
https://qrco.de/bfkA9N?pageuser=aCDBI,Phishing
https://idhelpbusiness23948512354123.firebaseapp.com/,Phishing
https://www.watchpilot.com,Legitimate
https://l.ead.me/bfR4s2,Phishing
https://l.ead.me/bfSgm0,Phishing
https://docs.google.com/presentation/d/e/2PACX-1vS8roCeDlg5-Tl1UdQQzw60zBYQs_ICgIuWzSTI_ytVl-9-MmjP_nRW_NdmFIel9woqCs7fi8YTkB8Y/pub?start=false&amp;loop=false&amp;delayms=3000&amp;slide=id.p,Phishing
https://www.injora.com,Legitimate
https://www.dancesportinfo.net,Legitimate
https://www.orfbijotqz.com,Legitimate
https://qrco.de/bfKlcL,Phishing
https://l.wl.co/l?u=https://qr-codes.io/svkwRK,Phishing
https://fdtebc.weebly.com/,Phishing
https://sites.google.com/view/1gmx/home,Phishing
https://www.sonylatvija.com,Legitimate
https://docs.google.com/presentation/d/e/2PACX-1vSOv5f25m4wVpp7euYZODleb0NiwnHOv8tzgyRFbgGVKGKkQAgkvg11yPcWI0PWyolJiIOrZvCR4Z0J/pub?start=false&amp;loop=false&amp;delayms=3000,Phishing
https://www.whyfmy.com,Legitimate
https://www.sitecname.net,Legitimate
http://www.smbcybersecurityconsultant.com,Phishing
https://sbs6gshh.wixsite.com/my-site-1,Phishing
https://docs.google.com/presentation/d/e/2PACX-1vQaNfVBW6qigfI2LfYa2aY9gu4l3kgOaXT7L50S42z6uF2Y8VxVTDM4lAPoRK58GSjyNRRrRtAstnUo/pub?start=false&amp;loop=false&amp;delayms=3000,Phishing
https://sui-slush-dev.webflow.io,Phishing
https://docs.google.com/presentation/d/e/2PACX-1vReUUjrQiWVK9uaO-g4DCnZ0U0VqYCpe90TPgCli1O38QtcE_5NhYL1luZz3VFRLGP6ymWi6tb1cR-Y/pub?start=false&amp;loop=false&amp;delayms=3000,Phishing
https://www.bridgesmathart.org,Legitimate
https://did.li/LTvx5,Phishing
https://l.ead.me/bfOBG2,Phishing
https://eu.jotform.com/app/251835872074362,Phishing
https://chicmajor.com/l/y3tx2GH1a6JOzguH7xvh2RiH/payment?token=eyJpdiI6ImxCSTB5eDM2K0h4a25rTFFOSkNjWlE9PSIsInZhbHVlIjoibHRmSCs5NC9oMGpCa0R4a25uR0RXdTRBSC9hTWgrZkZhV2NGZTdCMEhaOD0iLCJtYWMiOiIyOGNkZmYzZTA0ZDgwNDdhNGQyYzQyNDlhOGY1N2Y1MDJlZGUzOTRkNjg4NjMwOTY1OWQxZTBkNGFkYTlhYTZmIiwidGFnIjoiIn0%3D&amp;_luuid=c63381ce-ad8a-4a61-b694-fa2a6d846f96&amp;_sid=eyJpdiI6ImVnc0k4ckl0dmVaRFFlcDZoRmJoVkE9PSIsInZhbHVlIjoiVFlOUUwwYTVqSnhvZ2lNL3IzSWhodnh2d3hyTEs0cjdYd2laMzc3d25JSUprd05GM1VMNnhTOENWZXpONkpHNTcrY1FpSTlKYzZxcDNSZzh6VC9EbnNsdDgwdCs3QU9ab1liQjVmSkhKSkdSdmZKMXQ5OVZWc2ZHTDRhVVE4U2h2eERTbjl4bzZPNzJBV1ZuOGgzWldKR2puU1V1eGFrVXNyaE5VWEV1M3Z3YWNwN2JsS2FVK0Q4NWEzN3UwNXNqVFpkU2hUazJHRW5NVUxlS1FlTXVaZlRqOXFsNWNqcXZvSlZOTHJHUDFEWUVONlRBUjNmbkhuWTVvL1hQTndmcHNVTWEySmt2ZDhRNnpweGpZb0lKbzdhSXgraXJ4SUNmVzRQc2ZhUStidXprVEM2ZklsR3V3ZThsbUFHV3NvMFl5MytzdkFhMFFZUk1oZkJ4UmMyNG5WN29nOXJ1a0dibDBNa0RWelR6OHBBMUNZNmlOYVhZWXRwSEFCSzZqeS9PbWtYd3VoTE9UUmRsNk5CTU56ZXBqdGlmNStXc29MUkxtRmd1d1h5cXBjb3lrUHFPQlJTUkxoNUxmK3BsQ3BwZnMycTQ3YlFxK0l3Um53dU1ObXpyTVE9PSIsIm1hYyI6IjY0ZWVmOTI5MDk1MTZhZWZiMWY3NWNjOTJlMmE4Yzk1NzNmYjIyMGQ4MjAzZjRhODE3NmE0NzE3YmQyMWU0ZmQiLCJ0YWciOiIifQ%3D%3D,Phishing
https://q-r.to/bfO74s,Phishing
https://egfzeghj456.godaddysites.com/,Phishing
https://docs.google.com/presentation/d/e/2PACX-1vSSiEry4r3-4Vh_flkmlm-A-aWuMM5qjMiZwWf3rZbixIc7qkvtADlSfejw2pabf0b4mR_M7YicsDT2/pub?start=false&loop=false&delayms=3000&slide=id.p,Phishing
https://www.almarih.com,Legitimate
https://www.dealerdirect.eu,Legitimate
https://www.imaginationtech.com,Legitimate
https://pub-922dd89e53e64a57a7a5555d90e7119f.r2.dev/index.html,Phishing
https://2flfwk.share-eu1.hsforms.com/25PEUJAUGTNudydRXW76ZCw,Phishing
https://q-r.to/bfJcFX,Phishing
https://secur531tye.start.page/,Phishing
https://l.ead.me/bfJP66,Phishing
https://www.viotp.com,Legitimate
https://ipfs.io/ipfs/bafkreiccazt27t47nr5q77r6kuoewym4ihjyvtryorlnyazkvvmg6ebm6m,Phishing
https://inv2023.web.app/,Phishing
https://www.gibbscam.com,Legitimate
https://www.neoldu.com.tr,Legitimate
https://www.tubidy.mobi,Legitimate
https://www.86szs.com.cn,Legitimate
https://webdisk.172-183-104-246.cprapid.com/secure/signin?recovery=brch_23988,Phishing
https://www.miricanvas.com/v/135ajqu,Phishing
https://cpanel.20-246-40-239.cprapid.com/app?page=signin&amp;unique=47ad2681485b4b3d1aace36f5f6b4419,Phishing
https://at-t-mail-update.pory.app/,Phishing
https://bit.ly/40oI4o3,Phishing
https://www.engineer.io,Legitimate
https://www.fxtourist.com,Legitimate
https://www.justmywine.cn,Legitimate
https://qrco.de/bfH9jT,Phishing
https://web-mall-108.weeblysite.com/,Phishing
https://www.gridy.net,Legitimate
https://docs.google.com/drawings/d/171eRcGOfHrUiunG-GLLaMs4LX0_iK9SExg6T4vrmgsU/preview?u4I8v,Phishing
http://elcambioturadio.com/.cel/,Phishing
https://urlz.fr/jsDi,Phishing
https://www.miricanvas.com/v/12zvtmw,Phishing
https://www.opticgaming.com,Legitimate
https://aw5-webde-7ys6haa-wxi-bt.weebly.com/,Phishing
https://webmailboxsecurity.weebly.com/,Phishing
https://urlz.fr/uvhV,Phishing
https://www.bloomfinancials.com,Legitimate
https://www.ffcloudcdn.cc,Legitimate
https://storage.googleapis.com/grooveone/index.html,Phishing
https://www.dlr188safe.xyz,Legitimate
https://www.threatcop.com,Legitimate
https://www.kfw-entwicklungsbank.de,Legitimate
https://pichinchcred.webcindario.com/,Phishing
https://security-auth-device.web.app/,Phishing
https://www.stepsmarketing.com,Legitimate
https://t.co/tFkgNk4rCr,Phishing
https://www.transactwiser.com,Legitimate
https://www.livianaatacado.com.br,Legitimate
https://kutt.it/zym4Pm,Phishing
https://www.guiame.com.br,Legitimate
https://gedgdd.weebly.com/,Phishing
https://docs.google.com/presentation/d/e/2PACX-1vRuhzgRKPuRKlbjUeWtCPB2q2d53deKZMEiushk89AGpCuJJZZEBpjQamvmRizBOPA7TBO5ZerdwI-m/pub?start=false&amp;loop=false&amp;delayms=3000,Phishing
https://www.pzapi-kg.com,Legitimate
https://scceure-well05access.firebaseapp.com/,Phishing
https://www.aviator251.com,Legitimate
https://www.news08.net,Legitimate
https://www.broadwaysd.com,Legitimate
https://uajaka29aga.start.page/,Phishing
https://r0j8uc.lat/uiptmmki/UW6KST/05viVS,Phishing
https://docs.google.com/presentation/d/e/2PACX-1vRDchut65yBnj9eKqHQvSzHV9vKe7Xs-QJQ0wVX4cshK-lGgU3A84zIDK5ZVSuRlV0_aQi5iIhc6eQr/pub?start=false&amp;loop=false&amp;delayms=3000,Phishing
https://new.express.adobe.com/webpage/kp8HNjUQZaueT,Phishing
https://q-r.to/bfG43r,Phishing
https://www.littlehouseontheprairie.com,Legitimate
https://www.racii24.ru,Legitimate
https://l.wl.co/l?u=https://dik.si/vp8r2erhae54haqerfgh,Phishing
https://sites.google.com/view/jehdfmn/home,Phishing
http://4569-5690.free.nf/verif.html,Phishing
https://pub-13125263ee2e4bf5a7b38c70a3099e7f.r2.dev/fccx8uyihfsjkibf398ry8s73r45sdyfhjscvbkr30ru9rsojhcnlkxcnbi3trg8wfcyfvzxjcvbf30ofsjkicvbg.html,Phishing
https://www.energo-trans.ru,Legitimate
https://www.cognitoforms.com/Garrconstruction1/SignIn?entry={%22Email%22:%abuse@abuse-att.net%22},Phishing
https://www.1moli.top,Legitimate
https://www.anxiousgeneration.com,Legitimate
https://www.repairmate.com.au,Legitimate
https://www.petsbidwar.com,Legitimate
https://instruction-mondial-relais.com/index.php,Phishing
https://www.tomato-pizza.ru,Legitimate
https://www.dg-yc.com,Legitimate
https://bit.ly/4g7zNdf,Phishing
https://www.ttt.sh,Legitimate
https://mmordr.weebly.com/,Phishing
https://www.superpages.com.au,Legitimate
https://www.hosting72.ru,Legitimate
https://www.acciss.com,Legitimate
https://bafkreia7pebrnh7rurgbuhxwzh3ivak3z44e7j4bqiliin2cdeo4322dgi.ipfs.dweb.link/,Phishing
https://www.quark.com,Legitimate
https://my.forms.app/form/630e0e70c2748c14c10ef710,Phishing
https://q-r.to/bfKLmh,Phishing
https://www.terra.es,Legitimate
https://www.deepsource.com,Legitimate
https://www.butlaroo.app,Legitimate
https://www.revistaartesanato.com.br,Legitimate
https://www.adbird.co,Legitimate
https://www.mykidlist.com,Legitimate
https://www.jobly.fi,Legitimate
https://www.point-delivre-transit.com/,Phishing
https://sites.google.com/l0gin-microsoftwebonlne.app/8965767?usp=sharing,Phishing
https://www.prodefutsoccer.com.mx,Legitimate
https://l.ead.me/bfP8cf,Phishing
https://business132876912.web.app/,Phishing
https://linqapp.com/sasdf,Phishing
https://www.ksearchmisc.com,Legitimate
https://www.collaboraonline.com,Legitimate
https://indd.adobe.com/view/ddb8dfc8-75e0-4743-b38f-a51f5d047ea4,Phishing
https://www.xiyubus.com,Legitimate
https://415ds0.share-na2.hsforms.com/2eHFXHXfiRfq4Efapw4DSKQ,Phishing
https://www.scelgozero.it,Legitimate
https://www.doctoriodigital.com,Legitimate
https://02ip.ru/2RnaB8,Phishing
https://www.avangard.ru,Legitimate
https://united-internet-d.openx.net/w/1.0/rc?ts=2DAABBgABAAECAAIBAAsAAgAAAgccGApFZ1dzblloVVBaHBbQvdqa3JC65BgW9bjz55Goqvn0AQAcFtinuszEqPb1Gxb90vz3l43cq5IBABa-4OGCDRUEOCQxYjRiM2RlMi04Y2RlLTRiNWQtOTZjMi1iMmU4YjQyN2ZjMzBJHBgMZGV2aWNlX2F0bGFzGQgAACwcFQQAHBUCABwVCAAcFQIAbBwVBAAcFQIAGAwxLjEyMzAyNTE2MDMAHBwVCAAcFQIAGAwxLjMzNDc0MTA0MDIAABwmqo3rhgQVBDau8OqGBBasndKDBCUCFQKmqGQWtFQW1HAWFBYQFhQWEBaAdhaoZBbUcAAcHCwWgLGKpLvsg60qFuuytdnn4oDnpQEAABaI2piABBbwwJuABBaUwqCDBBa6_p-ABBUYHBSwCRTYBAAVBCbEhAEWxIQBFoB2ETUOJsSEATQCACwsFsHstey8k9zccRbfoMqi1NKQt4cBABa-4OGCDQYoiNqYgAQW8MCbgAQWuv6fgAQWlMKggwQYFHN6cXJFTTRwUUgybFF2ZXdqUTRaFvJCFoB2JQQW8BMlAqERGAVPWC1HQgx6FLgLFLgGACgDcnRiABw1BhgNT1gtWFBULWY1ZVNzRxbWNFwsFoCxiqS77IOtKhbrsrXZ5-KA56UBAAAW6tLflQQW3tLflQQADDw4DnZpc3RhcHJpbnQuY29tAAAA&amp;r=https%3A%2F%2Fsalemva.com/cgi/#nicol.bernardova@lf1.cuni.cz,Phishing
https://www.ddi911.com,Legitimate
https://basemanageupdowmegkmwoedmvo.demigodd5.biz.id/?yyy,Phishing
https://www.xzq5c6.com,Legitimate
https://q-r.to/bfQVLs,Phishing
https://www.mysilver.cn,Legitimate
https://www.swellbox.com,Legitimate
https://du-ithelpdesk.weebly.com/,Phishing
https://1hybh2y.lol/zgnrjo3y/bmf06M/sQDa5J,Phishing
https://www.n1bet7.com,Legitimate
https://us22.campaign-archive.com/?u=80ef459330f84952f9cb654f3&id=f77c39af4a,Phishing
https://www.lovense-api.com,Legitimate
https://q-r.to/bfHpSe,Phishing
https://www.opns.de,Legitimate
https://bankingoccidente.webcindario.com/?fbclid=IwY2xjawH09ElleHRuA2FlbQIxMQABHTVHVwYcOyF2snKkzTfDK-KTQTMQZk0ET7eedZSCTRxvqUYQT6Aw2B6jlg_aem_uKQtQ2-iSPhuHfWebIIU3w,Phishing
https://www.greatwall.com.cn,Legitimate
https://www.convertico.com,Legitimate
https://bafkreiffyho77orusy6usn3pboxfibfp35av7t4fqglyji3k4jdoksbciu.ipfs.dweb.link/,Phishing
https://docs.google.com/presentation/d/e/2PACX-1vRl3JHLnrmGoHY4HMJn6k3Un-zgUv-xpW7oSi47qYgH_8ElpPQocncBH0KZWLK-H3Dl-lPhqXfLSWs4/pub?start=false&amp;loop=false&amp;delayms=3000&amp;slide=id.p,Phishing
https://mailaryu24.w3spaces.com/saveraleretyeu.html,Phishing
https://www.curacado.cloud,Legitimate
https://www.wydawnictwowam.pl,Legitimate
https://www.afroditacosmetics.com,Legitimate
https://ipfs.best-practice.se/ipfs/bafybeiamjih5g3pgqur5gtbzil7kjep3vtszsunt75kz7l24q36h53rwai/resultsbox18_onedrive44649.html,Phishing
https://docs.google.com/presentation/d/e/2PACX-1vSoyGfI4YtA6Orb0OOY1xTCmqp9fdsSt--5ceJMfntEAcOtzrfZybCS3CCPoMBnp-JlaMRTYdGQevce/pub?start=false&amp;loop=false&amp;delayms=3000,Phishing
https://soportexdeserviciodecorreo675690.weebly.com/,Phishing
https://docs.google.com/presentation/d/e/2PACX-1vS04Dtuc_uzNSUQHXMct1CSfbyD8H5ZZXXOWbYHshhnyod6AB7QV5JpFM52IhAbKL-tKr5T2-a3dKY5/pub?start=false&amp;loop=false&amp;delayms=3000,Phishing
https://4qrtsuvy5685.weebly.com/,Phishing
https://www.auditoriomurcia.org,Legitimate
https://docs.google.com/presentation/d/e/2PACX-1vRk3ktzohGXjRxYhN7mvTUHFlgav9cJKjWrOPHOPsiV6LG5joMcEQA1pWB4A25lXaDr5HHN0x1PQHmR/pub?start=false&amp;loop=false&amp;delayms=3000&amp;pli=1&amp;slide=id.p,Phishing
https://www.hiyatoys.com,Legitimate
https://us20.campaign-archive.com/?u=4acf1984b7ecf215be1fbee1a&id=973ca7791c,Phishing
https://www.kudosi.ai,Legitimate
https://docs.google.com/presentation/d/e/2PACX-1vS8f_nV0d1_r9IwO2Wf_xFaYLkFHenEvCkgnlmJf8Wg-s1nNAH2Qmtw_5KhV7ksaXaxeHL6b_2GRTS0/pub,Phishing
https://www.dhakatravel18.com,Legitimate
https://www.sumaho-bank.com,Legitimate
https://www.vkxex.cn,Legitimate
https://www.yekmod.com,Legitimate
https://www.hitechdatagroup.com,Legitimate
https://www.testcopy.ru,Legitimate
https://www.ufpcdn.com,Legitimate
https://ungu.in/ewrhaerhfgbahbrae4gaz,Phishing
https://9caef1c3.sibforms.com/serve/MUIEAHhMYENCcIPh6PzZeZPAEgwpQSxGYUEfrb6GXpkznvbTZRT_Vo2Nbq089yxhyTGEF7g2gnPWM17LgLYkcc914de3YyQP5eWJYWp1WlK0R4Ln9Egvz-asE_22hieMGfFwFiXdmKlkcQu5DZHWhjZDsGhokg0zNxENLv9iYJKQGLKMpMK9GtIr4HAxhdzaC_sgRqaSzmO6VXRA,Phishing
https://www.shopaccino.net,Legitimate
https://docs.google.com/presentation/d/e/2PACX-1vSnk6y32Zb_fFdMRDua3f__fnJag122u4AmT1QVmp-x6O7PMox8PHvfvF5ttqFPqJb8mnIHcupIbGBa/pub?start=false&amp;loop=false&amp;delayms=3000,Phishing
https://www.integropet.it,Legitimate
https://www.1win-ruaa.top,Legitimate
http://r1r.954.mytemp.website,Phishing
https://www.leadershipinstitute.org,Legitimate
https://www.aleri.com,Legitimate
https://www.po-kaki-to.com,Legitimate
https://myurls.bio/sbcmail,Phishing
https://www.ero2ch.net,Legitimate
https://pub-fe2c2ecf757e4655b6bb7a6e32c587ec.r2.dev/so.html,Phishing
https://mondial-relay-actualisation.com/as.php,Phishing
https://www.thomas-philipps.lt,Legitimate
https://www.hozcentr.com,Legitimate
https://q-r.to/bfKQnU,Phishing
https://prwtsupportbpfr.firebaseapp.com/,Phishing
https://q-r.to/bfPiPd,Phishing
https://2fk7of.share-eu1.hsforms.com/2vg4vjE2GRGO2Y7Qvryxskg,Phishing
https://ipfs.best-practice.se/ipfs/bafybeiclem52qkvexb4orfft3rdgn4jilepn4c7o4frvfguoxoinzpcnom,Phishing
https://www.deia.com,Legitimate
https://l.ead.me/bfNAnB,Phishing
https://is.gd/rlwZfv,Phishing
https://docs.google.com/presentation/d/e/2PACX-1vQxK-d70jOxQqDXhF1vZWTw3p3YcSFtz_ztEjJ39JeTbdDJg_nNGkYClDmxZETJ8uuQlJ-ohrtoFekn/pub?start=false&loop=false&delayms=3000&slide=id.p,Phishing
https://trpmediation.com/,Phishing
https://www.attache.cc,Legitimate
https://www.dropbox.com/scl/fi/r6ldq5rckujrgxhfn1uzz/Welcome-To-British-Communication.paper?dl=0&rlkey=boyitxop1tu7mhq82g0tcldef&st=wmvdky14,Phishing
https://www.lpibex.com,Legitimate
https://www.osta.ee,Legitimate
https://bn1-cr.webcindario.com,Phishing
https://www.celayix.com,Legitimate
https://www.enhancer.at,Legitimate
https://l.ead.me/bgD3BY,Phishing
https://www.slimjet.com,Legitimate
https://qrco.de/bfYenA,Phishing
https://docs.google.com/presentation/d/e/2PACX-1vRssW_grL4klehMD1iuf3bSueK7nPMpIIaKPePSwchEbRdovgOLK1ORk1aIJyE5hX4ya8TpgREvMLjY/pub?start=false&amp;loop=false&amp;delayms=3000,Phishing
https://www.uberconta.com.br,Legitimate
https://floranda-seydoux.systeme.io/verify,Phishing
https://www.briston.shop,Legitimate
https://www.deznet.ru,Legitimate
https://us9.campaign-archive.com/?u=1abdc3cc761c45d9c5b359bb4&id=914620552e,Phishing
https://aaeterata.firebaseapp.com/,Phishing
https://www.viki.io,Legitimate
https://www.t5.ru,Legitimate
https://portaldiscover19.web.app/,Phishing
https://www.cixingchenban.cn,Legitimate
https://www.lbapple.cn,Legitimate
https://www.seduniadior.com,Legitimate
https://recaptcha-8325.web.app/,Phishing
https://q-r.to/bfLw0P,Phishing
https://www.cmin.io,Legitimate
https://sites.google.com/view/answerget/accueil,Phishing
https://t.co/M8Rj4z8sWY,Phishing
https://phdasawabi.z43.web.core.windows.net/,Phishing
https://validepichinch.webcindario.com/validacion/mailvalidation.html,Phishing
https://www.tallmenshoes.com,Legitimate
https://www.capcom.com,Legitimate
https://epeccom.weebly.com/,Phishing
https://sc.link/grYZ,Phishing
https://abinabinghansukuhghansyea.blogspot.com/,Phishing
https://docs.google.com/drawings/d/1gAFMpqg-rvRkCHkGnR0O8yOqhS7RnihSPtMqW9KAcVg/edit,Phishing
https://www.sherashera.com,Legitimate
https://docfactor-be6bd.firebaseapp.com/,Phishing
https://www.dyson.sa,Legitimate
https://www.touki.ru,Legitimate
https://accoun.ydruak.com/login,Phishing
https://www.dtv.onl,Legitimate
https://www.quarkshoes.com,Legitimate
https://z55gxbf0bb.execute-api.us-west-2.amazonaws.com/track?curr_track_type=link_click&link_id=DD4iht2&temp_id=IjI3MTU2NiI_3D&email_id=mailget_email_id_replace&s_id=mailget_s_id_replace&server=replace_smtp_server&type=replace_drip_type%20,Phishing
https://is.gd/XXs72r,Phishing
https://www.ipayroll.co.nz,Legitimate
https://www.erpinternal.com,Legitimate
https://attsmiasoefo.ukit.me/,Phishing
https://docs.google.com/presentation/d/e/2PACX-1vTb5DgYa7pr0rP1OvO10qcVlFAZmFIgKOjweWVdGIKWteJzREc_D867NfzOqOSG1_U_SQkkyQY_F9uh/pub?start=true&amp;loop=true&amp;delayms=3000,Phishing
https://ingresar-tarjeta.webcindario.com/,Phishing
http://pub-e1e4d0b4665d4d8996bf04516d898fb2.r2.dev/ddhjkindex.html,Phishing
https://rickbaldwin947.wixsite.com/my-site,Phishing
https://www.e92.ru,Legitimate
https://www.holistiplan.com,Legitimate
https://creditosbdv2024.webcindario.com/,Phishing
https://l.ead.me/bgDDXB,Phishing
https://www.ragnaros.net,Legitimate
https://www.thevds.ru,Legitimate
https://www.models-heaven.club,Legitimate
https://www.xuanyuan.dev,Legitimate
https://posten-at.firebaseapp.com/,Phishing
https://docs.google.com/drawings/d/1axspQ2zv-t1KHlSbSHRmejbz72mI2cYhvpG2QYvFZkU/preview,Phishing
https://www.qsale24.com,Legitimate
https://btinternet.onepage.me/,Phishing
https://www.divaboutiqueonline.com,Legitimate
https://www.cribl.cloud,Legitimate
https://www.xlmed.cn,Legitimate
https://qrco.de/bfZncH,Phishing
https://www.the1za.com,Legitimate
https://www.56114.net.cn,Legitimate
https://flowcode.com/p/e4YtNvKnhl,Phishing
https://www.komiku.org,Legitimate
https://www.gerda.pl,Legitimate
https://www.aztecwins.net,Legitimate
https://support-team-100369.square.site/,Phishing
https://www.azulito.com.pe,Legitimate
https://hedgehogbabiesofincofr.firebaseapp.com/,Phishing
https://www.radminte.com,Legitimate
https://www.brookercreekcontent.com/,Phishing
https://tinyurl.com/4eb3ad2c,Phishing
https://homesintheus.com/?f=,Phishing
https://exodos_wallet0.godaddysites.com,Phishing
http://transactiva.rf.gd,Phishing
https://www.oriontotoaalternatif.store,Legitimate
https://www.waurl.cc,Legitimate
https://l.ead.me/bfJY2v,Phishing
https://www.jxfccdc.com,Legitimate
https://www.ipnshosting.com,Legitimate
https://www.nicevan.co.kr,Legitimate
https://riqpffzpf.com%E2%88%95aIQcWzf%E2%88%95HGXhQsUI%E2%88%95tuSrqpI@llckmz.cn/,Phishing
https://www.sex-studentki.top,Legitimate
https://www.bof.nl,Legitimate
https://startportal-io-docs-trezur.typedream.app/,Phishing
https://liveconnect.ghost.io/en-desktop,Phishing
https://bit.ly/4fYP6oK,Phishing
http://karakueiuionloghin.gitbook.io,Phishing
https://ce7169.craftum.io/,Phishing
http://sl.unidos.it/Zr55Q,Phishing
https://www.tsedhmd.cn,Legitimate
https://www.stockfood.in,Legitimate
https://www.bankirromsk.ru,Legitimate
https://www.samandehi.org,Legitimate
https://www.swordmasters.io,Legitimate
https://www.hoteladvisor.net,Legitimate
https://www.wagertalk.com,Legitimate
https://pub-56f667a126c243baaf8d2dc27eb25fe4.r2.dev/hjikgud.html,Phishing
https://www.kongsigobig.vip,Legitimate
https://qrco.de/bfII2e,Phishing
https://www.fistbumpmedia.com,Legitimate
https://www.meusdesabafos.com,Legitimate
https://l.ead.me/bfF32W,Phishing
https://emailserver0.wixsite.com/my-site,Phishing
https://sportybetcompanyonlinelink.weebly.com/,Phishing
https://bit.ly/3CgsKAm,Phishing
https://www.dasartotofamily.com,Legitimate
https://l.ead.me/bfR3an,Phishing
https://bit.ly/3VTg0pv,Phishing
https://xn--v69a243b04b.weebly.com/,Phishing
https://www.u555u33.com,Legitimate
https://www.ticketmaster.at,Legitimate
https://webmailitecalgovn.weebly.com/,Phishing
https://www.kronospan-it.com,Legitimate
https://www.easyvista.com,Legitimate
https://www.kethea.gr,Legitimate
https://www.gorafilm.xyz,Legitimate
https://www.kalvi.lk,Legitimate
https://link.edgepilot.com/s/45132acf/4i3EZ83Ut0OTsiPoK3Arng?u=https://redirecttooo2.com/,Phishing
https://www.vmst.io,Legitimate
https://www.ngcpost.com,Legitimate
https://www.ocswssw.org,Legitimate
https://www.worldcon.org,Legitimate
https://www.listy.fr,Legitimate
https://www.echo-host.com,Legitimate
https://www.serviciosmin.gob.es,Legitimate
https://www.babystore.lv,Legitimate
https://www.alviflex.es,Legitimate
https://www.hssupplyco.com,Legitimate
https://www.kevinandamanda.com,Legitimate
https://chatbot.page/MGY-Bx,Phishing
https://safdafaddabfff.weebly.com/,Phishing
https://www.messengerhomeapi.com,Legitimate
https://www.gorvesti.ru,Legitimate
https://new.express.adobe.com/webpage/jEqocIMGsXa6A,Phishing
https://www.nacde.com,Legitimate
https://bit.ly/4fAhjBQ,Phishing
https://www.patylingerie.com.br,Legitimate
https://www.wananchi.com,Legitimate
https://docs.google.com/presentation/d/e/2PACX-1vSYKsjdj0CEnxxTuYqRw0kdsUF56r-_GjiTmQYMK2DOXDfXE45HPnpVZ00bniYWBDuhOixsiUE61HZS/pub?start=false&amp;loop=false&amp;delayms=3000,Phishing
https://qrco.de/bfWBxQ,Phishing
https://www.alojamentoweb.biz,Legitimate
https://www.lattafa.com,Legitimate
https://www.flexential.com,Legitimate
https://bit.ly/3PhoFzf,Phishing
https://q-r.to/bfK4nI,Phishing
https://www.onewap.ink,Legitimate
https://www.wj-evo.com,Legitimate
https://l.ead.me/bfOaLJ,Phishing
https://www.rrbb001.com,Legitimate
https://www.bkbeauty.com,Legitimate
https://www.internshipguide.jp,Legitimate
https://www.clarkuniversitycci.net,Legitimate
https://up-gra-ding-yo-ur-acc-ou-nt.weebly.com/,Phishing
https://rdkyle.wixsite.com/my-site,Phishing
https://qrco.de/bfWTGc,Phishing
https://q-r.to/bfHdaz,Phishing
https://disneychannel-france.web.app/,Phishing
https://www.gafa.com.ar,Legitimate
https://cebjiankb4.firebaseapp.com/,Phishing
https://www.emaema.cn,Legitimate
https://q-r.to/bfEcxM,Phishing
https://bit.ly/3zhEkKa,Phishing
https://www.carrefour.pl,Legitimate
https://collegereaction-d3eed.web.app/,Phishing
https://www.zryqsw.com,Legitimate
https://www.bookofjoe.com,Legitimate
https://q-r.to/bfJNar,Phishing
https://www.xnxx-ru1.com,Legitimate
https://l.ead.me/bf1ASQ,Phishing
https://www.ampeducator.ca,Legitimate
https://www.ccg.org,Legitimate
https://www.lunii.com,Legitimate
https://www.vietnamesewomen.org,Legitimate
https://www.attacker.com,Legitimate
https://gentong999.com/wp-content/uploads/,Phishing
https://xcoqz.troniva.cfd/NmodWnfEpLpjMnhEVdy45th,Phishing
https://bit.ly/bnl-alert,Phishing
https://tapk.it/attofficial,Phishing
https://rgmzc.com%E2%88%95eoxsbynqin%E2%88%95qvpootufv%E2%88%95oohomkoeu%E2%88%95apwjiwzbf%E2%88%95rjjya@jxxnuhx.cn/,Phishing
https://rtyui-c9f06.firebaseapp.com,Phishing
https://www.rajaburma88jp.online,Legitimate
https://ek7n2cbxnbvngz-pages-dev.translate.goog/site4.sbisec.co.jp.html?_x_tr_sch=&amp;_x_tr_sl=monex&amp;_x_tr_tl=ja,Phishing
https://ipko-surveys.icu/,Phishing
https://www.happybag.hu,Legitimate
https://q-r.to/bfIKNE,Phishing
https://qrco.de/bfXVXq,Phishing
https://pub-72d8cc6588b945a8b92bcdfd75f82472.r2.dev/end40.html?omnisendContactID=6785812a34625d604748dcd4&amp;utm_campaign=campaign%3A+gtr+%28678586ddff61281c4293fe93%29&amp;utm_medium=email&amp;utm_source=omnisend,Phishing
https://www.angka-net.org,Legitimate
https://apptuts.bio/detalhamentoluiza?gclid=EAIaIQobChMItsz--IGx_QIVexbUAR0KUw_IEAAYAiAAEgJEevD_BwE,Phishing
https://hotxxxjdh.w3spaces.com/bthgxx673.html,Phishing
https://www.wyndhamgrandudaipur.com,Legitimate
https://pub-871815afebeb401f980de26d0ec5c1f1.r2.dev/2_5474357000.html,Phishing
https://bit.ly/3S0tHC3,Phishing
https://qrco.de/bezmuq?userID=kA93hfeX,Phishing
https://www.classicchevrolet.com,Legitimate
https://www.lokalelust.com,Legitimate
https://www.lwqqg.cn,Legitimate
https://www.novgorod-tv.ru,Legitimate
https://www.yeniasya.com.tr,Legitimate
https://www.idcservices.net,Legitimate
https://vfyspriorityone.weebly.com/,Phishing
https://www.citroen-arm.ru,Legitimate
https://www.primeserv.com,Legitimate
https://www.repairmymobile.co,Legitimate
https://www.xjpumps.cn,Legitimate
https://ppiylxckxmbyzoye.yexosak360.workers.dev/,Phishing
https://www.gameidr.com,Legitimate
https://us20.campaign-archive.com/?u=cea6bfaee9c461167fe5ec542&id=7892997a3a,Phishing
https://www.turkporno37.cfd,Legitimate
https://www.86hemat138.com,Legitimate
http://mjg.co.th/wp-content/plugins/postman-smtp/Postman/Postman-Mail/sendgrid-php-3.2.0/vendor/guzzle/guzzle/src/Guzzle/Plugin/Cookie/CookieJar/index.php?r=bD1odHRwczovL2ZyZWVtb3ZpZS10dndhbGxwYXBlci5jb20vP2NpZD1OekkyTmpNeCZlbT1iV0ZwYkVCelkyaHRhV1F0YjJ3dVpHVT0,Phishing
https://2fmab5.share-eu1.hsforms.com/2-MZSNEyDT2ed0MRoRajiGw,Phishing
https://qrco.de/bftsrN,Phishing
https://sites.google.com/view/krtdfdg/home,Phishing
https://www.mkri.net,Legitimate
http://sl-gm.com,Phishing
https://q-r.to/bfTeGI,Phishing
https://www.pressance.co.jp,Legitimate
https://docs.google.com/forms/d/e/1FAIpQLSfPgYqnmlWvIsCDHULLrb7MVEiobIDnvKJPwjZcQg4gEnTn-Q/viewform?pli=1,Phishing
https://www.smartprogramming.in,Legitimate
https://www.yaganaste.com,Legitimate
https://ancestralfoods.pe/css/,Phishing
https://www.hnlfsl.com,Legitimate
https://www.chikugo-ikoi.com,Legitimate
https://www.haitacdaichien.vn,Legitimate
https://www.telligenthosting.net,Legitimate
https://docs.google.com/document/d/1gZfevWg3wTdyBdUEnOId7hqRXePo6zLz676WqerZ-G0,Phishing
https://heyform.net/f/ab6VBRns,Phishing
https://www.hitoficial.com.br,Legitimate
https://hmbn0hyyzfua-pages-dev.translate.goog/www.jcb.co.jp.html?_x_tr_sch=&amp;_x_tr_sl=monex&amp;_x_tr_tl=ja,Phishing
https://miraculous-function-056364.framer.app/,Phishing
https://www.hagerty.ca,Legitimate
https://www.fsxuub.cn,Legitimate
https://www.netwire-solutions.com,Legitimate
https://www.citruscollege.edu,Legitimate
https://www.gaappeals.us,Legitimate
https://www.close-up.ru,Legitimate
https://www.35805.cn,Legitimate
https://www.dropbox.com/scl/fi/4rw18dyq49xz7lnjw35y1/A-new-invoice-is-now-available-for-your-account..paper?,Phishing
https://www.lovelemonade.com,Legitimate
https://www.c-nami.ru,Legitimate
https://www.aguilanet.com,Legitimate
https://ksh.bfm.mybluehost.me,Phishing
http://3567898079676576.hyperphp.com/,Phishing
https://www.paragonpc.net,Legitimate
https://us1.campaign-archive.com/?u=e86ec66f82619b5b259f686de&id=b17e6af651,Phishing
https://www.erocum.net,Legitimate
https://cancelar-cambio5.webcindario.com/,Phishing
https://www.travelplan.pt,Legitimate
https://www.sparkpaws.jp,Legitimate
https://www.revit.co.nz,Legitimate
https://www.arenaspace.ru,Legitimate
https://wcsakrjpm.firebaseapp.com/,Phishing
https://stratar.cfd/jp,Phishing
https://www.allawntech.com,Legitimate
https://www.goodhabitz.com,Legitimate
https://www.tweakyourbiz.com,Legitimate
https://docs.google.com/presentation/d/e/2PACX-1vR-DKm60PS6a2RC9l3YyuHnSFjHnQU9XtU9D8l7uVD0-sdUTmWbzyzBn0pUx9Ft84hHaunmStjfRMmf/pub?start=false&amp;loop=false&amp;delayms=3000,Phishing
https://respondto.forms.app/roofersnlondon247/bt-voice-note,Phishing
https://www.jetour-mclipetsk-lipetsk.ru,Legitimate
https://akunamatata00fdf45.firebaseapp.com/,Phishing
https://qrco.de/bfVwdC,Phishing
https://sites.google.com/view/sitehashfile/,Phishing
https://bac-cred0matic9.webcindario.com,Phishing
https://www.b2bwork777.top,Legitimate
https://www.primewinpg.com,Legitimate
https://www.faniq.com,Legitimate
https://www.in-app.io,Legitimate
https://mircopucci.it/wp-content/2wlB5xFwgjM2SBPbvaz2NRCQtMAl6BnZ/?id=fcb957167e1a25fa906b8cd390338adb&email,Phishing
https://www.chatzy.com,Legitimate
https://docs.google.com/presentation/d/e/2PACX-1vS4rM8kZqCIiIJaT9dPMRQof8A2Vuz7ZMmqKVPY2N6pZIXwGwAjQf8TCirGGKOHlbBB5l7a6rVaFiUs/pub?start=false&amp;loop=false&amp;delayms=3000,Phishing
https://www.lajmpress.org,Legitimate
https://www.project-syndicate.org,Legitimate
https://kqbfc9ih.forms.app/confirmationdepaiementrevolut,Phishing
https://q-r.to/bfPdOk,Phishing
https://www.marketstudios.com,Legitimate
https://www.p200m-spin.love,Legitimate
https://www.janibcn.me,Legitimate
https://new.express.adobe.com/webpage/fmuAIVw3Zt5y4,Phishing
https://docs.google.com/presentation/d/e/2PACX-1vSxSnsoZx3jB8Z3luRZQiWzZWh6CfvO7sMsVzpSW0stQdkdpsBIbA0FZpjXpRzI28n_MnKVu0N0Sd3U/pub?start=false&amp;loop=false&amp;delayms=3000,Phishing
https://www.catronauts.com,Legitimate
https://www.saltandwind.com,Legitimate
https://www.avalon.org.ua,Legitimate
https://www.hcn.com.au,Legitimate
https://www.stmk.gv.at,Legitimate
https://l.wl.co/l?u=https://qr-codes.io/RJt2By,Phishing
https://bafkreieq6dn24334yu7ftdk2b7hdq5kidvdz2twues6jnqk7y7t6upgmia.ipfs.dweb.link/,Phishing
https://www.guadalupecid.com,Legitimate
https://www.stokala.com,Legitimate
https://www.truepilots.com,Legitimate
https://l.wl.co/l?u=https://qr-codes.io/60fTwv,Phishing
https://q-r.to/bfKspd,Phishing
https://www.lanutrition.fr,Legitimate
https://att-log.ukit.me/,Phishing
https://qrco.de/bfG5Dd,Phishing
https://mailnaral.weebly.com/,Phishing
https://www.basketball.com.au,Legitimate
http://cce62b3cf261600.bubbleapps.io/#redacted@abuse.ionos.com,Phishing
https://dyhchvj.weebly.com/,Phishing
https://novoacesso.ru.com/,Phishing
https://cirrilla-stripe-form.web.app/,Phishing
https://www.fudaoyuan.icu,Legitimate
https://www.kitup.net,Legitimate
https://www.stiftunglesen.de,Legitimate
https://www.t-mobile.cz,Legitimate
https://www.brtko.cc/index.html,Phishing
https://www.gcorelabs.info,Legitimate
https://qrco.de/bfTmgi,Phishing
https://qrco.de/bfSR1t,Phishing
https://docs.google.com/presentation/d/e/2PACX-1vThdK2aLFFEk_TH67Z_S9z5lxt7-hf5k-rJewXmIOyvkIcuaElJW1FURuuWs-C1nWQzqZJH6Gh9q6Y7/pub?start=true&amp;loop=true&amp;delayms=1000&amp;slide=id.p,Phishing
http://cisco-chat-frontend.vercel.app,Phishing
https://bluegatecapitalfr.web.app/,Phishing
https://q-r.to/bfRJLG,Phishing
https://q-r.to/bfH3Hf,Phishing
https://www.umnxrc.net,Legitimate
https://storage.cloud.google.com/cmc111/dm.html,Phishing
https://www.pjnewsletter.com,Legitimate
https://www.govoyagin.com,Legitimate
https://www.fragrantica.de,Legitimate
https://pqkko.postmailcenter.cfd/v8/app/vive/login/sanjund?track=785212221536358544,Phishing
https://www.fsk-tech.ru,Legitimate
https://www.supermarketnews.com,Legitimate
https://abdrsd.github.io/well/,Phishing
https://bernard.programmation1418.com/,Phishing
https://bit.ly/48taHD9,Phishing
https://pal.bio/cnmrviscoy,Phishing
https://docs.google.com/presentation/d/e/2PACX-1vQm2GrOp-EtaiKXbmxblWQuerDpO_qIlYnWF__yK01fSXd47RCkwSinkxcw4PD15HdDuLWlcxxpm1xE/pub,Phishing
https://www.signalservis.net,Legitimate
https://sites.google.com/view/webjcbcxncb/home,Phishing
https://ipfs.io/ipfs/QmVrdxY3iE1eJ8cWsspYAE8H1Lp177ipD2Xq4gs2yf8hh6,Phishing
https://new.express.adobe.com/webpage/It039rdplDAuG,Phishing
https://myattvoicemessage.pory.app/,Phishing
https://sites.google.com/view/attas/home,Phishing
https://bit.ly/3BE37co,Phishing
https://www.stajler-d-2.ru,Legitimate
https://www.vietlott.vn,Legitimate
https://rp.mockplus.com/run/USgpMSpP6m/ncBCMfLoDh/backToHead?cps=hide&dt=iphoneX&ha=1&la=1&nav=1&out=0&rps=hide&rt=1&as=true,Phishing
https://www.przekroj.org,Legitimate
https://www.hexite.com,Legitimate
https://www.citymobile.co.jp,Legitimate
https://pub-76a9304a932643adbf7a4885a66451b4.r2.dev/8FDNKJNGVJKGH8IHCJHBVJKTEU8IYHTU7SGFDUYXZGCJXBVJKVBU8T4HGIUDHGBVJXCBVJCBVJKCEIGHXCDJKVNB.html,Phishing
https://www.vmdw.top,Legitimate
https://docs.google.com/drawings/d/1Kz25GclRzjNmMp5AnrXWAJ7OYODS3RGdhniGQiHdLTE,Phishing
http://imnotproudof.s3.us-east-1.amazonaws.com/signrecover.html,Phishing
https://ncsmaintenance.com.au/mentoraccount/Sites/index.html,Phishing
https://pub-15b1f71cb9484c93bce8a849fd74e154.r2.dev/index.html,Phishing
https://ipfs.io/ipfs/QmRbASuj6h6NtELiwAmGUXggcpNgA2h4xHr5F8hgxioQ3g,Phishing
https://www.twko.com.ar,Legitimate
https://qrco.de/bfTW7w,Phishing
https://www.sdcoe.net,Legitimate
https://regisdopmsld.webcindario.com/,Phishing
https://q-r.to/bfLILQ,Phishing
https://mymdcmiamidadecollege.ukit.me/,Phishing
https://www.usp.gv.at,Legitimate
https://www.thetexasflyover.com,Legitimate
https://www.u619.cn,Legitimate
http://suporteacess.net/verificacao/?id=m3u0v0@terra.com.br,Phishing
https://www.tks.eu,Legitimate
https://bit.ly/4d7lEeQ,Phishing
https://www.advertiserandtimes.co.uk,Legitimate
https://caseid1008934573489573489.firebaseapp.com/,Phishing
https://docs.google.com/presentation/d/e/2PACX-1vQ9JLb3Cbgh-6KzEkRna-oY822Ao3T64zWm355biGs4YS8Ht8DXVgOKtIUXoNJUp70q1GhY-_JmRjlR/pub?start=false&amp;loop=false&amp;delayms=3000&amp;slide=id.p,Phishing
https://busdmpunew.web.app/,Phishing
https://www.555rr.club,Legitimate
https://www.voy-storkpg.com,Legitimate
https://www.btndehaas.nl,Legitimate
https://cunyrequestcancellationform.weebly.com/,Phishing
https://www.g11betapi6.com,Legitimate
https://www.musc.edu,Legitimate
https://www.mynichedirectory.com,Legitimate
https://qrto.org/cxeg6q,Phishing
https://docs.google.com/presentation/d/e/2PACX-1vRNS86hNc53Pv1vnFrpPYUzxGQW4-g9J6e9n6OwfBLbwMThVIM4k48ofFTRhQ_5P554M9eIuMFn41Ry/pub?start=false&amp;loop=false&amp;delayms=3000,Phishing
https://share-na2.hsforms.com/1VF1RBEfSQxS99aqeULJZxA402of2,Phishing
https://bit.ly/3M0apt9,Phishing
https://uncosecurityhelpdesks.weebly.com/,Phishing
https://serviceorange7.godaddysites.com/,Phishing
https://www.todolicitaciones.cl,Legitimate
https://www.ronning.store,Legitimate
https://preview.studio.site/live/BXaxK3ynq7/1,Phishing
https://docs.google.com/presentation/d/e/2PACX-1vTy7Uf9-9uMyg53jy-oScGnY90rE3EHO4tYlasUxIlyG_l798XpYHg1EH8MIAuVAUD10g6l2kgBkeeu/pub,Phishing
https://qrco.de/bfI1XH,Phishing
https://www.seminteplante.ro,Legitimate
https://www.meatfly.cz,Legitimate
https://l.ead.me/bfJNm4,Phishing
https://us15.campaign-archive.com/?u=af0e15a1a9772b29002f125ba&id=1f5d35da83,Phishing
https://qrco.de/bfZ4gr?trackingid=GhA765f3KlPyzRB&amp;signature=newsletter,Phishing
https://www.patchi.com,Legitimate
https://www.bloggersdelight.dk,Legitimate
https://ib.adnxs.com/getuid?https%3A%2F%2Ft.co%2Fj04IYKFdlW%3Fappnxsid%3D%25$UID0evaqgnkqmJ8OFgQ7k21MxTyyTbqlz6Djfxw4vAPaxnqqq5idBOZ,Phishing
https://shaw-101828.square.site/,Phishing
https://qrco.de/bfKbMa,Phishing
https://www.tutedude.com,Legitimate
https://glen9a41.myportfolio.com/,Phishing
https://www.edpharmeasy.com,Legitimate
https://mattio.prioritaire-pickupfr.com/as.php,Phishing
https://nnfems.com/Webmail/48/Webmail/webmail.php,Phishing
https://acctverifytele.surge.sh/,Phishing
https://www.dropbox.com/scl/fi/eh90r4eud3alpnmphw553/BT-MESSAGE.paper?rlkey=12exlbiy5viecxorj80xym473&dl=0,Phishing
https://www.ballkiog.com,Legitimate
https://www.rcrsv.io,Legitimate
https://q-r.to/bfJWik,Phishing
https://www.mixthatdrink.com,Legitimate
https://bit.ly/3WSNQN6,Phishing
https://www.cubicbricks.com,Legitimate
https://qrco.de/bfYk24,Phishing
https://www.vcars.co.uk,Legitimate
http://pancakeswap-finance.fr,Phishing
https://bancoccidentex1.webcindario.com/?fbclid=IwQ0xDSwLLjntleHRuA2FlbQIxMQABHpRXAw3Y_nDvehaPGvO3BRlvLfdvHGOPQLfWPPdL1M0z5S5rPZKC0V1Wyur0_aem_HHYzkqHMvlHu7_uAjJkMDA,Phishing
https://uprava-eporezna.web.app/,Phishing
https://skill-game-ifood.vercel.app/,Phishing
https://www.snqmjs.cn,Legitimate
https://www.sharingtimeuha.com,Legitimate
https://storage.googleapis.com/srvrs-quarantine-update.appspot.com/index.html?email=,Phishing
https://sites.google.com/view/2023rurales/inicio,Phishing
https://docs.google.com/presentation/d/e/2PACX-1vQIPi4POBnTRhMYrDaRcU0mxioF6pVQ_BlY5TLV7ky6ah8rpsRzqg3-fSJiYPBj39KKKxpS_1KXuAz5/pub?start=false&loop=false&delayms=3000&slide=id.p,Phishing
https://www.northboot.xyz,Legitimate
https://away.vk.com/away.php?rh=028f161f-97be-41b8-80f8-6eba170dbffe,Phishing
https://us10.campaign-archive.com/?u=9415467c8c627102ea990f63e&id=c5829768b8,Phishing
https://docs.google.com/presentation/d/e/2PACX-1vT8AyrluI7tKPrB4SW3zS9xsBK1vAvn1bqSFdLLda_nZHKboUPUDPUEdvrMCnG4tIRHDQSYVo3bRuxc/pub?start=false&amp;loop=false&amp;delayms=3000,Phishing
https://www.insservicios.net,Legitimate
https://www.itep.ru,Legitimate
https://cedis-online.de/idn.php,Phishing
https://webportal.ghost.io/suite-en,Phishing
https://www.clarivate.com,Legitimate
https://www.gerpgo.com,Legitimate
https://bit.ly/4csYIH1,Phishing
https://www.medrar.sa,Legitimate
https://q-r.to/bfKlDO,Phishing
https://docs.google.com/presentation/d/e/2PACX-1vTcylJesW3aC2S9MbJkP4mGvz80Ney9brspeXAh_wameJhDIAIiQ8rjaQ_oBdbTvFSnlqmDEDy1gwLC/pub?start=false&amp;loop=false&amp;delayms=3000,Phishing
https://www.digitaltag.eu,Legitimate
https://app.flipsnack.com/private/95F758DD75E/bt0987654567mail,Phishing
https://www.formynews.com,Legitimate
https://www.wxhnm.com,Legitimate
https://rectfibz5.web.app/,Phishing
https://www.funnelsfy.com,Legitimate
https://q-r.to/bfFiJk,Phishing
https://www.onlinemarketingguru.com.au,Legitimate
https://www.zj29gj3g.com,Legitimate
https://www.spanias.com,Legitimate
https://bafkreicapqsmd4alwbc2qc3y2igsrhe63rffx5w2meqm3zhnkcpkiolmmq.ipfs.dweb.link/,Phishing
https://pub-52fba99061af4511b93951e7a5615c96.r2.dev/index.html,Phishing
https://www.kdlwpq.com,Legitimate
https://www.blinkdrive.cfd/kaqdwxhyzzcqMxfzzrukrt,Phishing
https://accede-info.webcindario.com/,Phishing
https://www.allweb-n-mobile.com,Legitimate
https://www.rhone-alps-hotels.com,Legitimate
https://mein-dkdb-de-cfe557efb5c4c83d6f5ef0f0.020ps-de.icu/togo/,Phishing
https://qrco.de/bfQgsnKSjdgjwrgrehgpeath,Phishing
https://sdoqv.numina.cfd/NmodWnfEpLpjMnhEVdy45th,Phishing
https://www.speakcdn.com,Legitimate
https://www.onlim.com,Legitimate
https://www.alphaschool.ir,Legitimate
https://qrco.de/bfMQOL,Phishing
https://hostalamengual.cl/plala.mail/jpn/webmai1/index.php,Phishing
https://sso.cuban.workers.dev,Phishing
https://www.hthrie77.com,Legitimate
https://bityl.co/S6v0,Phishing
https://n2mafl630.ukit.me/,Phishing
https://www.8839dd.com,Legitimate
https://sportybetadder001.weebly.com/,Phishing
https://www.sahibindenhosting.com,Legitimate
https://bit.ly/404MIru,Phishing
https://www.film-documentaire.fr,Legitimate
https://www.hhgltd-000.net,Legitimate
https://webmaileatelupdateveriiftaction.weebly.com/,Phishing
https://www.charliehr.com,Legitimate
https://www.turbico.com,Legitimate
https://www.seyho.ru,Legitimate
https://www.stsco.ca,Legitimate
https://docs.google.com/presentation/d/e/2PACX-1vRvjTXiPpSWy5956OJhUSsCIJBJjHq9XwY9j_ZlJdBhBUCyprYGTTNfU9Pu4uryFoMzdmzTnSExuMTm/pub?start=false&amp;loop=false&amp;delayms=3000,Phishing
https://storage.googleapis.com/great38/link.html#edtyyvjbkyncdpu.html/?6f.64.3d.31.73.79.69.36.39.35.65.38.65.66.36.33.39.64.63.35.31.61.6e.34.2e.36.73.68.7a.6a.79.73.2e.53.30.30.30.30.72.6a.70.65.70.67.32.70.31.77.30.76.74.5f.78.31.31.36.37.39.2e.6a.70.65.70.67MnpjYWNhLTJhOGVyNGM=3f2czT,Phishing
https://www.purenudism.day,Legitimate
https://www.jav321.com,Legitimate
https://www.wa-task.com,Legitimate
https://www.v-credit.su,Legitimate
https://sites.google.com/view/onlineemail890/home?authuser=1,Phishing
https://www.0527rx.cn,Legitimate
https://www.sk-incross.net,Legitimate
https://progression-encours.com/index.php,Phishing
https://czcijctga.web.app,Phishing
https://q-r.to/bfI2f3,Phishing
https://api.shopmy.us/api/redirect_click?clickId=ba167168-e68f-4b3a-a2c6-1d214d6a4d92&cid=user-1763-pin-2385798-puser-null&url=https://docs.google.com/presentation/d/e/2PACX-1vSrsEYtjhnyZ156Dnazc3Ve96KmFW5tMufIn7WbNIzQC8c41qXwFlogK5cWCd_PytaMrogDFF83pvf7/pub?start=false&loop=false&delayms=3000,Phishing
https://sites.google.com/view/webdeblack/home,Phishing
https://www.roqad.pl,Legitimate
https://track-10083.firebaseapp.com/,Phishing
https://www.isd-iberica.com,Legitimate
https://www.webone.se,Legitimate
https://qrco.de/bfHqrk,Phishing
https://docs.google.com/presentation/d/e/2PACX-1vS5jLILLS890CaOo2G7oDQrVkpAXCZBFDf6UWFfGAGOeesR1cPg_DXof1vyeWYhlaOM-FxLe_i--oFM/pub?start=false&amp;loop=false&amp;delayms=3000&amp;slide=id.p,Phishing
https://ipfs.best-practice.se/ipfs/bafybeibxtd64bmzshy5toxirjnutdfkglizuqy4j3e27gss7qd2z74ems4/link.html,Phishing
https://www.cca.gov.tw,Legitimate
https://therealnewsviews.com/,Phishing
https://www.hstxh.cn,Legitimate
https://www.craftbuddyshop.com,Legitimate
https://www.nedap-bi.com,Legitimate
https://www.apts247.com,Legitimate
https://www.intsmarthub.com,Legitimate
https://www.indie-rpgs.com,Legitimate
https://www.syntegon.com,Legitimate
https://zpr.io/AA3XXfPgxU4u,Phishing
https://www.theculturetrip.com,Legitimate
https://bt-service.plutio.com/p/form/Q4JFFerGNzJR6zeJY,Phishing
https://www.compileheart.com,Legitimate
https://l.ead.me/bfKWJ7,Phishing
http://xp0.936.mytemp.website,Phishing
https://www.sebrae.com.br,Legitimate
https://docs.google.com/presentation/d/e/2PACX-1vQ6RJ_ciOrF6sA-AePw2x3010rAGxYjj-SvdpUtdRGCfkJ9tea5Z-mLCWNgtlZUznGgoC7zRAQXzej7/pub?start=false&amp;loop=false&amp;delayms=3000,Phishing
https://www.unitednude.eu,Legitimate
https://www.xn--d1ao9c.xn--p1ai,Legitimate
https://www.pinkoclub.com,Legitimate
https://www.insproserv.net,Legitimate
https://www.cartovista.com,Legitimate
https://q-r.to/bf9mfl?paypal,Phishing
http://allegro.pl-12879.shop/,Phishing
https://review-opendocx.myportfolio.com/,Phishing
https://docs.google.com/drawings/d/1tdqOXXRin_JqHA9kPy46nL8LxKnw5l_e9s5afeX10Ys/edit,Phishing
https://iccu-ie.web.app/,Phishing
https://pub-9b11424501904ee9ad4b957628739e4e.r2.dev/index.html?d35f58e968e93be41f568a7e619ddc,Phishing
https://vkontakte.ru/away.php?cc_key=cvJNXU&to=https%3A%2F%2Fvps62811.inmotionhosting.com%2F%7Eempirene%2Finc.php%3Finc,Phishing
https://www.sisli.edu.tr,Legitimate
https://www.woodloch.com,Legitimate
https://www.ladyalba.co.kr,Legitimate
https://www.cosmicoasisclutch360.com,Legitimate
https://www.newspaceeconomy.ca,Legitimate
https://www.deportivoaat.com.ar,Legitimate
https://ppnpmq2.cn/JA/,Phishing
https://docs.google.com/presentation/d/e/2PACX-1vQhWZvD3f5Pt8yQPUzT8MSKwtWQbe2zfOVGnpeCOwbILdDp0PgTHD2V3NzUP30wPZm9FyX3CGO04x49/pub?start=false&amp;loop=false&amp;delayms=3000,Phishing
https://bit.ly/45QDfVX,Phishing
https://mrelay.suivi-fr.com/as.php,Phishing
https://www.sex2021.com,Legitimate
https://docs.google.com/presentation/d/e/2PACX-1vQfxz01iMvshBTb8Gs6VO4BDE8EAtMXAm6WvxwQpwWJx8i0MLlTyQMcSzVkJqptPUCt0cNS95gaC5P_/pub?start=false&loop=false&delayms=3000,Phishing
https://www.langel.jp,Legitimate
https://www.eldiadevalladolid.com,Legitimate
https://bafkreiawvmagzhqhvkjkimnrh5bo5lz7l6skljysemtbpmyxrzm6l7rhbi.ipfs.dweb.link/,Phishing
https://www.onhamravesh.ir,Legitimate
https://www.postoast.com,Legitimate
https://rferedef.weebly.com/,Phishing
https://www.sitehostlive.com,Legitimate
https://ipfs.io/ipfs/QmfEaQHJoHhVtPX27VtztNcx1kr9CDJLVCuifi3z12oRM6,Phishing
https://pageseuc1.actmkt.com/(S(22j1y4pervwjbmdpqk2vwd1w))/l/c5X8MfZz6j9Y7Fto3LAd,Phishing
https://voospromocionaisstam.com/checkout/68a3c0fa2c8d2/index,Phishing
https://l.ead.me/bfJsJz,Phishing
https://www.shop-external.amazon,Legitimate
https://www.accessiway.com,Legitimate
https://docs.google.com/presentation/d/e/2PACX-1vSyyQGjEIoQc5Yd3dMRWKs7aSmh1Sh5_BC2e2vpAy4jRFf1-FWEd7M4dacCPMwvvDkWXf3MhW6gNYud/pub?start=false&amp;loop=false&amp;delayms=3000,Phishing
https://www.vivien-mall.com,Legitimate
https://mailitisit.weebly.com/,Phishing
https://www.banzaibet-cz.com,Legitimate
https://r20.rs6.net/tn.jsp?f=001DyN8jWzzQIHAAePR7Q0VQ3xRVDlomtsPrwTuh179hnxsuPaaR3ENj7zpVyRnBO7TuvOrqXFP0yVqmnnUv_jQiyN1AazBQ4HZYP-eJrt_KQ5jUr5NeQn69lQJMtHtv28TxdwbK9aW_hOsFu36i2jEo4Y6af8Si0FtZ0m43WoK9GA==&c=&ch=&__=/filebillz/Tax-cpa/paulmetz@tax-cpa.com,Phishing
https://www.prosimpsonov.ru,Legitimate
https://qrco.de/deh432,Phishing
https://www.multi-manga.today,Legitimate
https://l.ead.me/bfG1hP,Phishing
https://www.manningkass.com,Legitimate
https://interacty.me/projects/9915331d895e1169,Phishing
https://cli.re/XjWrQa,Phishing
http://4bda47f3.noticiasyofertas.com/,Phishing
https://l.ead.me/bfKASoCmoasdweighrepbv,Phishing
https://us1.campaign-archive.com/?u=1d88d7625975843907d466e2b&id=0749f07155,Phishing
https://www.alldocumentsviewer.pro,Legitimate
https://livraison-consignation.com/,Phishing
https://www.1xbet-enrf.top,Legitimate
https://mbrfornos.com.br/weds.html,Phishing
https://tracking.postlogistics.ch/dcr/B6D472FB3D5C4E8F885434C179132ACC,Phishing
https://cheriechefhereyfher.firebaseapp.com/,Phishing
https://www.aimst.edu.my,Legitimate
https://bit.ly/3ZnKthc,Phishing
https://www.downloadmp3flac.com,Legitimate
https://acount-verifieds.start.page/,Phishing
http://hmqffaybunxokyanpnxi-9blg-ggh.vercel.app/link(1).html#ZaWyrx)A04)3O616E1)D1155)1I3FB3)2BEK)0)0)0)49)9E)D)630)4GA)IOA6)83,Phishing
https://bit.ly/3Ynvp4p,Phishing
https://www.bustyxgirl.com,Legitimate
https://docs.google.com/presentation/d/e/2PACX-1vTYaRwsEFCbBpVKAXbm8yjeVMtzsyC-7EMThJBLyXHaVN9Ljwl84KADyM4TdKLUwFld0z6nwZ9OM7qb/pub?start=false&loop=false&delayms=3000,Phishing
https://bit.ly/3WT008A,Phishing
https://qrco.de/bfTZdl?userID=X92RHR4o,Phishing
https://sites.google.com/view/assistancemisecaauthen/accueil,Phishing
https://docs.google.com/presentation/d/e/2PACX-1vQaNNcqAgIMF0ERUU-y7tt9Mr6gwluHeQ5HZaNOdTNwW2FNzJa1XjAztO4IOz3yExiXCkqHtOxnLo6_/pub?start=false&amp;loop=false&amp;delayms=3000,Phishing
https://www.relaid.net,Legitimate
https://docs.google.com/presentation/d/1YG3DpK2t1U8yuKaLf4q4geb8JuQ1GFBa27hDJh-vRAM/pub?start=false&loop=false&delayms=3000&slide=id.p%3E,Phishing
https://iplis.ru/ui-ASTl,Phishing
https://bit.ly/48DHZ2r,Phishing
https://5280sin.com/Docu-ment/,Phishing
https://www.artviewer.org,Legitimate
https://www.clothkits.co.uk,Legitimate
https://l.ead.me/bfa2Pc,Phishing
https://bit.ly/3Bt5Hm4,Phishing
https://parking-pcnhe.vip/index.html,Phishing
https://arcetvnczkfkhmqzs.web.app/,Phishing
https://nnfems.com/Webmail/32/Webmail/webmail.php,Phishing
https://q-r.to/bfJY2v,Phishing
https://www.apexmagnets.com,Legitimate
https://www.magnusskillsmart.com,Legitimate
https://www.math10.com,Legitimate
https://docs.google.com/presentation/d/e/2PACX-1vQPi9apUYdiDyx-gbDUzmk-EQZfVePFsIL-EHPEM59YHspjtx01-U35tE-qg-Tqoe22i1PEIqtwwQ7Y/pub?start=false&loop=false&delayms=3000,Phishing
https://docs.google.com/presentation/d/e/2PACX-1vQ953e4mjl2dI3BXvGCOmVWWht7lXNhHKkbdm0xyhviSilM5w05jyu347IR41CrXlmPohhOkG5-Gmmb/pub?start=false&amp;loop=false&amp;delayms=3000,Phishing
https://www.persiankhodro.com,Legitimate
https://l.ead.me/bfO74s,Phishing
https://bietdoipokemonicefr.firebaseapp.com/,Phishing
https://www.martin-casino208.com,Legitimate
https://www.shanfujia.com,Legitimate
https://robin-hood.w3spaces.com/,Phishing
https://bridge-pulsechain.pages.dev/,Phishing
http://anandsr-dev.github.io/facebookclone/,Phishing
https://bafybeiecskey3xtwox3um4c5orbnktky34nlay64a2ibr7j4ctp5xuro3a.ipfs.w3s.link/Potwierdzenie operacjiRotatabl111111111111346347547.xlx.z,Phishing
https://www.loopclub.io,Legitimate
https://www.kleanbeauty.co,Legitimate
https://sites.google.com/view/btconnecttta/,Phishing
https://www.dropbox.com/scl/fi/37jva6e0emybt7wgyypg8/CLICK-HERE-TO-CONTINUE.paper?rlkey=rwq5nurdal10rrsru60g96jc9&dl=0,Phishing
https://infopages-adsbusiness-acc-956.github.io/subiduk/homes/,Phishing
https://cpanel-webmail-u42jkvytcc.pages.dev,Phishing
https://docs.google.com/drawings/d/1f1w5kzQB9sULHQLLyGGnvB0PGBvg6PBFjWtxxUx0qGM/edit,Phishing
https://www.prodly.ru,Legitimate
https://www.arabicdawateislami.net,Legitimate
https://new.express.adobe.com/webpage/y9JB6Po10IKh2,Phishing
http://uhcthankyou.com,Phishing
https://new.express.adobe.com/webpage/BapFdY7ZDeOi4,Phishing
https://afswkwveam.web.app/,Phishing
https://actvebnpapp.firebaseapp.com/,Phishing
https://www.ubse.org,Legitimate
https://www.sexosochi.guru,Legitimate
https://ggwdd3d114-pages-dev.translate.goog/support.apple.com.html?_x_tr_sch=&amp;_x_tr_sl=monex&amp;_x_tr_tl=ja,Phishing
https://docuslots-port-folio.myportfolio.com/,Phishing
https://ldyflaj50.ukit.me/,Phishing
https://l.ead.me/bfHq00,Phishing
https://www.lincolncanada.com,Legitimate
https://www.firstinmath.in,Legitimate
https://ndax-login-access.typedream.app/,Phishing
https://hipolink.net/lkop,Phishing
https://www.parsky.com,Legitimate
http://sarosgourmet.com.ar/wp-content/de/servicekarten/,Phishing
https://www.google.com.bn/url?fnc=a9XTEoexMBpyPYn99soX&ndp=m6lKEDZMuBIQeZn7RBkX&sa=t&pfuv=BY2IJKbokHGBEdfDSRyz&ncbe=tA02sXUJ4dkStFSKl5Bg&db=oBemf3zEg5VOxgJRxd3H&fg=SSndprYXntqQtLjEHziw&url=amp%2Ftiecteabreak.com/tmp/,Phishing
https://www.nac.no,Legitimate
https://q-r.to/bfEjP0,Phishing
https://docs.google.com/presentation/d/e/2PACX-1vTt6xNTv15JRxN1qjuaEGbD-I4ruqksA0gsf6mcLZhQOoifjEYbl7MOnQP9p3rg98t4XB4EVp4U-5Tk/pub?start=false&amp;loop=false&amp;delayms=3000,Phishing
https://www.cakeresume.com/s---g4TX1XEL0fjDQsbPI7orw--/att-mail-login,Phishing
http://allegrolokalne.pl-smart95781242.cfd,Phishing
https://www.autoline24.eu,Legitimate
https://qrco.de/bgGsHx,Phishing
https://mweb0nlinehaverstersculog0n.weebly.com/,Phishing
https://pub-8580081af55240e892c6b1ee029c6c6f.r2.dev/index.html,Phishing
https://www.barneys.co.jp,Legitimate
https://floridainternationaluniversity.ukit.me/,Phishing
https://tapk.it/brandnewconnectlv0iceph,Phishing
https://l.ead.me/bfNayI,Phishing
https://www.xyawl.com,Legitimate
https://www.eko.org,Legitimate
https://shaw-107370.square.site/,Phishing
https://www.koreatimes.com,Legitimate
https://bit.ly/3WQTYo2,Phishing
https://sweepstakes803.godaddysites.com/,Phishing
https://www.locanto.at,Legitimate
https://qrco.de/bfK5aM,Phishing
https://www.dropbox.com/l/AABE5o9b3YNwiZ0-obuNQmtoe1BQ_7RuKW8&quot,Phishing
https://www.memolife.de,Legitimate
https://docs.google.com/presentation/d/e/2PACX-1vT0E0rxMyPfx8UlYfWejnCyKJp4ZI9toEoJdbZDIodXeFs5Nhs9NDyM9T-4_1opzoSEqoA4506ne7Kl/pub?start=false&amp;loop=false&amp;delayms=3000,Phishing
https://pub-5fb92cb47f4a40adadd32fbd40959d88.r2.dev/owaone.html,Phishing
https://bit.ly/3ybf4oL,Phishing
https://ur0.jp/kUzOb,Phishing
http://www.dropbox.com/scl/fi/ef47nqebgnui5shjd9uzv/2024-BTINTERNET-VERIFICATION-BELOW.paper?rlkey=xd1cv3lnxvsfs0es2el099z4x&dl=0,Phishing
https://www.etoile.co.jp,Legitimate
https://bit.ly/4d1EbZG,Phishing
https://www.oblak.host,Legitimate
https://mineraflorajulia.pe/portal/medieval-legends-competition-a7m5a6v8t9n5p2e0o1g3q4f6g9q1,Phishing
https://l.ead.me/bfRtcl,Phishing
https://www.forzastyle.com,Legitimate
https://www.izea.com,Legitimate
https://www.datacenterunited.com,Legitimate
https://www.easytelugutyping.com,Legitimate
https://scedasterminalfr.web.app/,Phishing
https://surli.cc/xgfvnx,Phishing
https://docs.google.com/presentation/d/e/2PACX-1vSnK6VFz-yEGcxHX9n9f-X9Pp5zmCdwDVve32vEYjJwgi0kq_dRj-sfVKS6KfEo5sH0CmYclR1j35vD/pub?start=false&amp;loop=false&amp;delayms=3000&amp;slide=id.p,Phishing
https://pub-22cd87913c484496a71b7d21d6243800.r2.dev/index.html,Phishing
https://www.swot-analiz1.ru,Legitimate
https://qrco.de/my6Gov1yOJ,Phishing
https://www.sportsdzen.ru,Legitimate
https://www.mahagenco.in,Legitimate
https://docs.google.com/presentation/d/1maoRWuM87m5oY8m5x9cJbg7LsngPdF4a7Q8YQLODtbc/pub?start=false&amp;loop=false&amp;delayms=3000&amp;slide=id.p,Phishing
https://www.fng.or.jp,Legitimate
https://l.ead.me/bfJNar,Phishing
https://www.shdadai.cn,Legitimate
https://ipfs.best-practice.se/ipfs/bafkreieova3vg7waahr6ixfgtleiphgu6pzimlatmxd2d6hj2mgpk3etgu,Phishing
https://www.foreca.fr,Legitimate
https://www.handbookgermany.de,Legitimate
https://www.webllanes.com,Legitimate
https://www.tenpine.ca,Legitimate
https://www.mmmcc191.com,Legitimate
https://www.besplatnipornofilm.com,Legitimate
https://www.vip57.cn,Legitimate
https://www.exodus_walet_blog.godaddysites.com,Phishing
https://www.localhostllc.com,Legitimate
https://sid-check-aktivierenupdates.web.app/,Phishing
https://ipfs.best-practice.se/ipfs/bafybeigzapvok3ig4wctns2nuvbeolpjvjvxzxsq7xylsdcyq7lfrx5xe4/,Phishing
https://www.olgakorobeynikova-quantum.com,Legitimate
https://new.express.adobe.com/webpage/MoJ0jIHRzGLSl,Phishing
https://www.xt.com,Legitimate
https://www.uwants.com,Legitimate
https://jjuhhhhhj.weebly.com/,Phishing
https://www.bjguahao.cn,Legitimate
https://www.flowcode.com/page/attupdatemail89,Phishing
https://webmail-ionos.de-en.cc/,Phishing
https://www.dropbox.com/scl/fi/wa64hhr0dgu4rdfmz2fpb/Microsoft-Outlook.paper?rlkey=homn8p824lcf9it28pbsjg820&st=erso755x&dl=0,Phishing
https://www.newh24.casino,Legitimate
http://cc28012.tw1.ru/web/depart.php,Phishing
https://cl.s13.exct.net/?qs=fe0a363f78548551bd40cbdabeda0d1c61565b255308a26b5740d1fcdca60e2fbec8275edf49076fecd3e1eadb9f69a9,Phishing
https://wgejdkn.com%E2%88%95wdQzzjbaO%E2%88%95zSRLtc%E2%88%95QhLnOxdlA@oitsfuk.cn/fcvbduh.co.jp,Phishing
https://docs.google.com/presentation/d/e/2PACX-1vTJFyZX1MCcbHb9F7sE-Y6icNXAu5eCvoTujsqF87O8TRfdkoHfDRizGWlTwRDcdeCh6GatbcG00REe/pub?start=false&amp;loop=false&amp;delayms=3000,Phishing
https://www.kingdomtotox40.com,Legitimate
https://bit.ly/3BlIHop,Phishing
https://9013351951-1.github.io/8066237985/,Phishing
https://www.runsignup.com,Legitimate
https://www.mncportal.id,Legitimate
https://www.elitespinscorner.com,Legitimate
https://docs.google.com/presentation/d/e/2PACX-1vQSTRuSjrImE6CxPVmmYjYmHs7kZHuW3pcEmNRmRonAZXmFoaueCjdgih8g-Vi7LcLcjvZef3M_jwlZ/pub?start=false&amp;loop=false&amp;delayms=3000,Phishing
https://www.nimml.org,Legitimate
https://www.shwlzp.com,Legitimate
https://www.xaqqjy.com,Legitimate
https://www.mediashaker.com,Legitimate
https://q-r.to/bfYRCg,Phishing
https://pub-ef3fd80c221d4f8280c3983ba416511b.r2.dev/index.html,Phishing
https://docs.google.com/presentation/d/e/2PACX-1vRI1-V0PJHmf4VfZpX-XGsCekkaQXJnr4NoAH0Mwx_v4DTyUFC3LjWK484op0fNekRJLygUdBfFgb2q/pub?start=false&amp;loop=false&amp;delayms=3000,Phishing
https://noumanouvellexa.web.app/,Phishing
https://www.smartgslb.com,Legitimate
https://www.viralurl.com,Legitimate
https://sertyxese.myfreesites.net/,Phishing
https://qrco.de/bfJrjZ,Phishing
https://www.dropbox.com/scl/fi/1bdtjdr20ibiyqb85g76o/BT-MAILBOX-AUTHENTICATION.papert?rlkey=yzjltopdf2s111tqmr7wntz8x&dl=0,Phishing
https://qrco.de/bfY0wa,Phishing
https://bafkreih7uvybroqnttryxb6j4g6y2b3an5qfhvbb5zkdcsqv2tiaxur4xy.ipfs.dweb.link/?Q4Z6X2PJB=P8Q4K2J7XNbGx1Y2lvdXNAZNL9V2KJ7QPXRpc2FsYXQuYWU&amp;mode=retrievalJ3VBX4L2PW,Phishing
https://www.pwrgamerz.com,Legitimate
https://www.elektron.com.ua,Legitimate
https://www.whouphesaussums.net,Legitimate
https://www.jacket2.org,Legitimate
https://www.rustmagic.com,Legitimate
https://www.johnfbdq.com.cn,Legitimate
https://peterrivers106719186.activehosted.com/admin/archived_user.php,Phishing
https://www.napps-3.com,Legitimate
https://sites.google.com/view/jzjz/home,Phishing
http://safetyculture.pensioensimpel.nl,Phishing
https://www.gemalunartienda.com,Legitimate
https://www.genelec.com,Legitimate
https://docs.google.com/presentation/d/e/2PACX-1vROfm8LmauNUD1Jtk59ABM_XKttFK1C_wOc1IUY-NcM4eGQMFwLtTWral2vCOKOGP8u31EJ1GRKAL8h/pub?start=false&amp;loop=false&amp;delayms=3000&amp;slide=id.p,Phishing
https://mailsecurecontentalert.weebly.com/,Phishing
https://q-r.to/bfKLkl,Phishing
https://sites.google.com/view/sdisdgius/accueil,Phishing
https://protect-enable.web.app/,Phishing
https://www.raininghotcoupons.com,Legitimate
https://www.bdirectoryhosting.com,Legitimate
https://bold-prod-347011.web.app/,Phishing
https://www.hoosieragtoday.com,Legitimate
https://pub-796ea05ad21641f5ae9830fd97972aba.r2.dev/index.html,Phishing
https://hm.ru/xsCkFs,Phishing
https://cgundersonart1.wixstudio.com/my-site-1,Phishing
https://www.rtpjaminanmenang.com,Legitimate
https://www.resmed.eu,Legitimate
https://l.ead.me/bfdQEy,Phishing
https://www.grip6.com,Legitimate
https://www.100up.ru,Legitimate
https://docs.google.com/presentation/d/e/2PACX-1vTdy_Cpz_ZHJhh6co6p66DIZM-mLDCtP0mh9AwXEBGZ2WyVlvTOrjGBT7zj70WwN-K6JDUi47twpjyK/pub?start=false&amp;loop=false&amp;delayms=3000&amp;slide=id.p,Phishing
https://www.milenetwork.co.id,Legitimate
https://www.littleadventureshop.co.uk,Legitimate
https://www.uk.co.th,Legitimate
https://www.loescher.it,Legitimate
https://www.buddemeyer.com.br,Legitimate
https://docs.google.com/presentation/d/e/2PACX-1vRUcrjXlfp9s4DcnQzNTU3qQ4msYpMJ44MtWlvDKUeDHFd2N3m6maWMqcoX1bXCB07FMnLu5H_o2aBl/pub?start=false&amp;loop=false&amp;delayms=3000&amp;slide=id.p,Phishing
https://www.tsptalk.com,Legitimate
https://www.365mashbir.co.il,Legitimate
https://www.biospheretourism.com,Legitimate
https://l.wl.co/l?u=https://qrco.de/kajneorhaslfbsekrgehjaksdfwfg2,Phishing
https://sites.google.com/view/broadbandbill/home,Phishing
https://www.neptunedirectory.com,Legitimate
https://www.avchernov.ru,Legitimate
https://www.malabs.com/login,Phishing
https://www.boldservers.ro,Legitimate
https://q-r.to/bfHr2Q,Phishing
https://www.tcsalarm.com,Legitimate
https://docs.google.com/presentation/d/e/2PACX-1vSbkTpkvIo_ZW4571dX9OJW8EmfdGS-R7owj4_ZcyyzZflD9CYH2ISFXC-yVa93rklP9qSIPWuxWk1o/pub,Phishing
https://bit.ly/3Dczj7F,Phishing
https://new.express.adobe.com/webpage/Pp6uCF9B4LkjE,Phishing
https://www.cng-inc.com,Legitimate
https://www.mmfsl.com,Legitimate
https://www.anveshan.farm,Legitimate
https://acnote009.firebaseapp.com/,Phishing
https://verfddonecnbm.web.app/,Phishing
https://qrco.de/bfWRoT,Phishing
https://docs.google.com/presentation/d/e/2PACX-1vQBK5A9V5YY1rkKONZIUmh44j2l45mKrXXmBDuTI0xWJoY5e4ry_nn4Jf7fhvMNJUIbJt_27z0lFFuW/pub?start=false&amp;loop=false&amp;delayms=3000,Phishing
https://trackid-za2702.web.app/,Phishing
https://www.pomnivsegda.ru,Legitimate
https://l.ead.me/bfJLyr,Phishing
https://docs.google.com/presentation/d/e/2PACX-1vTgf541LL6Trrr4YKEAb7smUcqGydWSqzkZGS_22DvOXURFPNWnNAOsjPTRoyDaVAdnJTix59D6gHeR/pub?start=false&amp;loop=false&amp;delayms=3000,Phishing
https://bafkreicrpyibmvh75g5btx6rpsedewjjacffbsm3g3ovmxs7pmwm4cmpsi.ipfs.dweb.link/,Phishing
https://qrco.de/bfKL2Z,Phishing
https://new.express.adobe.com/webpage/2LO4J5qgUesRu,Phishing
https://careerskillsprofr.firebaseapp.com/,Phishing
https://www.cutimes.com,Legitimate
https://docs.google.com/presentation/d/e/2PACX-1vRw50viMGyL6aMWX7BGTHgYlrQ3CGUIAoH3ACYWw9GBr-pfF3EUDV1pEW8uStGeWJQRlJp3uXk6_Vgx/pub?start=false&amp;loop=false&amp;delayms=3000,Phishing
https://www.ambon4d.site,Legitimate
https://www.ctomsinc.com,Legitimate
https://us2.campaign-archive.com/?u=c1a1fac5fa179841c92484033&id=41c898efba,Phishing
https://rpcsecurefix.netlify.app/,Phishing
https://myfwccu-acc-sec.weebly.com/,Phishing
https://goldenalaska.biz/Cyon/login.php,Phishing
https://pub-8d5db9a617e94c679f75231af12453aa.r2.dev/link.html,Phishing
https://www.rcmp-grc.gc.ca,Legitimate
https://docs.google.com/presentation/d/e/2PACX-1vTrogT6r6VoJSt2IWR2nurJCiZ2N5qNJVh73nHIaqzyoDwvn7jT7-j3dnG3Mw-ps1JGHhOrfwj5w0qc/pub?start=false&amp;loop=false&amp;delayms=3000,Phishing
https://www.pochampallysarees.com,Legitimate
https://www.tkflink.com,Legitimate
https://www.hanginghyena.com,Legitimate
https://www.ultratech.com.bd,Legitimate
https://pub-5f11b9974e614f609e3a198a30489fef.r2.dev/cfrtcdex.html,Phishing
https://www.techadmi.edu.tw,Legitimate
https://gov-gr-auth.firebaseapp.com/,Phishing
https://yocopayme.firebaseapp.com/,Phishing
https://www.pensamentodeprazer.com,Legitimate
https://l.ead.me/bfXuFG,Phishing
https://peeldsb-rnicrosoft-login.work.gd/,Phishing
https://www.turkeeva.ru,Legitimate
https://www.fixtur.es,Legitimate
https://server94939434.firebaseapp.com/,Phishing
https://docs.google.com/document/d/1ZGeAzvCAzwaoCuwXjGqU8dYMrOLSVlXio5jK_L29734,Phishing
https://qr-codes.io/Iig7YN,Phishing
https://tinyurl.com/3b87stpd,Phishing
https://www.chrono24.de,Legitimate
https://qrco.de/bfL5LX,Phishing
https://www.minesweepergame.com,Legitimate
https://www.xn--v6cads3b0a7cjb7eo8fcus5e1bzg5ab2he.com,Legitimate
https://www.prizesearchthree.com,Legitimate
https://www.alveolashop.hu,Legitimate
https://pub-26befcb67f4e49c6800994554427a82c.r2.dev/docxsharedd.html,Phishing
https://bit.ly/3Ygle1f,Phishing
http://armourersandbrasiers.co.uk,Phishing
https://www.dhsgsu.edu.in,Legitimate
https://us10.campaign-archive.com/?e=f99d2dca67&i=*%7CITERATION_UNIQUE_ID%7C*&u=026cb5036bc92af0d9d74ae13&id=a99e458568,Phishing
https://www.relax-porn.com,Legitimate
https://owacredilityaccess19.weebly.com/,Phishing
https://www.21cst.com.cn,Legitimate
https://www.sugardaddyy.com,Legitimate
https://www.popwall.cn,Legitimate
https://njjisheng.net/reros/pfop/authl/scpfop/hj_index.html,Phishing
https://www.retrobowlgame.io,Legitimate
https://cryptx.capital/wp-login.php?redirect_to=https://cryptx.capital/wp-admin/admin.php?page=Wordfence,Phishing
https://www.gmasia.cn,Legitimate
https://q-r.to/bfPLdB,Phishing
https://sites.google.com/view/de-lo-contrario-sus-productos/inicio,Phishing
http://allegrolokalnie.oferta-65782909-kategoria-dla-ciebie.sbs,Phishing
https://www.fourdayclearance.com,Legitimate
https://b.656602.com/,Phishing
https://bafkreidktz66bs47ukhnnkuq3nzpitgbt6ffsvxrlqtzk4fyc24kffl73e.ipfs.dweb.link/,Phishing
https://www.dropbox.com/scl/fi/ylbkr5pqwvb95x5tsb49d/VlEW-YOUR-BlLL-BELOW.paper?rlkey=7knjgohrpvyax9vm7av2vruxa&st=d6etonw3&dl=0,Phishing
https://www.hianime.do,Legitimate
https://ex-web3-exdous.teachable.com/p/home,Phishing
https://www.7a04.org.cn,Legitimate
https://www.sampltech.com,Legitimate
https://izunsdzskbrgek.web.app/,Phishing
https://www.boinkers.io,Legitimate
https://www.reduxframework.com,Legitimate
https://l.ead.me/bfNVY0,Phishing
https://qrco.de/bfWrEk,Phishing
https://xfinitywebmailw3r.weebly.com/,Phishing
https://www.euro-net.ru,Legitimate
https://us20.campaign-archive.com/?u=3b8817487f26ed7be2ba76c0e&id=c5ea1a7e76,Phishing
https://new.express.adobe.com/webpage/GjUsx1mcekSA5,Phishing
https://www.awehunt.com,Legitimate
https://www.dropbox.com/scl/fi/wjux6oiyuxicf2uj7i96x/BT-Broadband.paper?rlkey=veguqt34wqm3h2lqcswfrrtjo&dl=0,Phishing
https://terminatorios.firebaseapp.com/,Phishing
https://www.askci.com,Legitimate
https://www.yaizu.lg.jp,Legitimate
https://treddlinecoat.web.app/,Phishing
https://www.treloarroses.com.au,Legitimate
https://www.blogspirit.com,Legitimate
https://www.respondeai.com.br,Legitimate
https://www.secureemailportal.com,Legitimate
https://www.lacocraft.us,Legitimate
https://www.netlifyglobalcdn.com,Legitimate
https://www.gazetapolska.pl,Legitimate
https://www.starrisinggames.com,Legitimate
https://pub-4e7ab78c1eab45acbacdb8706451aa06.r2.dev/administrationsupport.html,Phishing
https://www.topcasinopromocodes.com,Legitimate
https://new.express.adobe.com/webpage/oR8qOtZXpCBH1,Phishing
https://www.wholeandheavenlyoven.com,Legitimate
http://odeesa.com.mx/.well-known/pki-validation/wp-file-manager/lib/img/ions.com/#redacted@abuse.ionos.com,Phishing
https://www.moverbet-cassino.com,Legitimate
https://qrco.de/bfMBUb,Phishing
https://pub-9214682dcdd74d1b9b164eb36e9993fe.r2.dev/onedrive.html,Phishing
https://www.happystove.com,Legitimate
https://www.1v1me.com,Legitimate
https://www.meeting-vip.com,Legitimate
https://www.techeye.net,Legitimate
https://klelnanzeigen-deutch.rajengg.com/320557303?use=13,Phishing
https://pichinch-sporte.webcindario.com,Phishing
https://bit.ly/4ed9xN7,Phishing
http://213.253.215.149:80/mainFrame.htm,Phishing
https://bit.ly/3xyxwHG,Phishing
https://qrco.de/bfMibq,Phishing
https://www.yolkandwhim.com,Legitimate
https://freepixelworldgems.weebly.com/,Phishing
https://sites.google.com/view/mjygkf7rn146epd68apvflbflmjygk,Phishing
https://www.eyangultra.com,Legitimate
https://www.esc.net.au,Legitimate
https://rackspacebuildmail.weebly.com/,Phishing
https://www.iceico.in,Legitimate
https://QRrQG.hbpetud.cn,Phishing
https://www.chalhoubgroup.com,Legitimate
https://server-107024.square.site/,Phishing
https://bcyql.numina.cfd/HnodWnfEpQOjMnhEVdyubth,Phishing
http://cq13541.tw1.ru/web/depart.php,Phishing
https://pub-49c39047b2314447857f660f5d89d43e.r2.dev/conversaxcxczxczxzczcwqqwwwq.html,Phishing
https://www.excess.com.mx,Legitimate
https://docs.google.com/presentation/d/e/2PACX-1vSUFPtecilQ3qMvbbhjep-GDCldbG0D_ZoJ5hghq4mk4rutPjpesIK4lXLF2L5sZHwUQHVpSHV7Nntl/pub?start=false&amp;loop=false&amp;delayms=3000&amp;slide=id.p,Phishing
https://www.ddmnet.com,Legitimate
https://www.email-aotearoanz-at-gmail-dot-com-for.info,Legitimate
https://www.buzzwordproductions.com,Legitimate
https://www.rencontre-agriculteur.com,Legitimate
https://qrco.de/bfZWJD?trackingid=DaU6dH87IOo5PmZBWVgkbQy&amp;signature=newsletter,Phishing
https://www.pce-instruments.com,Legitimate
https://qrco.de/bfImti,Phishing
https://www.nexusalpha.com,Legitimate
http://ledger-recoverysupport.com,Phishing
https://support-inter.webcindario.com/,Phishing
https://asterix-af2a5.web.app/,Phishing
https://q-r.to/bfQ7kT,Phishing
https://www.damnbud.com,Legitimate
https://caseid100856106551205643.firebaseapp.com/,Phishing
https://www.dzmm.ai,Legitimate
https://allegrolokalnie.pl-smart372517.sbs,Phishing
https://docs.google.com/presentation/d/15-GzaNkZXqjXgUdTGMhZqjObbkFvDyRLaBOeXMFQ1Ik/pub?start=false&loop=false&delayms=3000,Phishing
https://www.peliculaplay.com,Legitimate
https://www.qricambi.com,Legitimate
https://www.whonnock.sk,Legitimate
https://www.funerariaordes.gal,Legitimate
https://www.yourteenmag.com,Legitimate
https://0ldwest90.weebly.com/,Phishing
https://bafkreibkrnq7vwyccyrf322eafvhql2d2sniurgizj432bqvj77qwsfr7q.ipfs.dweb.link/,Phishing
https://sites.google.com/view/21samira21sendlatif,Phishing
https://www.btc35000.com,Legitimate
https://limduc.cl/services/,Phishing
https://www.emsd.gov.hk,Legitimate
https://docs.google.com/presentation/d/e/2PACX-1vSOVIfzbQhzlu2AOq7H7w2-nRAk8Crkj_-Khreuq1N6JXX5VGb-R1SpwnESYZllbsSBv7OcJ8Jd0hfN/pub?start=false&amp;loop=false&amp;delayms=3000,Phishing
https://vaneldangueldase.firebaseapp.com/,Phishing
https://bafybeihjawdhosdbdrvthqg4qff54s3vxrqz4c7fwx3vbs7rgzk5lrfxbe.ipfs.dweb.link/index45.html,Phishing
https://docs.google.com/presentation/d/e/2PACX-1vTh4rHdLudoJhbE4uMvKmRPjowUHPZ63Ge5uDsCXNiHXDIWIz-yNiJjdj3zUNWe59NCWcVA-cF6RTCF/pub?start=false&amp;loop=false&amp;delayms=3000,Phishing
https://docs.google.com/presentation/d/e/2PACX-1vSi-QzWgPyknu_DuzCY6lJhID3uD9pE6qWfnkBPPpQlZE1imYr49LsJVoZJrhaHOvsFulXqWO9Bzrlo/pub?start=false&amp;loop=false&amp;delayms=3000,Phishing
https://www.propertymanage.biz,Legitimate
https://www.dropbox.com/scl/fi/tou76msc26hkc93zoo22m/CLICK-HERE-TO-CONTINUE.paper?rlkey=uz0pnwzr7cn2ylmgzcjyi48yc&st=8rk3vnum&dl=0,Phishing
https://www.profusesupport.com,Legitimate
https://sites.google.com/view/alphamodern/,Phishing
https://pub-3c1c9165bb9c4a87820418ea5debe3d7.r2.dev/playnet.html?,Phishing
https://jjb-103869tuta.weeblysite.com/,Phishing
https://us15.campaign-archive.com/?u=213cdc1b1ac25a800d418a52a&id=101735e48d,Phishing
https://firebasestorage.googleapis.com/v0/b/update-46e9f.appspot.com/o/index.html?alt=media&token=870adc3c-8a68-406c-b142-8a13c1b557e5,Phishing
https://www.apeopledirectory.com,Legitimate
https://docs.google.com/drawings/d/1TzBQ1NtH5wXm3TXNwjM0adr0w5703UkmGySYPnPBNeA/edit,Phishing
https://deepellumfair.com/wp-content/login.html,Phishing
https://desconto-aplicado.vercel.app/,Phishing
https://www.p77kk.com,Legitimate
https://cc-35g-pg03u5i-9gh-1324992141.cos.ap-bangkok.myqcloud.com/4pof3-59-9hg44g.html,Phishing
https://www.ddumhsaucg.ac.in,Legitimate
https://www.hattonco.co.uk,Legitimate
https://mondiaidelivpro.com/,Phishing
https://www.dropbox.com/scl/fi/rmngh9ire4d7fl2d4tqs9/VIEW-YOUR-BILL-BELOW.paper?rlkey=qewutdlldtm2176fs8winemhd&st=8266dwtn&dl=0,Phishing
http://saw-gmbh.net/e/l/p#Moncompte,Phishing
https://www.dropbox.com/c/scl/fi/zhxm0lvzqj96vj0koq9sm/BT-BROADBAND.paper?dl=0&noscript=1&rlkey=zgea6oxadtawn8s94r71p2om1,Phishing
https://docs.google.com/presentation/d/e/2PACX-1vSxTJWWAnWSqW_E5KADlcW3HSoANTxpMws6aEh_6fZ_tSlVmCH_m6dGgKghj6Rp3oKMllF7FYPKDK0U/pub?start=false&loop=false&delayms=3000,Phishing
https://www.pattaya.go.th,Legitimate
https://www.vectranetworks.com,Legitimate
http://assistances-renouvellement.com,Phishing
https://www.calo.run,Legitimate
https://www.macdevcenter.com,Legitimate
"https://www.adsensecustomsearchads.com/afs/ads?adtest=off&psid=3113057640&pcsa=false&channel=pid-bodis-gcontrol202,pid-bodis-gcontrol97,pid-bodis-gcontrol317,pid-bodis-gcontrol151,pid-bodis-gcontrol470&client=dp-bodis31_3ph&r=m&hl=fr&ivt=0&rpbu=http://r23slre.hyperphp.com?caf&&max_radlink_len=50&type=3&uiopt=false&swp=as-drid-2894319533101138&oe=UTF-8&ie=UTF-8&fexp=21404,17301383,17301418,17301431,17301433,17301436,71847096&client_gdprApplies=1&format=r3&nocache=6161709746281360&num=0&output=afd_ads&domain_name=r23slre.hyperphp.com&v=3&bsl=8&pac=0&u_his=2&u_tz=60&dt=1709746281361&u_w=800&u_h=600&biw=1920&bih=1080&psw=1920&psh=972&frm=0&uio=-&cont=rs&drt=0&jsid=caf&jsv=610814804&rurl=http://r23slre.hyperphp.com/",Phishing
https://www.cvent.org,Legitimate
https://l.ead.me/bfQv1c,Phishing
https://sweetebakeryandfood.godaddysites.com/,Phishing
https://linksta.cc/@Mailservice,Phishing
https://www.intereconomics.eu,Legitimate
https://mail-live.net-s03.net/rf/?code=60d44fedf11f408a2fcbe7553ebc6130,Phishing
https://my-auth-ee.firebaseapp.com/,Phishing
https://allegro-lokalnie.pl-98047.icu/oferta/sony-konsola-ps5-playstation-5-slim-fortnite-1-tb-nap%C4%99d-na-p%C5%82yty-nowa-fd0570b1,Phishing
https://www.a053yhc.top,Legitimate
https://qrco.de/bfQ0R2,Phishing
https://t.co/Iq3mOz92f6,Phishing
https://docs.google.com/drawings/d/11hi9W1Fu8N6JzlG1qkT8I59fie5O8Dpg8GSfcx7z2Tk/edit,Phishing
https://www.gougo.com.cn,Legitimate
https://docs.google.com/presentation/d/e/2PACX-1vQg46vh-YQJEizkc5UnwJjRO39lvNqiAoBmHyPlCgb91yC3u-0EIQgid43sI_4MvBxDXNjnjfxCL5GG/pub?start=false&amp;loop=false&amp;delayms=3000,Phishing
https://www.pivot-skateshop.de,Legitimate
https://l.wl.co/l?u=https://x.support-pubauth.com/r/Qnn66CH,Phishing
https://yreotq.cn/Login/,Phishing
https://nebimtis.firebaseapp.com/,Phishing
https://www.bradley.com,Legitimate
https://docs.google.com/presentation/d/e/2PACX-1vTOBrhXmtJNbE_mzhFQczxKdMqqWV_q_hrXwIRbcUEPRHlBWcYcal2nXVSjJp3c7JV5lBK1qDdxD5aI/pub?start=false&amp;loop=false&amp;delayms=3000,Phishing
https://www.onlyonecanwin.com,Legitimate
https://www.shaolie.cn,Legitimate
https://new.express.adobe.com/webpage/7hWr8tkDSLPpx.,Phishing
https://musicplayer-fc659.web.app/,Phishing
https://www.vandaimages.com,Legitimate
https://www.jim-nielsen.com,Legitimate
https://www.cnsupplements.com,Legitimate
https://docs.google.com/presentation/d/e/2PACX-1vRVfWqpHBd1qwkBMgm7ae_17yy5YP9jRqWVzyJ1HjO1NMNjeZJ3zrMRtnguclFG3YdoF9_V9NQ1qbyp/pub?start=false&amp;loop=false&amp;delayms=3000,Phishing
http://allegrolokalnie.oferta-348293-kategoria-dla-ciebie.sbs,Phishing
https://qrco.de/updatedstatement,Phishing
https://new.express.adobe.com/webpage/9OuYAtlagBomW,Phishing
https://www.budget.gov.hk,Legitimate
https://www.v1021.pro,Legitimate
https://www.oxfordshire.gov.uk,Legitimate
https://y53a09txb5ntt-pages-dev.translate.goog/apple.com.html?_x_tr_sch=&amp;_x_tr_sl=monex&amp;_x_tr_tl=ja,Phishing
https://2ffkjk.share-eu1.hsforms.com/2VOiYHZ-4RQCC60PuCIADlA,Phishing
https://bodex.ro/netbn.csecbn/mynetbnksnnp/403.php,Phishing
https://zetyazilim.com/,Phishing
https://kjrhgbtnch.w3spaces.com/djhbbthfh.html,Phishing
https://bit.ly/Cetakkuponbrimo,Phishing
https://us22.campaign-archive.com/?u=143e99b1d8350a8ec60ac1fb2&id=e8bd2f854f,Phishing
https://pub-3b3cb7477686402cbefaf40d4f975048.r2.dev/index.html,Phishing
https://www.sdb.it,Legitimate
https://www.home4u-shop.de,Legitimate
https://sites.google.com/view/oieuwqfrbjkaqbn/home,Phishing
https://www.nic.events,Legitimate
https://btemail.plutio.com/p/form/eDYqenRRD8GhmPxN5,Phishing
https://www.vcreative.net,Legitimate
https://tshost.com.br/,Phishing
https://tmpurvisco.com/giftogram/,Phishing
https://www.ideeundspiel.com,Legitimate
https://mbces.skyboltzone.cfd/gardxzb0xj5vMf6iwt69ht,Phishing
https://www.masterenglish.com,Legitimate
https://l.ead.me/bfMR91,Phishing
https://www.bngpt.com,Legitimate
https://www.fevad.com,Legitimate
https://docs.google.com/forms/d/e/1FAIpQLSeA4tPiDT4YzYHWlTm8Clr6Wl33-2TINc9EscF7m4ZQ2xhAZg/viewform?usp=pp_url,Phishing
https://spid.sviluppo.host/,Phishing
https://www.sportrbc.ru,Legitimate
https://www.usmw.net,Legitimate
https://www.txt-nifty.com,Legitimate
https://www.assignar.com,Legitimate
https://www.faluninfo.net,Legitimate
https://docs.google.com/drawings/d/1-gs0-Sbh9CIEWLkzCQnRN3XFgb8iDhGVzeghIJiXCWE,Phishing
https://pub-779d25a31fda4cea979dad4c122c0706.r2.dev/USER19042024UNIQUE0940041939202420240419400939_1715091660795.html,Phishing
https://bafkreievkq3lirpicyfay7mxjq566sgcucuturzqdyrh57edn7txckqndy.ipfs.dweb.link/,Phishing
https://www.drpciv-teste.ro,Legitimate
https://bit.ly/48vntB7,Phishing
https://www.oneflare.com.au,Legitimate
https://l.ead.me/bfTidn,Phishing
https://www.savvycal.com,Legitimate
https://www.stnam.com/layouts/plugins/system/de/dk/,Phishing
https://linkin.bio/tosuppo-kvish6/,Phishing
https://app.resgaterenovacao.click,Phishing
https://www.hanyastar.com,Legitimate
https://www.heshengdao.com,Legitimate
https://id.ionos-securepass.sxvrr.com/identifier,Phishing
https://qrco.de/bfapN2?userID=dKCOA0nd,Phishing
https://2ffjow.share-eu1.hsforms.com/211irh5FTR_GmwfkpwIozcg,Phishing
https://flow.page/chornetsdocs,Phishing
https://docs.google.com/presentation/d/e/2PACX-1vTv1UoQA4BkKVeNoP8HrurPojUc3QQIOSyfzE8tYFTXbvTT0XkLTiwykhdMExi2QRTfAptuvPXcUe_o/pub?start=false&loop=false&delayms=3000,Phishing
https://www.latinol.com,Legitimate
https://bit.ly/4gRsE1e,Phishing
https://q-r.to/bfJWbu,Phishing
https://script.google.com/macros/s/AKfycbxE2rR17HxH5kPnUlVgt8G7RbC6C-KmA-xoU6UzMxo706fp0XBx4QIR-RG0_WYvRuvXJA/exec,Phishing
https://www.dmsg.cn,Legitimate
https://www.vavada333.gold,Legitimate
https://nspti.weebly.com/,Phishing
https://docs.google.com/presentation/d/e/2PACX-1vSOWK2gApXJTlExajk3RUCPxt98XiouX4Zx1Hbj4_CcdNTqzItaQOxEsMvTHi9EMtdYuTgL_oEAEW3X/pub?start=false&amp;loop=false&amp;delayms=3000,Phishing
https://www.judgecasino.com,Legitimate
https://www.cb01net.online,Legitimate
https://new.express.adobe.com/webpage/Uzom54eNifxGV,Phishing
https://www.galaxy.click,Legitimate
https://www.floridatoday.com,Legitimate
https://pub-b7dd795cb6c8457ea8b8dd76f0dca005.r2.dev/index.html,Phishing
https://www.bing.com/ck/a?!&&p=3f8199c07343f15593ba73d92dcae7b9250bdabc70c3a1f3cb33de1e8d553d44JmltdHM9MTc0ODkwODgwMA&ptn=3&ver=2&hsh=4&fclid=1c55f1f2-8175-6199-294d-e59f80b5604d&u=a1aHR0cHM6Ly93d3cuZnVuZGFjYW9pbnRlcmFydGl2ZS5vcmcvZ3VpZGUvNTRjbei6q-W5hQ&ntb=1,Phishing
https://comsync.lijit.com/1/d/r?aqet=clk&v0=62cc74d6f4f02dbd36e9832008f53d19&ru=https%3A%2F%2Fnew.express.adobe.com%2Fwebpage%2F1Qi5lJtIAXzHs,Phishing
https://894388501642281033.weebly.com/,Phishing
https://surecklaw.com/,Phishing
https://www.sequel.io,Legitimate
https://www.technoinfotech.com,Legitimate
https://www.one-gs.com,Legitimate
https://www.outdoorman.co,Legitimate
https://www.qu-in.fun,Legitimate
https://www.t9net.cn,Legitimate
https://www.farmaciazentner.com.ar,Legitimate
https://www.javaherbazar.com,Legitimate
https://hm.ru/bbPHo3,Phishing
https://www.nysscpa.org,Legitimate
https://bit.ly/45VL2lc,Phishing
https://www.letts.org,Legitimate
http://optikgeneral.com/Webmail/18/Webmail/webmail.php,Phishing
https://www3-vpass.beadsm.cn/?convert=ymhQxWlXuCE0uXbARCRTwUI8,Phishing
https://q-r.to/bfMVOW,Phishing
https://id-0000777-updatenow.weebly.com/,Phishing
https://www.onelap.in,Legitimate
https://www.genoacfc.it,Legitimate
https://www.doverfuelingsolutions.com,Legitimate
https://www.baritoday.it,Legitimate
https://www.dropbox.com/scl/fi/6zb9fbt9fn9p4zzd587si/YOUR-LATEST-BILL-IS-READY.paper?rlkey=2xoashfvwbw2k2uqve8esdtz0&st=e2y39hm9&dl=0,Phishing
https://www.devsdata.com,Legitimate
https://www.penzeys.com,Legitimate
https://www.idfy.com,Legitimate
https://www.francke-halle.de,Legitimate
https://hazlmazkiaml.blogspot.com/,Phishing
https://www.casaplusloja.com.br,Legitimate
https://t.co/TFsYevcekf,Phishing
https://www.globalseaair.com,Legitimate
https://inne22tull90mse.s3.eu-north-1.amazonaws.com/index.html#x@x.com,Phishing
https://q-r.to/bfNLjA,Phishing
https://www.cia.gov,Legitimate
https://www.brjqn.cn,Legitimate
https://www.telegavpn.com,Legitimate
https://www.1xbet-afe.top,Legitimate
https://www.galliardhomes.com,Legitimate
https://docs.google.com/drawings/d/1kiDAer1oTzl4dOurDJE6PEeYbpBGOaAcLXWerjkSscQ,Phishing
https://sites.google.com/view/variante1/home,Phishing
https://forms.gle/mbhTHMRJFkHoFTXo9,Phishing
https://bit.ly/3GOCmoy,Phishing
https://okaybearsworld.web.app/,Phishing
https://pub-0578d2c4a7ad450998a26a8955349d53.r2.dev/index.html,Phishing
https://www.koku94.jp,Legitimate
https://www.traindefrance.fr,Legitimate
https://sites.google.com/view/dahilui2i3rurasa45qx3zctmj,Phishing
https://www.yacent.cn,Legitimate
https://www.y728d28ee.com,Legitimate
https://nedbankqa.flowblocks.com/,Phishing
https://www.nizrp.ru,Legitimate
https://pbncerserxe.web.app/,Phishing
https://www.myria.com,Legitimate
https://server-103518.square.site/,Phishing
https://bit.ly/3LljKeB,Phishing
https://www.haleonhealthpartner.com,Legitimate
https://www.huabianyl.com,Legitimate
https://sites.google.com/view/5467865434323456532,Phishing
https://www.fundingoptions.com,Legitimate
https://www.noveonlinecasino.com,Legitimate
https://qrco.de/bfJMAe,Phishing
https://www.mostbet-bd.casino,Legitimate
https://ame.takaragaik.com/,Phishing
https://www.agefa.cl,Legitimate
https://www.kalapod.net,Legitimate
https://docs.google.com/presentation/d/1x1Ws5yl0Ml3J4d2xz9s_WBr312qLFaM4lTggowM4wG4/pub?start=false&amp;loop=false&amp;delayms=3000&amp;slide=id.p,Phishing
https://www.elcorteingles.es,Legitimate
https://l.ead.me/bfJSBd,Phishing
https://www.fuzoku.jp,Legitimate
https://qrco.de/bfVkXQ,Phishing
https://pub-2af5ca2d56a741078f4ed58649a3f800.r2.dev/index.html?email=aaaa@example.jp,Phishing
https://www.geometer.co.at,Legitimate
https://qrco.de/bfa9v4,Phishing
https://www.jwa.or.jp,Legitimate
https://qrco.de/bfIznh,Phishing
https://q-r.to/bfEqeS,Phishing
https://yj728x7pu3o4-pages-dev.translate.goog/site3.sbisec.co.jp.html?_x_tr_sch=&amp;_x_tr_sl=monex&amp;_x_tr_tl=ja,Phishing
https://www.liebermans.net,Legitimate
https://l.wl.co/l?u=https://ungu.in/ewrhaerhfgbahbrae4gaz,Phishing
https://about.me/uniglobalcentrelean,Phishing
https://sites.google.com/view/sdgaa/home,Phishing
https://autoservis-sindrak.com/login.php,Phishing
https://l.ead.me/bfNC3g,Phishing
https://docs.google.com/presentation/d/e/2PACX-1vTyBBdKMnPXXgtx5adDF0M_pOgjeEAjayL6Ow-W10QFqmPT1XcqcFg7RWOnk0w8GHEA47RWDMm24Y9f/pub?start=false&amp;loop=false&amp;delayms=3000&amp;slide=id.p,Phishing
https://www.virtel.net,Legitimate
https://pub-ce122c7a4fe542688492dde4f5ccaf25.r2.dev/docbreaddcubeid62ft3bublpadlj3qfjapbzzol7uekps7hcwszjjjjjhjld.html,Phishing
https://www.talkfood.com,Legitimate
https://new.express.adobe.com/webpage/ofcWi9BjdZMJx,Phishing
https://www.paylessfurnitureohio.com,Legitimate
https://metabussiness-help-centers.pages.dev/,Phishing
https://docs.google.com/presentation/d/e/2PACX-1vSt3_i-IduA0Evpm6RuolCA0-dEdUwGTGlBdpoKkRoq6fyj9L9dz_TnTjNqBo_fUyFJwulwlTVKHeVK/pub?start=false&amp;loop=false&amp;delayms=3000,Phishing
https://qrco.de/bfJ2T3,Phishing
https://www.hnz.cc,Legitimate
https://abshanteen.firebaseapp.com/,Phishing
https://construtoraandreassa.com.br/wp-includes/Text/bktD193jV6pN3zflD9ZJesrJ5PkRY6k2/?id=885648be0d41567109164b24328ea95b&email=chorizosgomez@btinternet.com&mailer=bijoy,Phishing
https://www.hosteaza.ro,Legitimate
https://www.chartsattack.com,Legitimate
https://www.mulheresperdidas.com,Legitimate
https://exoduswaiiet.godaddysites.com,Phishing
https://franceconnectcy.com/as.php,Phishing
https://www.hwgslot25.com,Legitimate
https://pub-cde0324a78a3470aa6a82acbd1d42d41.r2.dev/oeuhd.html,Phishing
https://www.cauc.or.kr,Legitimate
https://www.xceedance.com,Legitimate
https://www.mywebcommunity.org,Legitimate
https://www.erponweb.mx,Legitimate
https://www.opengovpartnership.org,Legitimate
https://docs.google.com/drawings/d/1Z_kI4j_xxVWiZur88J_ttw83ghMqqDnGwzt0a_DUKA8/edit,Phishing
https://safeshare6.myportfolio.com/,Phishing
https://ipfs.io/ipfs/QmYjXdiq1tfyoeHsBGsMfmHHGYAUko2w46nW2s3STAoP3L,Phishing
https://www.bqgbh.cn,Legitimate
https://www.tuidang.org,Legitimate
https://www.uhdsexmovs.com,Legitimate
https://www.cliqueinc.com,Legitimate
https://www.oic.or.th,Legitimate
https://slipperyruofpennsylvania.ukit.me/,Phishing
https://www.pongponger.click,Legitimate
https://sites.google.com/view/fchikhpasti09/,Phishing
https://acct-signinnow.firebaseapp.com/,Phishing
https://www.hp.gov.cn,Legitimate
https://my.forms.app/form/638b77b074e3801d7f713340,Phishing
https://volshebreekbbrhcia.blogspot.com/,Phishing
https://q-r.to/bgLk7I,Phishing
https://www.tackleuk.co.uk,Legitimate
https://docs.google.com/presentation/d/e/2PACX-1vRNlLD-87W8QjY6gsWgDzcz5MZzxIek-R_-VTDLbAfPyTs-OBhAGJ6tLZlPAVt8-XByltH2pELuL3c4/pub?start=false&amp;loop=false&amp;delayms=3000&amp;pli=1&amp;slide=id.p,Phishing
https://xfiniityyupdgradesse.framer.website/,Phishing
https://away.vk.com/away.php?rh=eb4fe40e-944d-45a4-8408-97cc673ba727,Phishing
https://bdbenlineaa.webcindario.com,Phishing
https://www.de876.cn,Legitimate
https://bit.ly/2210strp7,Phishing
https://www.schizophonic9.com,Legitimate
https://metafb-4l862c5.web.app/,Phishing
https://biolinky.co/advancelogin-247,Phishing
https://www.autorace.jp,Legitimate
https://www.ideris.com.br,Legitimate
https://onlymigratenowplatform.com/,Phishing
https://www.searchdiscoveries.com,Legitimate
https://www.narwal.com,Legitimate
https://iletaitunefoisunmasque.us2.list-manage.com/track/click?u=6a5f0d6a8c7405b1802f58299&id=9b2a156f76&e=cdd9e65cac,Phishing
https://www.wpexperts.io,Legitimate
https://docs.google.com/presentation/d/e/2PACX-1vQ3KHG77-DeEF0s96RunCRocRM_Xgl1_BqTEOfyJhiq369cyjwqbGR_MpYRB0sYIl4HcQZO7P6fcB7Z/pub?start=false&amp;loop=false&amp;delayms=3000,Phishing
https://www.avernis.net,Legitimate
https://us2.campaign-archive.com/?u=e413d46807070e3f74d8f68fa&id=0cfbb69b7a,Phishing
https://us17.campaign-archive.com/?e=db6adfc0f0&i=*%7CITERATION_UNIQUE_ID%7C*&u=0228ef00595ca8a4670733de7&id=a23a7f90d2,Phishing
https://www.aidgtl.io,Legitimate
https://qrco.de/bfHUbZ,Phishing
https://l.wl.co/l?u=https://qrco.de/bfEM48,Phishing
https://www.highsociety0.ru,Legitimate
https://l.wl.co/l?u=https://qrco.de/bfDdvI,Phishing
https://rdudeboygay.firebaseapp.com/,Phishing
https://www.diplomis-o-vysshem-v-barnaule-22.ru,Legitimate
https://x02btroundcube.weebly.com/,Phishing
https://www.changan-autoclass.ru,Legitimate
https://xbn.waz.mybluehost.me/Tracking-number/dhl/tracking/fV5EjH/msg.php?id=57189052,Phishing
https://www.e-services.net,Legitimate
https://www.newstalk.com,Legitimate
https://jnintllc.com//plala.web.jp/Sites/index.html,Phishing
https://www.ncpti.su,Legitimate
https://caisse-depargneregional.web.app/,Phishing
https://www.shayhowe.com,Legitimate
https://de-29300.firebaseapp.com/,Phishing
https://pub-9e66257952d346a98debe823b5ba70d3.r2.dev/index.html,Phishing
https://www.investia.ca,Legitimate
https://www.ceska-justice.cz,Legitimate
https://q-r.to/bfOBDM,Phishing
https://www.fourniresto.com,Legitimate
https://www.bciholdingsinc.com,Legitimate
https://goldenwestcommy-account.weebly.com/,Phishing
https://sss555ssssaaaazzzzzccc.start.page/,Phishing
https://qrco.de/bg7zQb,Phishing
https://mailonlinee.weebly.com/,Phishing
https://new.express.adobe.com/webpage/p6n7zduGhFDij,Phishing
https://www.purelogic.ru,Legitimate
https://uioasd-6f953.web.app/,Phishing
https://www.volosui.com,Legitimate
https://www.pixlpark.ru,Legitimate
https://gmxee.weebly.com/,Phishing
https://www.shricloud.net,Legitimate
https://www.for4dmeja.live,Legitimate
https://q-r.to/bfTYHK,Phishing
https://www.vj62.cn,Legitimate
https://ipfs.best-practice.se/ipfs/QmaBQMLfb7W99ydHyFq1tqyaUJqLsnA2bm8WybgfjEYdbU,Phishing
https://docs.google.com/presentation/d/e/2PACX-1vRoSCqa2ntxhyWAkk0RvEdLPzFf5GPy4bUSg_p5JHXtWnCpOSrAIU6-VjMU33S339Yr75nSYb_c8GbG/pub?start=false&amp;loop=false&amp;delayms=3000,Phishing
https://docs.google.com/presentation/d/e/2PACX-1vQbDNK9sJ2jxlmDfhvvLAAeFas0Dh_Ps1zHSojGCE9tOoluM6zrmnxRUnE1strIZzMxQmNGA14HqajR/pub?start=false&loop=false&delayms=3000,Phishing
https://smbc.jarrahhone.com/,Phishing
https://docs.google.com/presentation/d/e/2PACX-1vT9o1iSA1Pmn4MlauhGIp6a88aB60BV_NQ97zVLgsmT_2fUUc5m2F5DjjsC-kPdWGotZ-YOYhuy39xz/pub?start=false&amp;loop=false&amp;delayms=3000,Phishing
https://vaughn-trentcommunityservices.godaddysites.com/,Phishing
https://www.campjohnmarc.org,Legitimate
https://links.info-correoargentino.com.ar/,Phishing
https://redigbosthknk.firebaseapp.com,Phishing
https://bit.ly/45ZRac5,Phishing
https://www.grupodwdns.com,Legitimate
https://www.bang4dmulus.site,Legitimate
https://kraken-apps.firebaseapp.com/,Phishing
https://userallmanager-comptemaincloud.webstuhlmanufaktur.com/2023-jan-16/lWThzH.php?erification,Phishing
https://dtplkvixf.firebaseapp.com/,Phishing
https://www.pyramidgroup.co.tz,Legitimate
https://www.neometropolis.net,Legitimate
https://yahoosq.boxmode.io/,Phishing
https://www.koso.net,Legitimate
https://www.pisoqueen.click,Legitimate
https://eberrios.cl/smbendis/,Phishing
https://docs.google.com/presentation/d/e/2PACX-1vSd4rnfCUYnx3iHxRTYaDJbhsk786gsp_WGEB7pnkiWVOPJPRPxkBSCITfLHJ_Jd6JcD3gO5Q-V4ZWW/pub?start=false&loop=false&delayms=3000&slide=id.p%3E,Phishing
https://www.rekrytointi.com,Legitimate
https://l.ead.me/bfYUji,Phishing
https://www.arvandlms.com,Legitimate
https://www.88iv.com,Legitimate
https://www.clientgear.com,Legitimate
https://q-r.to/bfII1b,Phishing
https://www.ipra.org,Legitimate
https://t.co/DXyacEnwFA,Phishing
https://attmailgood.square.site/,Phishing
https://www.all-xxx-videos.com,Legitimate
https://www.ym520.cn,Legitimate
https://comprastokenbip.webcindario.com/inicio.html,Phishing
https://shop.hlus.ru/auth/,Phishing
https://www.convert2mp3.club,Legitimate
https://www.webvista7.kr,Legitimate
https://www.ldproducts.com,Legitimate
http://allegrolokalnie.oferta417634.icu,Phishing
http://linksweget.com,Phishing
https://www.thinkpad-forum.de,Legitimate
https://www.honghai.life,Legitimate
https://adviaculorinfcpol.weebly.com/,Phishing
https://www.localstack.cloud,Legitimate
https://bafkreidscpijzkmw3n72ps24dxnkawz2dafydl3tdozegyxzfvo6swkkly.ipfs.dweb.link/,Phishing
https://share.hsforms.com/1HosVz7FRTHmFEddbJ22jxQspybv,Phishing
https://www.neohub.io,Legitimate
https://mub.me/anpost26,Phishing
https://us15.campaign-archive.com/?u=c4994181867fa20f5c8c2f7b2&id=ab846c7349,Phishing
https://livenmitac-my.sharepoint.com/personal/hannah-daly_live_nmit_ac_nz/_layouts/15/WopiFrame.aspx?guestaccesstoken=IA5UzzOn3iViKU4F3pXemYHHABfWkPDjiRPFTFEaR/k=&amp;docid=1_169208e425ed84fea9fd294a6886d67e9&amp;wdFormId={06255F86-4BF9-4EE8-BD7E-FEF81913A79B}&amp;action=formsubmit,Phishing
https://webmailmesssaggingsupporrtt.weebly.com/,Phishing
https://www.asptrapani.it,Legitimate
https://www.alain-ducasse.com,Legitimate
https://extraentac-orleanstoursfr.weebly.com/,Phishing
https://www.airgunbbs.com,Legitimate
https://www.passportal.com,Legitimate
https://qrco.de/bfaCRg,Phishing
https://surl.li/gccel,Phishing
https://www.umh.de,Legitimate
https://www.solidea.com,Legitimate
https://www.sameday.ro,Legitimate
https://bit.ly/3y66Hun,Phishing
https://www.drawboard.com,Legitimate
https://www.maharashtramedicalcouncil.in,Legitimate
https://www.flagfootballplaymaker.com,Legitimate
https://www.shooterschoice.com,Legitimate
https://www.speedskatingnews.info,Legitimate
https://www.triumphbcap.com,Legitimate
https://pub-b2707942da4b4b1b9da6407477696690.r2.dev/index.html,Phishing
https://www.relay42.com,Legitimate
https://docs.google.com/drawings/d/1JlFU6GCpBMrbIXWICuOZdR8rk2L48FznmAuSN_5wkg4/edit,Phishing
https://porezna-uprava-9d4fd.web.app/,Phishing
https://owa-mail-auth.web.app/,Phishing
https://login.a5y619834k.com/LYtSxu/?login=cbwV2hBehLtRSYO5GmTeHAcL,Phishing
https://www.lamoda.by,Legitimate
https://account.booking.com/sign-in?op_token=EgVvYXV0aCKyAQoUNlo3Mm9IT2QzNk5uN3prM3BpcmgSCWF1dGhvcml6ZRoaaHR0cHM6Ly9hZG1pbi5ib29raW5nLmNvbS8qOnsiYXV0aF9hdHRlbXB0X2lkIjoiMzY0NWE1NDgtMzMwZi00ODAzLWJiZjItZDAxZWRhODIzMzAxIn0yK2ZUZk9yMmxnRG1Yd0FYUlJPcEFOT2l5TmpqVFpuMU9mZ1JpWU1rWkI4cVE6BFMyNTZCBGNvZGUqEzDA1e3v_6YnOgBCAFisvoS0pzI,Phishing
https://docs.google.com/presentation/d/e/2PACX-1vRgnj1r6Pcw9Q-Ghu3ODlddMGKp2HyiJmPPSjjSevf5OcsGMXiVtSF_u3m9R_22F4UIg5rJt57oN9bE/pub?start=false&amp;loop=false&amp;delayms=3000,Phishing
https://us22.campaign-archive.com/?u=302b7a52bd9b1e9f099601141&id=1451f02cbf,Phishing
https://docs.google.com/presentation/d/e/2PACX-1vTocIGq1knXCfdrF7_HVPISCJuLc4RdAcdQNsGuY0-8-7Njucvi9CAWHEjtdyxKkRcSLCnUeP7EKuzj/pub?start=false&amp;loop=false&amp;delayms=3000,Phishing
https://charity-suite-uk1.firebaseapp.com/,Phishing
https://docs.google.com/presentation/d/e/2PACX-1vQVS3FD-xvqTMbdojiOSLTs8FSi1v3RQZwgc6nNP5_9huzNx_IU9NXiK1FePMCVSge69-ONp_zoKcPK/pub?start=false&amp;loop=false&amp;delayms=3000,Phishing
https://www.lldikti6.id,Legitimate
https://protonme1.weebly.com/,Phishing
https://junowebmaiiler.weebly.com/,Phishing
https://www.2p3g9s.com,Legitimate
https://www.layui.com,Legitimate
https://maillightfinancecom.weebly.com/,Phishing
https://us13.campaign-archive.com/?u=f7e1033decc557582a3c1627d&id=596846f9f6,Phishing
https://www.corporatehousing.com,Legitimate
https://www.stepnetwork.dk,Legitimate
https://www.mz-css.net,Legitimate
https://us22.campaign-archive.com/?u=f67a68a423a28fd5e095d75b9&id=3153c93998,Phishing
https://www.adservepronets.com,Legitimate
https://www.acommerce.asia,Legitimate
https://www.schulmanager-online.de,Legitimate
https://www.wehelpschools.com,Legitimate
https://www.instill.com,Legitimate
https://www.lepimivarim.ru,Legitimate
https://pub-4ea0e8fc28ce4ee998eee9df1fe28299.r2.dev/index.html,Phishing
https://thaduluccacomicsandgamesconstruction.weebly.com/,Phishing
https://1hvv2t3.icu/ra18gwae/5zwcEw/X8yKii,Phishing
https://www.dbd.net.cn,Legitimate
https://www.hempbombs.com,Legitimate
https://www.zuscoffee.com,Legitimate
https://www.trustedsource.org,Legitimate
https://www.vacuflo.cn,Legitimate
https://www.papercept.net,Legitimate
https://tinyurl.com/3stvwzv2,Phishing
https://www.luckypari1.ru,Legitimate
https://adfrgvndv.weebly.com/,Phishing
https://bitosdu94.pickups-fr-packet.com/as.php,Phishing
https://nnfems.com/Webmail/72/Webmail/webmail.php,Phishing
https://www.webdade.com,Legitimate
https://www.tooning.io,Legitimate
https://horpin.planning-locker.com/,Phishing
https://pub-4ee063cbd40640649c58f4f53c4ee3b1.r2.dev/73NSDYUF8Y8HXCNE7RTXDUGCVUBRT87ET87DXTFYVXCUFVG8FYXUIHBVCFE7T7UGFCV7TR7ETFETF7SDGUCXCG87RFT7SYUCGUYXC.html,Phishing
https://bokkerregelert.com/kert/,Phishing
https://www.renault.cz,Legitimate
https://www.vwsaxql.cn,Legitimate
https://www.frontlinehosting.com,Legitimate
https://www.cleverism.com,Legitimate
https://priyankasandokar1606.github.io/,Phishing
https://www.goldmap.ir,Legitimate
https://powrr.weebly.com/,Phishing
https://www.lixer.ru,Legitimate
https://banca-informa1.webcindario.com/,Phishing
https://tafiole.appexpd-clients.com/,Phishing
https://www.dropbox.com/scl/fi/6ru77i38qrrwt3wv5237t/BT-MAIL-SUPPORT.paper?rlkey=gxxcb5pi8id1lnqxdv61xs4gq&dl=0,Phishing
https://www.itsupportquote.co.uk,Legitimate
https://metacareersuite.com/loginvery,Phishing
https://www.zwillingsherz.com,Legitimate
https://www.fonerbooks.cn,Legitimate
https://www.insightportal.net,Legitimate
https://bttmail.plutio.com/p/form/kZcKAGtYy3xgbithm,Phishing
https://www.cshpx.com,Legitimate
https://bpb1-31eb9702d175.herokuapp.com/,Phishing
https://docs.google.com/presentation/d/e/2PACX-1vQdpXfpWZuz_CvKRXj5fYl8o9NgbSTv8pR-XkD_SB5pKlX9hck4Yi1ezOKpWGTAVQArbqP1kfO_0ZQP/pub?start=false&amp;loop=false&amp;delayms=3000,Phishing
https://www.mc7f.cn,Legitimate
https://www.autismeinfoservice.fr,Legitimate
https://www.pcinformatica.com.br,Legitimate
https://www.56789123.xyz,Legitimate
https://www.food-chem.ru,Legitimate
https://pub-42b4044776454a19b957ec11844b3a6f.r2.dev/ind8372.html,Phishing
https://gruatcinh.web.app/,Phishing
https://ofkzeokbv.s3.eu-west-1.amazonaws.com/oked.html,Phishing
https://new.express.adobe.com/webpage/qMRdlN3zyDPmn,Phishing
https://www.bangdainfo.com,Legitimate
https://www.digitalcardservice.com,Legitimate
https://erenobnp.web.app/,Phishing
https://activit303432.webcindario.com/,Phishing
https://share-eu1.hsforms.com/16Z3u1yLLS7KhFi96pH6TGA2eycld,Phishing
https://helpful-snapdragon-7b1.notion.site/Log-in-to-access-your-email-20df07647b5180d8a037d5a8ccaf6774,Phishing
https://qrco.de/bfFhVJ,Phishing
https://pub-2d10b4305561490ebde91a475f6417cf.r2.dev/tamildhool83493499403jk.html,Phishing
https://ipfs.best-practice.se/ipfs/bafybeihbg3efsd2hiqwl3xba37vfj5vcd23zwy747mcz6nkc7piu3gecpq/dropmebox22_ofic4.html,Phishing
https://www.surfertoday.com,Legitimate
https://www.gaga.ru,Legitimate
https://docs.google.com/presentation/d/e/2PACX-1vTX51fTs7ZCet18Z2rTIY4FxoroxYsySOZKKBbVbR4ZB7DWSXFUn5gVzaSs1zanPHbma3IFLoCjOPdq/pub?start=false&loop=false&delayms=3000,Phishing
https://dfhgjkg.blob.core.windows.net/rtyudfhfh/index.html,Phishing
https://www.dekkopinolin.com,Legitimate
https://q-r.to/bfF5AK,Phishing
https://www.jivetel.com,Legitimate
https://us9.campaign-archive.com/?u=5540d7c856e197f10af1e80b3&id=337d94b670,Phishing
https://sites.google.com/view/habilitaciondeacceso/p%C3%A1gina-principal,Phishing
https://tbaytlmainserver.weebly.com/,Phishing
https://www.marketxcel.co.in,Legitimate
https://www.biossmann.com,Legitimate
https://www.daybarrier.co.kr,Legitimate
https://docs.google.com/presentation/d/e/2PACX-1vQhr1AR0pgV92YjY9YTF01x_cgAc1wyfHIhQcvWV_FXazq2TDsTxqMr2RUgtrvB6m8QIsKlbUVEBbiE/pub?start=false&amp;loop=false&amp;delayms=3000,Phishing
https://sites.google.com/view/notificacionbanreservas,Phishing
https://ipfs.best-practice.se/ipfs/bafybeigiq2rfbaqxvorglfegp4z4sywwx6shzghb5grihvjbr3mhmilhri/index1.html,Phishing
https://eu.jotform.com/app/252517301080344,Phishing
https://alopmigano.cloudaccess.host/wer/ocoq/,Phishing
https://docs.google.com/presentation/d/e/2PACX-1vSWajHw7xKX8CkelBYbYeRESHb0nu7sTgt0mjvdxwWMjCIsSH9-Gkn-gJyFScQoVUHXu42B-2pRBSgn/pub?start=false&amp;loop=false&amp;delayms=3000,Phishing
https://new.express.adobe.com/webpage/hKLCiVXeku3AT,Phishing
https://0-autht-lo-xfin-ity-w0965.vercel.app/,Phishing
https://www.e-net.in,Legitimate
https://www.yelive.tv,Legitimate
https://bit.ly/3zaXvWn,Phishing
https://www.invision2u.com,Legitimate
https://docs.google.com/drawings/d/1I6Jun2jQHySRjERSt99R040Ooe3Usz2R6e61Vh9QF9c/edit,Phishing
https://www.bcw-bibs.com,Legitimate
https://www.pixelshot.it,Legitimate
https://www.xiaocanghai.cn,Legitimate
https://petermason100.wixsite.com/my-site,Phishing
https://www.plcm.vc,Legitimate
https://www.gellivare.se,Legitimate
https://q-r.to/bfKXag,Phishing
https://www.digitalchaosinc.com,Legitimate
https://docs.google.com/presentation/d/e/2PACX-1vTCDFpYf9kdd7V5mS6Dkb98YyjPQ_jiZN6DkkZQyjGf375gHITsOntu04tv5x5unytSph-WdzFXHE_w/pub,Phishing
http://43.159.37.67/InteractiveLogin?continue=https://accounts.google.com/?&amp;xrealip=107.178.232.181&amp;ifkv=AWnogHdTmwE6pzNz8JKc4z1CAjgAu5Vr1qTb7MJv_EtyYaaxHYaV9oicPzQvBLv9e1kmsQcKLtUiLQ,Phishing
https://is.gd/chV1Md,Phishing
https://pub-780cf773478848a69b30738c3423d481.r2.dev/index.html,Phishing
https://docs.google.com/presentation/d/e/2PACX-1vQfOKB1kEWC-1DLBMVSbsSLxjK5V3D8eGXIvku9ExqJW06YdESqdv604eSd8mlR7XQB2_QR4KSQT2kr/pub?start=false&amp;loop=false&amp;delayms=3000,Phishing
https://www.healthcarepackaging.com,Legitimate
https://www.infas.cz,Legitimate
https://addnil.com/xFum7C/,Phishing
https://www.ciudadreal.es,Legitimate
https://www.terumo.com,Legitimate
https://docs.google.com/presentation/d/e/2PACX-1vSDKXCYDUhCRONr7eCRq2i1s0y4_UdWkerpj-V73_ro10oBj9wLhbUc8IOE_JvByo7LafFKdOwVuend/pub?start=false&amp;loop=false&amp;delayms=3000,Phishing
https://tapk.it/atttt,Phishing
https://www.ubibot.com,Legitimate
https://www.pharmazone.com,Legitimate
https://l.ead.me/bfNAPi,Phishing
https://www.alfi-group.com,Legitimate
https://www.zbet.tv,Legitimate
https://qrco.de/bfSKja,Phishing
https://docs.google.com/presentation/d/e/2PACX-1vRl14Qaq70l2cieRjVWNA_wPju0qtfPnVJdfkZJgwzkXxA8MYcuTAohuQc4A_p75PD6IxuOq4MAi_vx/pub?start=false&amp;loop=false&amp;delayms=3000,Phishing
https://pub-32ca47af1ec946549d98669ab3ac613d.r2.dev/index.html,Phishing
https://www.blackdown.org,Legitimate
https://e68fae3qw465768ri79toguusryj46srykdut456swfytq3.teemill.com/,Phishing
https://tznetcommsinsured.weebly.com/,Phishing
https://www.residentevil.net,Legitimate
https://www.prismhr-hire.com,Legitimate
https://www.ucp.edu.ar,Legitimate
https://pub-626c6293165f49c7ab7e98745b3fffa5.r2.dev/lbs.html,Phishing
https://www.kamakurabeniya.com,Legitimate
https://www.okcorralandstalls.com,Legitimate
https://docs.google.com/presentation/d/e/2PACX-1vRQvb6KePnetnbzClvnxDNm73qUJU8hHtKbj9IILaAQHSEWQjEW5zOu4FJXBSs3SZltjRNAsjGIPja7/pub?start=false&amp;loop=false&amp;delayms=3000,Phishing
https://link-1763380912.allvaluelink.com/341bfa28c3194fe6acf95b3ea7de8712,Phishing
https://www.mom4d.com,Legitimate
https://new.express.adobe.com/webpage/8Qzv9WkYHqaLT,Phishing
https://www.thps.or.tz,Legitimate
https://www.his2payoa.com,Legitimate
https://sharedfax815201376.wordpress.com/,Phishing
https://beiiffice.weebly.com/,Phishing
https://docs.google.com/presentation/d/e/2PACX-1vRjdQCojpKzJMKJX87riBj9835Z-U0tnMFaejTyY6OStLt3caymsABWT4ecANx_vCdxTUN_PxYBSH3u/pub?start=false&amp;loop=false&amp;delayms=3000,Phishing
https://www.highlite.com,Legitimate
https://www.topazlabs.com,Legitimate
https://www.mybusiness361.com/docs/hts41.html,Phishing
https://kalhath.com,Phishing
https://ejfdoepp.weeblysite.com/,Phishing
https://www.dnion.com,Legitimate
https://bit.ly/3SK6nJa,Phishing
https://eroslombardieli3.blogspot.com/?m=1,Phishing
https://www.santacecilia.it,Legitimate
https://www.bavasmusic.com.au,Legitimate
https://new.express.adobe.com/webpage/ebf2c6Qd1Fs9N,Phishing
https://linktr.ee/attnews11,Phishing
https://qrco.de/bg8EGO,Phishing
https://q-r.to/bfZtHu,Phishing
https://webmail-kawartha-inbox.weebly.com/,Phishing
https://www.corkschoolboysleague.ie,Legitimate
https://webogram.org/z/,Phishing
https://seosuperpoweragfr.firebaseapp.com/,Phishing
https://eu.jotform.com/app/251987276360366,Phishing
http://www.ahhhh.pe.kr/zb41/data/1057168297/,Phishing
https://forms.office.com/r/FW78zsPqLB,Phishing
https://www.skyquarters.co.uk,Legitimate
https://www.helena.care,Legitimate
https://business1298671982.firebaseapp.com/,Phishing
https://www.royalejackpotcasino.com,Legitimate
https://docs.google.com/presentation/d/e/2PACX-1vTfJvP_hi5QDm_EIkREOu1G27PKqTkHpn0HeRyZE6HTcIy2XDFJ6GNDBrXfIiradeUf3zJ_uy9fGYPL/pub?start=false&amp;loop=false&amp;delayms=3000,Phishing
https://www.adawidget.com,Legitimate
https://docs.google.com/presentation/d/e/2PACX-1vSNRkKZebK6MvlOz1ENdLu_3Err-05_k5aXpVLHTwXOQzGZkU42AsKI4j-3BMZJSoGG63MmcWGFFIy0/pub?start=false&amp;loop=false&amp;delayms=3000,Phishing
http://dogecoiweallet.webflow.io,Phishing
https://suppors-metabusiness.pages.dev/,Phishing
https://www.disabilityvisibilityproject.com,Legitimate
https://www.apotekaviva24.ba,Legitimate
https://www.myfatoorah.com,Legitimate
https://newzimb.weebly.com/,Phishing
https://www.protestomg.com.br,Legitimate
https://www.tbvsc.com,Legitimate
https://www.medcerts.com,Legitimate
https://www.cadoulspecial.ro,Legitimate
https://mosswines.com/htaccess/,Phishing
https://www.syncedtool.com,Legitimate
https://itdkbgit8.web.app/,Phishing
https://www.hgt-backend.io,Legitimate
https://youthful-usability-762578.framer.app/,Phishing
https://doctolib-support.fr/captcha.php,Phishing
https://www.lidl.ee,Legitimate
https://vfrontier-crew.pages.dev/,Phishing
https://beyourself.start.page/,Phishing
https://uhu1fecb.s3.amazonaws.com/61.html?98219764216,Phishing
https://www.animephilia.net,Legitimate
https://www.tasvideos.org,Legitimate
https://sumpogaes.web.app/,Phishing
https://eu.jotform.com/app/251841206894360,Phishing
https://www.g7xk2bpq.online,Legitimate
https://docs.google.com/forms/d/e/1FAIpQLSehUy5Q9w5cydS-2vAO8XqwCcci0vf49gkEJTxfCODrUUu3lg/viewform?usp=send_form,Phishing
https://l.wl.co/l?u=https://ungu.in/ertjsrtjnstnjgsrtju45jh,Phishing
https://www.prozabota.ru,Legitimate
https://www.loftcinema.org,Legitimate
https://www.gfms.com,Legitimate
https://www.irisoft.ru,Legitimate
https://s.itoeste.com/y3L,Phishing
https://surl.li/tnzmb,Phishing
https://docs.google.com/presentation/d/e/2PACX-1vQrjjK3IKQpQjAY44BokHJ7YWkxIYUDhiFOWvD2-vlBjLyyU3Spzdg3B8bTGglhOqQ05QaNqK9gOvvZ/pub?start=false&amp;loop=false&amp;delayms=3000,Phishing
https://qrco.de/bfIRlv,Phishing
https://qrco.de/bfJw8N,Phishing
https://sites.google.com/view/attonline-service/home,Phishing
https://www.sjuv.cn,Legitimate
https://qrco.de/bfUY3S,Phishing
https://bit.ly/3ZRP9x7,Phishing
https://docs.google.com/presentation/d/e/2PACX-1vRNJUMFQeLR4xZkZ7x67L9uklmw1Dj7DyaUTetJ08yMIHWLBOhw2QoFg5cvnK8u3VeyE2tgMZbUkofO/pub,Phishing
https://pdfauthentication.pages.dev,Phishing
https://zpr.io/RCdQ4qcjimxM,Phishing
https://www.allusedparts.com,Legitimate
https://www.superheng789hr.com,Legitimate
https://qrto.org/j366tw,Phishing
https://www.ourismantoyotaofrichmond.com,Legitimate
https://www.201pub.com,Legitimate
https://www.youzhicai.com,Legitimate
https://www.chainedsoldier.com,Legitimate
https://www.boardingschoolhealing.org,Legitimate
https://www.hnlkjq.com,Legitimate
https://www.mitrosmusic.com,Legitimate
https://lin01.bid/sw/w_11.js,Phishing
https://qrco.de/bfLyiG,Phishing
https://www.nvxinglu.com,Legitimate
https://l.ead.me/bfIljF,Phishing
https://bit.ly/3y24qka,Phishing
https://www.seecalifornia.com,Legitimate
https://docs.google.com/presentation/d/e/2PACX-1vTChcc6d_uXaK2kYK2LyF4dmeqTfLTAugzIPMAQuADTax8eHUB79T7TfJImYVZnwaQNn_93zzv0LNx5/pub?start=false&amp;loop=false&amp;delayms=3000,Phishing
https://www.vvm.ru,Legitimate
https://unusa.id/3876,Phishing
https://m9ylrfb11.ukit.me/,Phishing
https://www.hit77-alt16.site,Legitimate
https://www.conviasa.aero,Legitimate
https://www.ctl.de,Legitimate
https://www.nivaaya.in,Legitimate
https://sites.google.com/view/xwxcvcbcvvn/accueil,Phishing
https://docs.google.com/presentation/d/e/2PACX-1vQmTStPXpkR5i90m4fjajXStUKWDHmL1BWVHkdMmJQvY2znwmIoMqf_JorSdj0HZjl2lv-nu0YvNSsv/pub?start=false&loop=false&delayms=3000,Phishing
https://l.ead.me/bfY7sV,Phishing
https://www.wboptim.online,Legitimate
https://www.resizepixel.com,Legitimate
https://www.dress4less.bg,Legitimate
https://www.anxietycanada.com,Legitimate
https://webserving-gahofo-3b5b.gafoho9884.workers.dev/,Phishing
https://ivfinland.fi/passprotectform/popiaschem/app/stmtsscheme.php,Phishing
https://www.tejar.com.ec,Legitimate
https://docs.google.com/presentation/d/1ePtXbuC40j5Aqt2PJRsRwPSIWVrmdBDvBbaFyBYlk7s/pub?start=false&loop=false&delayms=3000&slide=id.p%3E,Phishing
https://www.pokerok194.com,Legitimate
https://docs.google.com/drawings/d/1d1dG7awZ9hXwyylkwQ3wlECd8nKFkUdbl1jIUfzQNRc/edit,Phishing
https://docs.google.com/presentation/d/e/2PACX-1vT9c1w1eqj3bmT1pg0uLIsDWqCz8-LmYLZ-BIDzJE1OD8rgURXMV9lw-hT2abmJe7PWiFxRBQUJNUaY/pub?start=false&amp;loop=false&amp;delayms=3000,Phishing
https://new.express.adobe.com/webpage/tCHNyhJ3IZF9Q,Phishing
https://pub-1876220cb6834c519cf109e1647e08e8.r2.dev/plesk2.html,Phishing
https://www.rtp-luxury89seratus.com,Legitimate
https://docs.google.com/presentation/d/e/2PACX-1vR2GOHkpjIYYU9HSJSlQH0asVt1Mc9TXF-_yM_aHB-rKgI7Q88w5c_kzDO99UrNh70ZEbHDNqjAOqkh/pub?start=false&loop=false&delayms=3000&slide=id.p%3E,Phishing
https://www.smithbrothersfarms.com,Legitimate
https://www.singularity6.com,Legitimate
https://www.ferien-in-zahren.de,Legitimate
https://nxdmphjjxgzzxp.com/index.html?token=S3yxJYEQtMPrqjg3aK,Phishing
https://www.jjcao7.cn,Legitimate
https://bearmobiles.com/voirmaliste,Phishing
https://t.co/V2DzerdTXQ##ovhsjtragb,Phishing
https://bit.ly/3CpSTwy,Phishing
https://www.idrinkproducts.com,Legitimate
https://www.wellsteps.com,Legitimate
https://www.yaebus0.ru,Legitimate
https://www.onual.com,Legitimate
https://www.zc777.pro,Legitimate
https://docs.google.com/presentation/d/e/2PACX-1vS8zbRt5q5XMoyfwQN7PzudJg1A1V-KsOWE9LajqqwQGizGHqV6yBkvfFouLE2EeZ8r-9LmF9poCH4L/pub?start=false&loop=false&delayms=3000&slide=id.p,Phishing
https://l.ead.me/bfN9Mv,Phishing
https://www.westwoodps.com,Legitimate
https://resticumeloige.firebaseapp.com/,Phishing
https://m0axqo.webwave.dev/,Phishing
https://www.soundb.net,Legitimate
https://www.clarins.com.tw,Legitimate
https://holaprodubano.webcindario.com,Phishing
https://www.dropbox.com/scl/fi/mdih7dloobwzdhsl57dag/Securely-sign-in-with-your-email-address-to-keep-you-updated..paper?rlkey=oyh2xa417s7qxvdpr1j86974k&dl=0,Phishing
https://erenobnp.firebaseapp.com/,Phishing
https://docs.google.com/drawings/d/1B6HPjx4gJOL2V-RRt-dk5yjeg3QLogjGsHARUZwqars/preview,Phishing
https://www.fishersci.co.uk,Legitimate
https://docs.google.com/presentation/d/e/2PACX-1vRlJ52gzpLtEqUtCDowKxh1Ml7YIH8rfayPRAge_2uAJWa_V4L-SYByk9DM7_JhXhzhbL1Rx1W1p5pz/pub?start=false&amp;loop=false&amp;delayms=3000&amp;slide=id.p,Phishing
https://ansomedils.web.app/,Phishing
https://docs.google.com/drawings/d/19utOqKhk16Tv5KFTUkmSfpgpQF7yispvE4hKxu6ny2g/edit,Phishing
https://www.xeniabaranova-school.ru,Legitimate
https://www.flowcode.com/page/checkingo,Phishing
https://oboticariopromocionalnatal.vercel.app/,Phishing
https://www.austinpowder.com,Legitimate
https://qrco.de/bgT5ll,Phishing
https://www.mmlgold.com,Legitimate
https://www.yy1320.cn,Legitimate
https://docs.google.com/presentation/d/e/2PACX-1vQaTzIfPg_YaiEh-XL4iWo9PfW-ZAznk8CylN-IRewRuHLdP8IVxpZ7F1DSLcnS9tGnePc2xi5FABKj/pub?start=false&amp;loop=false&amp;delayms=3000&amp;slide=id.p,Phishing
https://www.dropbox.com/scl/fo/of3s80xswzxurt1rp84cw/APBUn_IdQ1sugHHyA5aF9Eo?rlkey=hdki0ywhn2aeg0uape22st5wc&st=zjhpfhk6&dl=0,Phishing
https://keepo.io/loverss/,Phishing
https://www.pirateib.xyz,Legitimate
https://www.wilsonhotel.com.cn,Legitimate
http://bnamerio.cc/home.html,Phishing
https://floquet.pickup-fr-clients.com/,Phishing
https://patrikaicha.alwaysdata.net/mies/de/login.php,Phishing
https://www.compareandrecycle.co.uk,Legitimate
https://idbrdrbd.weebly.com/,Phishing
https://www.sekisui.co.jp,Legitimate
https://www.aeropay.com,Legitimate
https://larnacamofa.firebaseapp.com/,Phishing
https://ipfs.best-practice.se/ipfs/bafybeibgdq4pxqdc46vb2fgn3zou3j3bwpnz2roqhqdlztc63msexcefci/lndex-wetransfer.html/,Phishing
https://bafkreie3nzqz7c2sxbemutyw6avgcbhdt3gunmumlxfhahgixubeimyfqi.ipfs.dweb.link/,Phishing
https://www.mica-insurance.com,Legitimate
https://l.ead.me/bfNxQa,Phishing
https://www.handigo.co,Legitimate
http://sp477389.sitebeat.site/,Phishing
https://www.tjyijng.cn,Legitimate
https://www.yopi.de,Legitimate
https://t.me/Idmerzlts_bot,Phishing
https://qnxgw.troniva.cfd/pdsdo50mc46rMmmbucn70t,Phishing
https://www.munch.cloud,Legitimate
https://www.hnhdgjg.cn,Legitimate
https://www.murraystate.edu,Legitimate
https://docs.google.com/presentation/d/e/2PACX-1vQW4-SFh9bFwq9X7Ie8RXnZvUVbEIlStKz2CwOM3e6r1KOndimhEqpjkoVImPeJMDNjqKLE037SjouJ/pub?start=false&amp;loop=false&amp;delayms=3000,Phishing
https://l.ead.me/bfOHVJ,Phishing
https://www.ubuy.tt,Legitimate
https://ritae1e1.myportfolio.com/,Phishing
https://www.plusweb.ru,Legitimate
https://docs.google.com/presentation/d/e/2PACX-1vQTzifMmj6kzOkJwSM-AWtCbJSqnEbYwrKUT8uGxlAdYlxblPMmqDV4ZlIiVxSCZYcYR10w60-K-Qm1/pub?start=false&amp;loop=false&amp;delayms=3000&amp;slide=id.p,Phishing
https://www.flowcode.com/page/moshay0,Phishing
https://www.comstarproducts.com,Legitimate
https://www.greenwood.com,Legitimate
https://www.capitaloneshopping.com,Legitimate
https://www.cfswebdev.co.uk,Legitimate
https://www.onap.org,Legitimate
https://www.klondaika.lv,Legitimate
https://tr.ee/OUHiHiXBPJ,Phishing
https://www.kilatechapps.com,Legitimate
https://www.sdxljscl.com,Legitimate
https://www.flycricket.io,Legitimate
https://soemaliegroup.com/wp-data/88824.php#x@x.com&amp;pcnt=3&amp;request_type=preload&amp;no_redrct=no_redrct,Phishing
https://www.ul.to,Legitimate
https://sharedsecurely.myportfolio.com/,Phishing
https://www.sitsanetworks.net,Legitimate
https://bit.ly/41dGMNh,Phishing
https://www.ringtv.com,Legitimate
http://allegro.54003.click/,Phishing
https://www.chw.edu,Legitimate
https://www.aguru.pro,Legitimate
https://www.announcekit.co,Legitimate
https://dh-lstrack771.firebaseapp.com/,Phishing
https://www.lmp.net.pk,Legitimate
https://docs.google.com/presentation/d/e/2PACX-1vSznzPtWjyVLVpHGDnYh00TQZz46XQXtlS-1MhIxq3V9vpn5-xChHU3_JqJ14KcoeKXIdhSjLUGP5TD/pub?start=false&amp;loop=false&amp;delayms=3000,Phishing
https://www.tablicakalorijnosti.ru,Legitimate
https://l.ead.me/bfLygy,Phishing
https://www.nayabmusic.ir,Legitimate
https://qrco.de/bfOBG2,Phishing
https://review-log-in.firebaseapp.com/,Phishing
https://www.tycoscan.com,Legitimate
https://oliberastense.firebaseapp.com/,Phishing
http://mail.legalquiz.cl/form.php?r=bD1odHRwczovL3N0cmVhbWxpbmVkLWludGVyYWN0aXZlLWl1OGEuczMuYXAtc291dGgtMS5hbWF6b25hd3MuY29tL0tmR21hR21wY1d3Nz9lbT1pbmZvQGluZ2VuaWV1cmJ1ZXJvLW9lemRlbWlyLmRl,Phishing
https://www.flowercorner.vn,Legitimate
https://www.suphelper.top,Legitimate
https://www.theporndude.com,Legitimate
https://www.1004desk.com,Legitimate
https://bit.ly/8oLq3,Phishing
https://www.heroinsurance.com,Legitimate
https://vbageghaebjrj5hg.firebaseapp.com/,Phishing
https://www.kishrey-teufa.co.il,Legitimate
https://www.yangjisa.co.kr,Legitimate
https://www.wcwdpx.cn,Legitimate
https://www.nogizakalife.tokyo,Legitimate
https://www.hlgexshglzhzx.org.cn,Legitimate
https://www.dricco.com.ar,Legitimate
https://www.pandorashop.az,Legitimate
https://docs.google.com/presentation/d/e/2PACX-1vSD9Od_Num7I_kYLWIQ1dpv9c2JuO6nlhelSxJG6STFq_jAxsZJlhYeDCynz4whJW3J_4_UzuAkg8YV/pub?start=false&amp;loop=false&amp;delayms=3000,Phishing
https://www.cosl.com.sg,Legitimate
https://jandbgrayy.wixsite.com/my-site,Phishing
https://www.tnet.uz,Legitimate
https://new.express.adobe.com/webpage/ab1sfI6oSOr8L,Phishing
https://www.pulmix.ru,Legitimate
https://www.speedyweb.xyz,Legitimate
https://www.arielmetal.ru,Legitimate
https://www.jumia.com.gh,Legitimate
https://studentfinance-help.web.app/,Phishing
https://www.hypofriend.de,Legitimate
https://www.evolent.com,Legitimate
https://www.saladamixta.com.br,Legitimate
https://www.stealthcam.com,Legitimate
https://webtoscana.weebly.com/,Phishing
https://zpr.io/CHQncdeC8gux,Phishing
https://www.dkn.gs,Legitimate
https://www.gzschool.com.cn,Legitimate
https://www.drpepper.com,Legitimate
https://app.mockplus.com/e/wyrON-NJN,Phishing
https://www.x-plane.to,Legitimate
https://www.ysl69.asia,Legitimate
https://bit.ly/407Qn88,Phishing
https://share-eu1.hsforms.com/1WvYpRClpTWiDJ1h_zKWjTw2ffa45,Phishing
https://www.ekobieca.pl,Legitimate
https://new.express.adobe.com/webpage/CroneKc27wHBm,Phishing
https://bit.ly/41OnpuQ,Phishing
https://www.jumpyard.es,Legitimate
https://www.alliantcreditunion.com,Legitimate
https://www.aa.org.au,Legitimate
https://www.qlt-online.de,Legitimate
https://www.lumbung88golden.com,Legitimate
https://hcomputer29orfileexplorerbutton.weebly.com/,Phishing
https://docs.google.com/presentation/d/e/2PACX-1vR1oEA05FiaibNcM0mfqSC2D8Sog2YkbayiVjqQBkQTth7i8rSKS8ku1hgdwgJU0zt07v3EDRRcaia4/pub?start=false&loop=false&delayms=3000&slide=id.p,Phishing
https://bit.ly/4hWYWbD,Phishing
https://bangente-94fc0d.webflow.io/,Phishing
https://re-register-device.firebaseapp.com/,Phishing
https://www.revers.io,Legitimate
https://securecomnityveri.boxmode.io/,Phishing
https://www.mta.gov.tr,Legitimate
https://www.maturelion.com,Legitimate
https://www.divisionroadinc.com,Legitimate
https://www.clarkwebworks.com,Legitimate
https://bafkreiha3gfijti3mq4q774kjoedfwen23w3eh7do73jcpdhvff373fh2u.ipfs.dweb.link/,Phishing
https://temp-owkexuorwkyoibanumaq.webadorsite.com/,Phishing
https://xn--atencialclientgeneralitatdecatalunyainfo-53d.weebly.com/,Phishing
https://bitly.net/3TQF9kT,Phishing
https://www.g2webs.com,Legitimate
https://cartaocontinente-pontos.cc/,Phishing
https://secureptddff.weebly.com/,Phishing
https://www.bpaserver.net,Legitimate
https://produbankenlinea.webcindario.com/,Phishing
https://www.greate.com.hk,Legitimate
https://www.task.com.br,Legitimate
https://www.hex-rays.com,Legitimate
https://avzgb.skyboltzone.cfd/NmodWnfEpLpjMnhEVdy45th,Phishing
https://www.glpropinc.com,Legitimate
https://jfox13-nd.github.io/,Phishing
https://www.tamaiaz.com,Legitimate
https://www.olhonavaga.com.br,Legitimate
https://www.edukom.org,Legitimate
https://www.eglen35.com,Legitimate
https://ipfs.io/ipfs/QmbDQW8Uq3aGF9WSL7xe5ZePcbHwvtrc9GXNXUq6vhNtKW,Phishing
https://bit.ly/3WCyDQ6,Phishing
https://www.thehomeedit.com,Legitimate
https://allegrolokalnie.09381.click/konsola-sony-ps5playstation-5-/63235,Phishing
https://www.everythingseniors.org,Legitimate
https://www.difer.net,Legitimate
https://retrievesuspendemail3.firebaseapp.com/,Phishing
https://www.albeda.nl,Legitimate
https://docs.google.com/forms/d/e/1FAIpQLSemiNgQGl-SZchhDYddYBfRfboUZA3KAwpfPXYDipst_skhiw/viewform,Phishing
https://www.startsmile.ru,Legitimate
https://www.piary.jp,Legitimate
https://www.australianboot.com,Legitimate
https://www.apexi-usa.com,Legitimate
https://q-r.to/bfIo0o,Phishing
https://www.idataresearch.com,Legitimate
https://www.morgen.so,Legitimate
https://ledgzercomstrat.gitbook.io/us/,Phishing
https://www.11teamsports.cz,Legitimate
https://www.kleecks-stats.com,Legitimate
https://payutech.pro/,Phishing
https://cebjiankb3.web.app/,Phishing
https://www.ycstone.cn,Legitimate
https://test-crypto-chi.vercel.app/,Phishing
https://www.shotoku.ac.jp,Legitimate
https://qrco.de/03bdehLn714,Phishing
https://www.aiadvantagesummit.com,Legitimate
https://us22.list-manage.com/survey?u=e0f58fa20d6261a178516cefa&id=6ac9db2b1d,Phishing
https://www.lan04.biz,Legitimate
https://www.bro-bra.jp,Legitimate
https://www.501c3.org,Legitimate
https://bit.ly/3MSwZEx,Phishing
https://www.svet-her.cz,Legitimate
https://www.privatelabeldns.com,Legitimate
https://www.tcpglobal.com,Legitimate
https://qrco.de/bftC7v,Phishing
https://www.35890.cn,Legitimate
https://pub-0c1a56b09e0d486882eda1d2f972fe31.r2.dev/index.html,Phishing
https://www.eglxkt.cn,Legitimate
https://us4.campaign-archive.com/?u=11b5743ffa1e76a7c933f77c4&id=a3f6f7a50b,Phishing
https://docs.zoom.us/doc/huA5odxoTNu6o02paidN_g,Phishing
https://www.lemnatec.com,Legitimate
http://dibbss.com/,Phishing
https://www.slotbirupecah500.site,Legitimate
https://delokguio.firebaseapp.com/,Phishing
https://www.bettertires.com,Legitimate
https://facbokhelp-centre.start.page/,Phishing
https://mengovwebmaintenance.weebly.com/,Phishing
https://desibel.com/diller/wp-includes/fonts/normal/login.html,Phishing
https://shinkinopda.com/htm/sh1n/selectState,Phishing
https://www.skok.cz,Legitimate
https://www.nexx.app.br,Legitimate
https://www.frkn.org,Legitimate
https://www.thedomainsaver.com,Legitimate
https://www.k5508.com,Legitimate
https://www.theworkplacedepot.co.uk,Legitimate
https://id8237482374712374123.web.app/,Phishing
https://www.decinel.com.br,Legitimate
https://pub-c117955845d94cb7b65c24309a3646d4.r2.dev/index.html,Phishing
https://www.dst.ca,Legitimate
https://www.quartet-online.net,Legitimate
https://docs.google.com/presentation/d/e/2PACX-1vTDA5h65IuTQ1qKcdeK-G1B_ISyB0dygxyqWeKko6WrmxZacvtPBLk-CJaze_UWznkN2HmzDMYIDpcM/pub?start=false&amp;loop=false&amp;delayms=3000,Phishing
https://www.antina.jp,Legitimate
https://www.cowangroup.ca,Legitimate
https://www.ffe.com,Legitimate
https://www.bing.com/ck/a?!&&p=f0cfdf16a156b8f0JmltdHM9MTcxNDYwODAwMCZpZ3VpZD0xYzU1ZjFmMi04MTc1LTYxOTktMjk0ZC1lNTlmODBiNTYwNGQmaW5zaWQ9NTI3MA&ptn=3&ver=2&hsh=3&fclid=1c55f1f2-8175-6199-294d-e59f80b5604d&u=a1aHR0cHM6Ly9jbGljcy5pbmZvL2VudGVydGFpbm1lbnQvLW15LWxpdHRsZS1jYXJhdmFuLXNjaG9vbC1ob2xpZGF5LWFjdGl2aXRpZXMtZm9yLWtpZHMv&ntb=1,Phishing
https://kat-sports.com/wp-admins/,Phishing
https://www.rx-name.net,Legitimate
https://www.parfumsite.com.ua,Legitimate
https://www.1xbet-promik.ru,Legitimate
https://www.bookapo.com,Legitimate
https://l.wl.co/l?u=https://qrco.de/bfAX9z,Phishing
https://www.harpersbazaar.com,Legitimate
https://www.lopt.cn,Legitimate
https://www.onesimus.com,Legitimate
https://www.bokksu.com,Legitimate
https://www.gimytv.co,Legitimate
https://mphpnaire.weebly.com/,Phishing
https://imsva91-ctp.trendmicro.com:443/wis/clicktime/v1/query?url=https%3a%2f%2ffirebasestorage.googleapis.com%2fv0%2fb%2fouuiyyebgyiioo.appspot.com%2fo%2findex.html%3falt%3dmedia%26token%3d5bbb572d%2d8000%2d4720%2da032%2d55b2245c47ea&amp;umid=4FED00F3-10DB-C106-8CD6-15E066967A82&amp;auth=8433cbf337ddce28a0e628ea9b1f4d7caf95d774-e0679d4ce871f3a01b714c3ac08d9986fea541ba,Phishing
https://www.evolute-avilon.ru,Legitimate
https://www.aldomariavalli.it,Legitimate
https://qrco.de/bfNzUD,Phishing
https://qrco.de/bfPb6o,Phishing
https://pub-ee2c75607542482ca5ab528e0499c3db.r2.dev/kam6923623.html,Phishing
https://www.jobsinjapan.com,Legitimate
https://www.hmlan.com,Legitimate
https://www.freshsingobet.com,Legitimate
https://fcase-file-check.github.io/77/request.html,Phishing
https://www.toiimg.com,Legitimate
https://www.beevox.com,Legitimate
https://www.allnet.de,Legitimate
https://www.vrcpro.net,Legitimate
https://new.express.adobe.com/webpage/UdmgxRiKXwtIP,Phishing
https://www.industrykitchens.com.au,Legitimate
https://www.mainscoreth.com,Legitimate
https://www.pursatcom.ru,Legitimate
https://www.btienda.es,Legitimate
https://www.sattaduniya.com,Legitimate
https://www.ezoicns.com,Legitimate
https://floranda-seydoux.systeme.io/,Phishing
https://www.snagyoursamples.com,Legitimate
https://www.mahjong.ooo,Legitimate
https://www.hotnudegirlporn.com,Legitimate
https://docs.google.com/presentation/d/e/2PACX-1vT9M4o5cv2Pi83bVHUCbO37-M89-beD6cxVmOK2MXfqHch1hk1qa10a6VuCTpgyjywsVh-pCm-yBR5r/pub?start=false&loop=false&delayms=3000,Phishing
https://www.diplomys-o-vysshem-v-ufe-02.ru,Legitimate
https://qrco.de/bfIlPe,Phishing
https://nacional-internacional-airlines.com/checkout/68949c9d5247c/index,Phishing
https://q-r.to/bfPEaU,Phishing
https://sedklourtyhoiu.firebaseapp.com/,Phishing
https://www.sanomaitalia.it,Legitimate
https://www.yk8.org,Legitimate
https://docs.google.com/presentation/d/e/2PACX-1vQ2wGtvxhk7R8AAtK4-WYdBSHCTfe-Ozxw-Xvy9KA-vKMplopjrqcME_0PMvVO7ln0lenGYdAG4CTRp/pub,Phishing
https://www.vonderste.in,Legitimate
https://www.aierpumps.com,Legitimate
https://store111350367.company.site/,Phishing
https://q-r.to/bfMupc,Phishing
https://bafybeibt7gvufsgdp3colbyw7ax6k6zl7hra6uebf3bfwhjmop5h76geki.ipfs.dweb.link/,Phishing
https://dirozadelemile.firebaseapp.com/,Phishing
https://www.grid.online,Legitimate
https://www.kagithane.istanbul,Legitimate
http://www.hollykim.com/bbs_/f9ebaa/hvsjhhvs33/,Phishing
https://vide09.weebly.com/,Phishing
https://pub-60aa8cdea4ff48c8b784d120879cbb5a.r2.dev/index.html,Phishing
https://www.otomax.store,Legitimate
https://www.mustelausa.com,Legitimate
https://dnc1qk.csb.app/lasting.htm/,Phishing
https://www.oppakor.com,Legitimate
https://www.1eis.ru,Legitimate
https://www.myxyz.co.uk,Legitimate
https://www.cdgsrv.com,Legitimate
https://www.orbita.cloud,Legitimate
https://docs.google.com/presentation/d/e/2PACX-1vRzJIXsBAMU94H1OTcRBNe3AR-jTmJ5nJUiYcdqj7l0E3m2Cs8sL14nlwQl76SagV-aOccqB8d_6ZpG/pub?start=true&amp;loop=true&amp;delayms=60000,Phishing
https://eximiamedical.ro/,Phishing
https://wfow-8ab44.web.app/,Phishing
https://q-r.to/bfOQiE,Phishing
https://www.90phutae.cc,Legitimate
https://www.alifeofproductivity.com,Legitimate
https://external.corsivalab.xyz/sumup/web/login.php,Phishing
https://www.wooppay.com,Legitimate
https://www.twapxgt.com,Legitimate
https://www.puke56.cn,Legitimate
https://lbghuif.firebaseapp.com/,Phishing
https://pub-b6487c8fd5c842c9a9451e57e247839c.r2.dev/index.html,Phishing
https://businessmanagers-helpcenters.pages.dev/,Phishing
https://pub-db8fbbe2f71a4bff9e2c51c143a274c6.r2.dev/index.html,Phishing
https://www.elitecasinoforge.com,Legitimate
https://fdvciteglf.web.app/a.html,Phishing
https://vacationhomesinyourtown.com/?f=,Phishing
https://docs.google.com/drawings/d/1DP23y79A9FoBehBrEMmsoQrYxoMmG0VLKE7tSs0_riA/edit,Phishing
https://linqapp.com/shjdj?r=link,Phishing
https://univamumarseille.weebly.com/,Phishing
https://www.s-trojmiasto.pl,Legitimate
https://bafkreieitr77m2mwctzt6gafqz6cjzf6jrgqxq4rabclluttzkmihcwiia.ipfs.dweb.link/,Phishing
https://www.globaltoys.site,Legitimate
https://www.gznu.edu.cn,Legitimate
https://www.nueplex.com,Legitimate
https://verify-directnew2023.start.page/,Phishing
https://www.katatelecom.com,Legitimate
https://confirm-987.weebly.com/,Phishing
https://www.tradehouse.media,Legitimate
https://www.51bs.net,Legitimate
https://docs.google.com/presentation/d/e/2PACX-1vT2v8RH9QTZY-TJnoBgHrbEgrIkfg6ZkQn8kYuDCj61_EhM1Lt4xVQHRLhVBpJbEiZfTuUoJByAuzTS/pub?start=false&loop=false&delayms=3000,Phishing
https://onlineyocopay.firebaseapp.com/,Phishing
https://l.ead.me/bfRJAD,Phishing
https://www.myfastforum.org,Legitimate
https://forms.gle/bcTLkSEe2sxsnUPf9,Phishing
https://vlodsad.firebaseapp.com/,Phishing
https://www.1xbet-pxek.top,Legitimate
https://www.hping.org,Legitimate
https://pub-aeb3695f12e9466c8a408f69d9b439de.r2.dev/index.html,Phishing
https://www.youcinetv.vip,Legitimate
https://www.drugchannels.net,Legitimate
https://auth.com-web.net/de/?code=dbe1cf508f1ce3f392c1eda96ddff2fd,Phishing
https://docs.google.com/drawings/d/1FvUwxW_oNKsTLVR_oiblhUE01lqB-vx94I4RxVQbmb4/edit,Phishing
https://pub-9f65e9a08da64a87ae0cc31910c99428.r2.dev/index.html,Phishing
https://www.bestmua.vn,Legitimate
https://docs.google.com/presentation/d/e/2PACX-1vTsTUkU4puzfhYZUS98JpsLjFUUltnMZGNY-vUm79RsE_P9Fd5P6PYSkFPUp3U0Qs2dl1aJrolm3lee/pub?start=false&amp;loop=false&amp;delayms=3000,Phishing
https://tinyurl.com/myuhrs8z,Phishing
https://www.pkjobsupdate.com,Legitimate
https://www.xueyinonline.com,Legitimate
https://performance-bonus-c2206.web.app/,Phishing
https://www.freshrss.org,Legitimate
https://docs.google.com/drawings/d/1AKUzsD1t-egxohN9v4vW2j6kJUZ0f6ReWW5y1tDhcaw/edit,Phishing
https://zmbfree.weebly.com/,Phishing
https://www.fronteirabets.com,Legitimate
https://kyuiyuiucvcvbcvyyuy234678cvbukyuk.pages.dev/,Phishing
https://www.topsectechnology.net,Legitimate
https://orbs-network.github.io/twap-ui/,Phishing
https://sites.google.com/view/systemeo/home,Phishing
https://url.emailprotection.link/?bOhaCLID3f4EvJqvkSc9lhACoz61lVgoCLWtZwgzZU-sGrhrkTlM85zAiSejXpDoE7IwZdS6GfMxyp2u4mweJrHEPz-YWSNVRbLQIhbASOG_94j9UjLgxQFTUylGxBBmL,Phishing
https://citizens-3service.firebaseapp.com/,Phishing
https://docs.google.com/presentation/d/e/2PACX-1vTXThLJ_dNtofQaYLrOgGA1DwfYCWDqZPo--ZyL-kG0Ll7bA6_YW-ottamu5qw209Pzjzzi2YpxCIG3/pub?start=false&amp;loop=false&amp;delayms=3000,Phishing
https://www.duesseldorf.de,Legitimate
https://www.flowcode.com/page/hip,Phishing
https://www.satels-okna.ru,Legitimate
https://us9.campaign-archive.com/?u=00022c59e8530fa57c6eede2b&id=b7e511d7a8,Phishing
https://www.gamezee.org,Legitimate
https://www.lemfi.com,Legitimate
https://docs.google.com/presentation/d/e/2PACX-1vQhADK3rxBRHpOz7o9vL-5InxGQC8khRJQ33e0U0Fdnq1m7J1OdH34c93jXuPTHie5mi2Da47DumIAp/pub?start=false&loop=false&delayms=3000&slide=id.p,Phishing
https://docs.google.com/presentation/d/e/2PACX-1vSuxCuBzmnLQJsHTyFmOGWjhQr_oxIzs_e3q8U3jaVTfhG4STY7H9n2xAHg3HXiLoBfhX6xsprqQjgE/pub?start=false&amp;loop=false&amp;delayms=3000&amp;slide=id.p,Phishing
https://www.developerreport.com,Legitimate
https://www.tinnhanhchungkhoan.vn,Legitimate
https://www.hf.ru,Legitimate
https://www.mamako.ru,Legitimate
https://us13.campaign-archive.com/?u=e77bceebd4a48f1aa42613d57&id=96e684cf15,Phishing
https://www.lihancheng.cn,Legitimate
https://www.visa.ca,Legitimate
https://www.telnet.ro,Legitimate
https://qrco.de/bfPk6p,Phishing
https://www.interseting202601.com,Legitimate
https://www.musclecharge.app,Legitimate
https://us4.campaign-archive.com/?u=51b12d08f0776aba4db6c424b&id=0045e2ff04,Phishing
https://us17.campaign-archive.com/?e=397c32d6ae&i=*%7CITERATION_UNIQUE_ID%7C*&u=dfac0c95e830abd18076e5ff0&id=9a8bb84860,Phishing
https://sites.google.com/view/zen-03jow3,Phishing
https://www.tray.com.br/shopee/?utm_campaign=newsletter&amp;utm_content=lancamento-shopee-05042023&amp;utm_medium=email&amp;utm_source=rd-t,Phishing
https://useraccoutpi.webcindario.com/validacion/mailvalidation.html,Phishing
https://l.ead.me/bfInZ9,Phishing
https://www.brightflag.com,Legitimate
https://lionsruntalya.com/in.html,Phishing
https://www.dryfta.com,Legitimate
https://www.harvia.com,Legitimate
https://bellsouth-att-siging-4c5524.webflow.io/,Phishing
https://www.phmlnigeria.com,Legitimate
https://www.kompege.ru,Legitimate
https://www.vylidya.com,Legitimate
https://ax2rby410.ukit.me/,Phishing
https://sc.link/wP0m,Phishing
https://sites.google.com/view/captcabnc/inicio,Phishing
https://docs.google.com/presentation/d/e/2PACX-1vRUYZVrHxfG1iexWAZaCD9iM6CFPgD-7-kQyYRYYMFwjs7hndyuN40EAscxoUX0IEVlhOxtJhqn1ZW6/pub?start=false&amp;loop=false&amp;delayms=3000&amp;slide=id.p,Phishing
https://www.basketballforcoaches.com,Legitimate
https://www.racetracker.de,Legitimate
https://www.schellevistraining.nl,Legitimate
http://hollykim.com/bbs_/f9ebaa/hvsjhhvs33,Phishing
https://www.trivago.com.ec,Legitimate
https://forms.clickup.com/9005089639/f/8cbxgv7-428/UXE354NWLN5FSWSP30,Phishing
https://eharmonyesec.weebly.com/,Phishing
https://q-r.to/bfSbRW,Phishing
https://www.geki-sen.com,Legitimate
https://www.sefaz.am.gov.br,Legitimate
https://ebisa2023agost.webcindario.com/index.html,Phishing
https://dlkvg4.webwave.dev/,Phishing
https://www.mocachain.org,Legitimate
https://www.salafitalk.com,Legitimate
https://www.poidata.xyz,Legitimate
https://bit.ly/49dVCph,Phishing
https://www.webmail.ms.gov.br,Legitimate
https://www.bring.no,Legitimate
https://www.shopifyapps.com,Legitimate
https://us9.campaign-archive.com/?u=bb38e1e2f1a4a9225663b9919&id=b5586e5fcc,Phishing
https://www.hihi2.com,Legitimate
https://www.trackthattravel.com,Legitimate
https://www.hdrezka.loan,Legitimate
https://q-r.to/bfLJav,Phishing
https://www.need.tips,Legitimate
https://vesaolerdiner.weebly.com/,Phishing
http://movaseagencia.com.br/esfera/,Phishing
https://www.twcnews.com,Legitimate
https://www.ttagj.com,Legitimate
https://www.bigroad.com,Legitimate
https://www.ecln.ir,Legitimate
https://www.motives.net.cn,Legitimate
https://tx9mkhhbb.cc.rs6.net/tn.jsp?c=rn3bk-y80-oZ0n5g7TS2Racrj7W2gXBi6I4VOar2XfJsK4eXN7pJtw==&ch=ANpzrSL-Et0UvFam7TQQAPKpQqPbkOb5UXhBW1MCqOIRtpXfJx8EaA==&f=001pM3Vp1LCkaMhxyuEVua3QBWl-FOcwBQy6WLkHOJMtsHeu2rz3sC8aBK30F1rzu4yEirRBmcOOsBppjHDh0Et_Uzgk-49LIAgYMZoaWXQB9Qz2SnQcsSOl6hogfgyEvuJ6-nJiIZQEqrsjKK2PEW4sw=,Phishing
https://www.stgeorgesbank.com,Legitimate
https://docs.google.com/presentation/d/e/2PACX-1vRONtwYb_NLdR88M3jYWcxN0AadfrDStdfTUDB5_w5Jcmxo0xsN8lRVmjpkde-4uHpx1LGUKjhVAmf1/pub?start=true&loop=false&delayms=3000,Phishing
https://www.bluephoto.net.cn,Legitimate
https://new.express.adobe.com/webpage/4UjbTwpeyF1ns,Phishing
https://ipfs.io/ipfs/QmXiXAhetvCunzxiBbWPLQNVU1BRVxsujPj1n9Rjdxe3WP,Phishing
https://www.caci.co.uk,Legitimate
https://www.uniquetalent.hu,Legitimate
https://www.lovewy.cn,Legitimate
https://www.take-profit.org,Legitimate
https://tinyurl.com/glady-cci1865-de-alliancepr,Phishing
https://hbadilmanjja.blogspot.com/,Phishing
https://www.dichvucheap.vn,Legitimate
https://authentificationservicenumerique.weebly.com/,Phishing
https://forms.gle/w89kUW6wmmUEWgTp6,Phishing
https://www.acrnm.com,Legitimate
https://www.hot120.com,Legitimate
https://www.schoolfi.net,Legitimate
https://app.jotform.com/251264119081148,Phishing
https://www.s2manga.com,Legitimate
https://tinyurl.com/2s3bvryf,Phishing
https://www.jongleistate.org,Legitimate
https://us8.campaign-archive.com/?u=245b55c80f279ef8822072a02&id=364039aaf2,Phishing
https://docs.google.com/presentation/d/e/2PACX-1vSrVsDR1LrFGk41WN50gXfZbmXiaySwS0_yk3JWRjLZp9Bvm3NRMHgjm8dKyP1RPOYsNHjEUfAYuwj7/pub?start=false&amp;loop=false&amp;delayms=3000&amp;slide=id.p,Phishing
https://docs.google.com/drawings/d/1lSX9zIUiSV2BhMlja5ILRPDBbAhTR2gT6Bvkh1F245g/edit,Phishing
https://www.cirm-math.fr,Legitimate
https://sentinel-288bb.firebaseapp.com/,Phishing
https://www.densan-s.co.jp,Legitimate
https://incentivoaqui.webcindario.com/,Phishing
https://q-r.to/bfaMnw,Phishing
https://uvethm.com,Phishing
https://q-r.to/bfjDMi?ts=1,Phishing
https://bafkreibltrxhxybtunzstamen7ic3kul2uxyvgcq4zwg55f55vq2zncmie.ipfs.dweb.link/,Phishing
https://sites.google.com/amricalturs.net/playvoice/home,Phishing
https://inter-soporte.webcindario.com/,Phishing
https://www.365wen.cn,Legitimate
https://allegrolokalnie.pl-74130114122.cfd,Phishing
https://www.datamonster.pro,Legitimate
https://bit.ly/3ZTQ6nI,Phishing
https://www.tamilsubmalay.com,Legitimate
https://www.besthotxxx.com,Legitimate
https://www.ukraine-gta.com.ua,Legitimate
https://docs.google.com/presentation/d/e/2PACX-1vRLcZcaNMiT0YI8M6t-kem-Yx2rmuDKUsOFnzTSUVLCyK-UnFeGOW4XccgKoMVvfx1KaFOSRM5FYS8Z/pub?start=false&amp;loop=false&amp;delayms=3000,Phishing
https://www.ovea.eu,Legitimate
https://us6.campaign-archive.com/?u=b9ba4fb6efdaaaf045e6d99ab&id=7cac303bc9,Phishing
https://site-ezus7ck4o.godaddysites.com/,Phishing
https://docs.google.com/presentation/d/e/2PACX-1vQNR0gAIM8Y3iLSMdekZ4RtlbhlBOlnCmX8cnv1EE_oAjr8cfwuF0SAhJypyHeRNdQePzZewGwnjHIm/pub?start=false&amp;loop=false&amp;delayms=3000&amp;slide=id.p,Phishing
https://replit.com/@mutual-ahora,Phishing
https://docs.google.com/presentation/d/e/2PACX-1vRUfiMde0g7yL9qqtQ19VKEkmGCH73XOXcWajy_4LcErtyH0H6gNpWSIXYlMAGLPsPRBY-2IJFzYWb0/pub?start=false&loop=false&delayms=3000,Phishing
https://ee-team-aisy.glide.page/,Phishing
https://docs.google.com/presentation/d/e/2PACX-1vRvQ7LnWCVpNGB_r3yaRc3eZ_B7TYlK_gpragXbiHS04ENS7n2Td9h4W_XjCSqfNds-O92_4QCgAr4j/pub?start=false&loop=false&delayms=3000&slide=id.p,Phishing
https://www.freenet.tv,Legitimate
https://www.smciligan.edu.ph,Legitimate
https://www.wuhanty.net.cn,Legitimate
https://docs.google.com/presentation/d/e/2PACX-1vQ--Nz35hYrcxEoN4Gh0dDvKT1czt-7yc0GDB7m0IuS0bgYi5xcpBw9yjAYmY3BUGqPbP-QkwOhGwlf/pub?start=false&amp;loop=false&amp;delayms=3000,Phishing
https://www.topsmart.online,Legitimate
https://www.localtunnel.me,Legitimate
http://www.john-ashley.de/bbmt/bbmtlogin.php,Phishing
https://docs.google.com/drawings/d/1s0b4KE3wByx1su183W-s4ITk9QsI0U6ePz1caTTQcI4/edit,Phishing
https://docs.google.com/presentation/d/e/2PACX-1vTGHTiIKD5Lfp5lYHZfLtRyWemByDbGJdx82BI0zbveWriTyesNGgJXVdUT2Hh5CXfm-v0GbNpGpCT7/pub?start=false&amp;loop=false&amp;delayms=3000,Phishing
https://www.airbnb.com,Legitimate
https://www.kupit-diplomis-v-omske-56.ru,Legitimate
https://www.ljheglmb.cn,Legitimate
https://www.flyingcroc.com,Legitimate
https://www.pasacasino522.com,Legitimate
https://www.cliqueretire.com.br,Legitimate
https://www.school16arm.ru,Legitimate
https://www.sdcdn.io,Legitimate
https://tinyurl.com/msacrvmp,Phishing
https://www.lcmdb.net,Legitimate
https://www.hobby-max.fr,Legitimate
https://sparkass-sidcheck8.firebaseapp.com/,Phishing
https://www.batashoemuseum.ca,Legitimate
https://q-r.to/bfEdAw,Phishing
https://www.eternityhosting.com,Legitimate
https://bit.ly/4ggQenN,Phishing
https://www.dropbox.com/scl/fi/gddx0cjahti6j1blz2ht0/BT-VOICE-NOTIFICATION.paper?rlkey=tmpue85bjpbkumknywtg5f3os&dl=0,Phishing
https://nassab.appclients-expde.com/as.php,Phishing
https://docs.google.com/presentation/d/e/2PACX-1vRzdlFAwRAbYTvufxeo-QcS0XWufrOeBdhWfaToxWeqoFNtMwsGJCxo26T4DA0ugvJNeCOMeSc7nqwP/pub?start=true&amp;loop=true&amp;delayms=3000,Phishing
https://www.weblate.org,Legitimate
https://www.iotahost.net,Legitimate
https://pub-606a2cf1d4d14b22b79ed7ef27b9d8be.r2.dev/securelink.html,Phishing
https://www.laniertech.edu,Legitimate
https://osm.hlidskjalf.is/settlements.php?idc=202&region=Bayern&sub=Memmingen%22%2F%3E%3Cimg%20src%3Dhttps%3A%5C%2B%2Fgoogle.com%2F535fe9e0-e47d-4a0f-afa0-edf76562a3b3.jpg%20onerror%3D%22eval(decodeURIComponent(atob(%27d2luZG93LnRvcC5sb2NhdGlvbj1kZWNvZGVVUklDb21wb25lbnQoYXRvYignYUhSMGNITTZMeTl6TFhCMWMyZ3VaR2xsTFhOd1lYSnJZWE56WlM1cGJtWnZMdz09JykucmVwbGFjZSgvXCsvZywnICcpKTs%3D%27)))%22%3E,Phishing
https://qrco.de/behhnC,Phishing
https://www.cnappc.it,Legitimate
https://www.guess168.vip,Legitimate
https://www.winnerworldlatino.com,Legitimate
https://strasbourginsa.weebly.com/,Phishing
https://bafkreigi2ualsos2m5mn4urm77c4qw4q2ux3haatsox6usgcec7vzhic2y.ipfs.dweb.link/,Phishing
https://www.cttdu.ru,Legitimate
https://docs.google.com/presentation/d/e/2PACX-1vS87r-QaKbv_mJU70AO1GDP01gsjMvuFyhoKczyWLqVNguxbDTsUrePqso7On8PfPsaxWBMTi0TbqAz/pub?start=false&amp;loop=false&amp;delayms=3000,Phishing
https://www.tjvnews.com,Legitimate
https://www.flowcode.com/page/nishel,Phishing
https://www.totalfootballkickoff.com,Legitimate
https://ejusdemfarin.web.app/,Phishing
https://ecuvalid.ukit.me/,Phishing
https://www.optimytool.com,Legitimate
https://www.fliplet.cn,Legitimate
https://wa.me/message/OCRFYECZDSYIH1,Phishing
https://www.rulez.jp,Legitimate
https://www.maxalt2x2.com,Legitimate
https://www.dice.se,Legitimate
https://www.eldesalarms.com,Legitimate
https://www.timorlintas.net.id,Legitimate
https://www.wax.io,Legitimate
https://www.blogbuddypress.com,Legitimate
https://docs.google.com/presentation/d/e/2PACX-1vQA76uRvba9RxBIojkQkPrUjW5Nl2lnMhiiime604n9k2629Ikq-kdqXP6zyO97sZhTHnxkYgd8uwYP/pub?start=false&amp;loop=false&amp;delayms=3000&amp;slide=id.p,Phishing
https://q-r.to/bfM8Nb,Phishing
https://bit.ly/3AnNqFO,Phishing
https://new.express.adobe.com/webpage/mFpuAIk7cifTg,Phishing
https://www.789bettg.net,Legitimate
https://www.toyotatimes.jp,Legitimate
https://www.8x4321.com,Legitimate
https://www.studynumberone.in,Legitimate
https://www.brigitte-st-gallen.ch,Legitimate
https://www.hsbright.com,Legitimate
https://www.tipaxco.com,Legitimate
https://l.ead.me/bfJRw2,Phishing
https://www.dashihong.cn,Legitimate
https://www.sdcl.org,Legitimate
https://www.monitoruldevrancea.ro,Legitimate
https://new.express.adobe.com/webpage/jO8A0EeFcJwts,Phishing
https://q-r.to/bfOrRa2o24,Phishing
https://protect-mfirst-access.firebaseapp.com/,Phishing
https://www.gladns.com,Legitimate
https://www.duplicacy.com,Legitimate
https://www.guitargear.com.mx,Legitimate
https://www.manset.com.ua,Legitimate
https://www.boom991fm.com,Legitimate
https://iurequestcancellationform.weebly.com/,Phishing
https://www.vdajyi.space,Legitimate
https://us5.campaign-archive.com/?u=80ef6db3d7a9290767a5a326a&id=ee9bf07a12,Phishing
https://auditoriaetaloes.com,Phishing
https://www.redcross.or.th,Legitimate
https://docs.google.com/drawings/d/1HnKoCbNQQq5rokm1tpBghYxzw2l3MxPIddJ1z-b9SAE/edit,Phishing
https://www.static-text.com,Legitimate
https://facebook-ads-acc1.github.io/review-acc/,Phishing
https://www.lostateminor.com,Legitimate
https://hauygglamm.blogspot.com,Phishing
https://kathrinknoepfle.de/css/themes.php,Phishing
https://dbqzx.kinete.cfd/pdsdo50mc46rMmmbucn70t,Phishing
https://www.naqshiofficial.com,Legitimate
https://www.wacom.com.cn,Legitimate
https://docs.google.com/presentation/d/e/2PACX-1vTbwy_848VJGYeezgpwcDw9zMna2bIqMD2DjJDSi9PjF2zrXfgMXDc0AtSSZQFeMVdM09grsjVMNhyE/pub?start=false&amp;loop=false&amp;delayms=3000,Phishing
https://bit.ly/postaslt,Phishing
https://abbb3g.weebly.com/,Phishing
https://www.jobuzz.co.za,Legitimate
https://sites.google.com/view/tenesghsf/,Phishing
https://pub-44b7936caca94bf7b1b4bceab0ffc0b8.r2.dev/topman.html,Phishing
https://www.pluginod.com,Legitimate
https://iquwyeyu.mmm.page/,Phishing
https://docs.google.com/presentation/d/e/2PACX-1vSkzcUNh2wvk9_DV3im4loGgUvg2kQuL2KyFb3DAdetnIvFRFThu3LCRI38sI5cV6eXGZTh7prsxotX/pub?start=false&loop=false&delayms=3000&slide=id.p,Phishing
https://www.flingunited.co.uk,Legitimate
https://docs.google.com/presentation/d/e/2PACX-1vQeNwLVWFmHBD_XUyvT1E1g2u4mvdO4pYPYz1N9O5k7KDrnQEwlK8Ado9GHHZwaZPaGjgwbLU3M7zRt/pub?start=false&amp;loop=false&amp;delayms=3000,Phishing
https://www.moemax.hr,Legitimate
https://specreportexupdat848757.framer.website/,Phishing
https://www.cardwin.sk,Legitimate
https://www.delfa72.ru,Legitimate
https://www.wuwp.cn,Legitimate
https://acccountgmx1.weebly.com/,Phishing
https://www.mystudy.ru,Legitimate
http://portaldocliente.terra.paginas.store,Phishing
https://espalubdes.web.app/,Phishing
https://q-r.to/bfKx0P,Phishing
https://pub-8d878565c246407fa44eff2a35b60ef7.r2.dev/index.html,Phishing
https://q-r.to/bfJYlF,Phishing
https://www.nangs.org,Legitimate
https://docs.google.com/presentation/d/e/2PACX-1vSS7sACliHXdRXI3YG9XUj9hdkW3cBAqB4wpjBMVQNWJlbiYnNLdDuIFLlDrVvFw8XOkzHvaHHT85pj/pub?start=false&loop=false&delayms=3000,Phishing
https://www.cntexnet.com,Legitimate
https://new.express.adobe.com/webpage/MebC3tvSDkwGn,Phishing
https://l.ead.me/bfFtna,Phishing
https://q-r.to/bfeugO,Phishing
https://www.bez-bitovok.ru,Legitimate
https://bit.ly/4hOSL9G,Phishing
https://rkokmailme.blogspot.com/,Phishing
https://www.ai88linkgacor9.xyz,Legitimate
https://devbr-7de68.web.app/,Phishing
https://www.codewiki.google,Legitimate
https://www.togowu.cn,Legitimate
https://www.cdnweb.info,Legitimate
https://new.express.adobe.com/webpage/lHcmPO2Dq4hfC,Phishing
https://us-mettaa-mask_loggin.godaddysites.com/,Phishing
https://www.chimpgroup.com,Legitimate
https://polyqon-technology-connect-wallet.blogspot.com/,Phishing
https://support-notify0.web.app/,Phishing
https://www.kanademono.design,Legitimate
https://authtzcmjbvtzmnjymailssocl.web.app/,Phishing
https://l.ead.me/bfTDOS,Phishing
https://qrco.de/bfFAjg,Phishing
https://ultra-sercoid.weebly.com/,Phishing
https://www.budandritas.com,Legitimate
https://docs.google.com/presentation/d/e/2PACX-1vR7PaQlHFegZb25wSModnVBafr0l7LMKkLCzhT_hh6TPs2Osw_YC_EvTn0a1kRIo-0Qam8fVBNvd6Cl/pub?start=false&loop=false&delayms=3000,Phishing
https://www.supersamastore.it,Legitimate
https://www.gmgn.mobi,Legitimate
https://q-r.to/bfjY86326828364,Phishing
https://www.mailup.com,Legitimate
https://www.iron789.com,Legitimate
https://onlineorder-pandaasianfussion.web.app/,Phishing
https://www.tanabesports.com,Legitimate
https://www.goit.global,Legitimate
https://chromeacti.firebaseapp.com/,Phishing
https://www.ytctfs.cn,Legitimate
https://www.tangilla.com,Legitimate
https://www.minedrop.su,Legitimate
https://uvruk.skyboltzone.cfd/8ped9qt1fq7yM0gmflsj4t,Phishing
https://www.goturkey.com,Legitimate
https://www.goldmarket.fr,Legitimate
https://www.hupu.us,Legitimate
https://l.ead.me/bfHq0O,Phishing
https://www.way-guard.de,Legitimate
https://gmxhr.weebly.com/,Phishing
https://www.leconomiste.com,Legitimate
https://www.watch4u.co.il,Legitimate
https://www.sdmoviespoint.gdn,Legitimate
https://docs.google.com/presentation/d/e/2PACX-1vT6UAu_rg4-6FuQCnAbsN6FyGu5MYiRWUemK3vzb8It81abDGgggals0PTtOlLwZ_bggoUmcYJukber/pub?start=false&amp;loop=false&amp;delayms=3000&amp;slide=id.p,Phishing
https://ecuavanza2026.webcindario.com/,Phishing
https://docs.google.com/presentation/d/e/2PACX-1vR_fqzmGIJbeH7WgvOD_5p2WxwUy8dj-N6FipNPOAKQV8tlffhryzAskgGUgxR-lmwcPdOrmJ5uXxx5/pub?start=false&amp;loop=false&amp;delayms=3000&amp;slide=id.p,Phishing
https://www.voxcinemas.com,Legitimate
https://www.knowledgeverse-nebulatech.sbs,Legitimate
https://gmxojo.weebly.com/,Phishing
https://new.express.adobe.com/webpage/V8Zcvmbyg7kz4,Phishing
https://www.vento.com,Legitimate
https://easying-f1b8c.firebaseapp.com/,Phishing
https://qrco.de/bfWINE,Phishing
https://www.zipfilmizle.com,Legitimate
http://optikgeneral.com/Webmail/7/Webmail/webmail.php,Phishing
https://www.nsda.com.cn,Legitimate
https://www.47tl.cn,Legitimate
https://www.ullapopken.pl,Legitimate
https://www.danarapay.com,Legitimate
https://pub-339ed1e572c44e38b332b62b38f3360c.r2.dev/GHvjg7Vgyy7Yg7y7f86DFos8s8GYSYY8sggs777fgFGF6sfghUDGrSDGjrkRKRKNDJJrk8b.html,Phishing
https://www.g606.cn,Legitimate
https://hgfdfghjk.w3spaces.com/,Phishing
https://hotm.art/ovGR9L,Phishing
https://www.tenx365x.live,Legitimate
https://q-r.to/bfQ5O2,Phishing
https://docs.google.com/presentation/d/e/2PACX-1vQEQZ7UvZv7MJU088HG-8JnFBB8NlEqDJSl6kFNUqk_Gb1kQYAWEHnBjfuZRDRgmTmuou-_I7xR58S5/pub?start=false&amp;loop=false&amp;delayms=3000,Phishing
https://www.hamuj.sk,Legitimate
https://gmc9qwk47.ukit.me/,Phishing
https://www.albert-learning.com,Legitimate
https://qrco.de/bfEd4D,Phishing
https://d-outlook3930034.web.app/,Phishing
https://liviamesquita.com/ntt-my-plala,Phishing
https://www.linkcablerock.com,Legitimate
https://www.p125.online,Legitimate
https://threadandvelcrotfr.firebaseapp.com/,Phishing
https://pub-1a95203d45984d92bcc1ed3ba7c5b54f.r2.dev/0nedrivedoc.html,Phishing
https://l.wl.co/l?u=https://qr-codes.io/tH28tW,Phishing
https://www.chocolissimo.de,Legitimate
https://metamasksignin.teachable.com,Phishing
https://new.express.adobe.com/webpage/3LrN8mESsU5nO,Phishing
https://milhas.portaldocartao.ru.com/,Phishing
https://myapp-pp.com/,Phishing
https://www.rbccaribbean.com,Legitimate
https://www.eronb.net,Legitimate
https://www.tfrsu.cn,Legitimate
https://www.tufferman.co.uk,Legitimate
https://docs.google.com/presentation/d/e/2PACX-1vRRY_5Lkya4ZoCF3ZLSddZWed9ZSkrF_gw0bqilBkNzJSBxXahIbjvhKBBbPmsnR0NVgbS398sFbQJK/pub?start=false&amp;loop=false&amp;delayms=3000,Phishing
https://www.clearharmony.net,Legitimate
https://webmailauth9586.weebly.com/,Phishing
https://pub-d5b4cc306dee4d95b3fff951edad168a.r2.dev/index.html,Phishing
https://bafkreid6e5r3plyhlqmwtngtifipwtsx4fghtpejc7p2owy63ahbojp42e.ipfs.dweb.link/,Phishing
https://www.ljusnan.se,Legitimate
https://adminsupport.im/.all/ipko/,Phishing
https://www.flashrewardsca.com,Legitimate
https://www.telefon-de.com,Legitimate
https://qrco.de/XFAN0dT0qwVpTCzDsiG6fqmVKHcNZxVIo2M,Phishing
https://www.tipplus.com.tr,Legitimate
https://www.kwxgg.cn,Legitimate
https://pub-7ee8b36658f64f6bbd2042aea01240d7.r2.dev/09876543567890IUYTRTYUI/9U876TR5EDRFGJOIU98Y7TFT/9876543456789UYFTDRFTY/index9854-987654321234567876543-9876543212345678765432345678987654323456-9876543234567898765433456789.xhtml?hUqP0rwuie=euUsF9SLSwxnSBQN17mHkglRJKdOUlWwDfLeojs8xTGKz0Qw8XKHOw55wbfFUTWe920nPE8JIOjResusXZxcQeYleTkNIIVuPOBYtCaLe7VjqSaUPg2U3M9aavcXuBZtbzmYgKWEgdaAZIih8IZv0do6v1owS06As8J50ii0YOAErA2sIWmYCEyYa6ae72PVsrhRvCTzjPPVnmR8z9wRATzf2lkaizNT60Xp8j5FOwYroP0AdyOmkSje7XpCKq6MZuIPQTpi64Js7KWMz3QLYdKd24cCZCDkisXu1ynZXvNCuMMMtjcFTJJ1y3oDuZpxHgevlS9emR90Oa3TgqMXnRp5P8BJUuIXyFvdSgv1LHfUnTooM0byM9kmaI9eHiCNmZBvEO0Tuw0bFybw1Yvj5uxM0SfOxrV9R7nIEkVRhxGA5jWRFTZeBeVvqxaRowpH6Zj47XzUYVWxK77qmx2iV9yTOahIJfwWml8zfk7pqLuPMRuYUH3C&email=sblake@avantihospitals.com&5DJXkqhl1I,Phishing
https://pub-8a04ac0f553244c8a5b52eab5e25f789.r2.dev/index.html,Phishing
https://www.8saksx-diploms.com,Legitimate
https://www.wowclassicdb.com,Legitimate
https://bit.ly/47GxTgE,Phishing
https://bit.ly/4hsNrJB,Phishing
https://www.qihoo.net,Legitimate
https://www.canlansports.com,Legitimate
https://algeelivlogin.gitbook.io/us/,Phishing
https://www.grammesencentilitres.com,Legitimate
https://www.dian4d6.site,Legitimate
https://docs.google.com/presentation/d/e/2PACX-1vTuMfiILcZtsgPlMdAW2kWgXceCxhmrZWRu7i-q155l_kpn6rIBVSGCA_Qqca8bDEkIFvSZsyscvV8m/pub?start=false&amp;loop=false&amp;delayms=3000,Phishing
https://www.latamtoon.com,Legitimate
https://rearytumnbo.weebly.com/,Phishing
https://q-r.to/bfXlx0,Phishing
https://docs.google.com/presentation/d/1UDZSEelAYhv6-2gYpb6bdl_z-BhKqH2xyaSrwbqq-9g/pub?start=false&amp;loop=false&amp;delayms=3000,Phishing
https://share.hsforms.com/16Lx0JLo4TFi103IT7vnvHgsrwwc,Phishing
https://q-r.to/bfOpYn,Phishing
https://bit.ly/3XE9N2e,Phishing
https://www.discountcasino.com,Legitimate
https://www.tintin.com,Legitimate
https://ketinderlen.net/e/,Phishing
https://u.to/O0vcIA,Phishing
https://www.dyyseocdn.com,Legitimate
http://advartiso.com/Zn3pk,Phishing
https://www.starofservice.gr,Legitimate
https://www.pagesuite-professional.co.uk,Legitimate
https://jsdfchkdsds.weebly.com/,Phishing
https://qrco.de/bfIzpJ,Phishing
https://www.silkengirl.net,Legitimate
https://www.fumiiro.jp,Legitimate
https://auth-production-4a4bc.web.app/,Phishing
https://www.midlandusa.com,Legitimate
https://muskingumcounty.myportfolio.com/,Phishing
https://www.carluyonaigroup.top,Legitimate
https://fsulroz.com%E2%88%95gdptmxs%E2%88%95shzajjrr%E2%88%95nqtlmnf%E2%88%95huqrusloew%E2%88%95xawlqehg@nbhpqn.cn/FaCCsg/checkout/ea8G3aE9myOA7uV/n72fVM/order/HefXIC/order/crr8Pg/login/lMJ8WD8XSaxYcg?cart_id=djV_8D5XVL&amp;user_agent=S-xMOuWxzW&amp;ref=jcCnDnl5&amp;page=03IT&amp;clickid=ggg_4OJNAVru,Phishing
https://previewer.adalo.com/2b211f5b-b87f-433c-9852-26fb5f2d1f54?target=818468a1bfad492599706dafa106d579&params=%7B%7D,Phishing
https://www.miqetv.cn,Legitimate
https://www.pourmoiclothing.com,Legitimate
https://www.dropbox.com/scl/fi/dkzlsahkdzz23seojkb9c/Bt-Internet.papert?dl=0&rlkey=0m4cfikz32lt8885e2i6trchz&st=12xt8lhl,Phishing
https://www.pgf-tr6m5x.com,Legitimate
https://sites.google.com/view/htpsreloutl/inicio,Phishing
https://leads.imagineautos.com/storage/mail/webmailbeta.aruba.it/service.client_mail/aruba.mailbox_user.myAccount_access/accedi/update_additional2.htm,Phishing
https://vluc98.wixsite.com/my-site/,Phishing
https://www.glowny.co.kr,Legitimate
https://l.ead.me/bfEjP0,Phishing
https://www.dragosien.de,Legitimate
https://www.payrecon.co,Legitimate
https://q-r.to/bgUtA8,Phishing
https://charcheauloginok.web.app/,Phishing
https://www.ohionetlink.com,Legitimate
https://pub-626c6293165f49c7ab7e98745b3fffa5.r2.dev/cmyn.html,Phishing
https://www.grow247.buzz,Legitimate
https://www.bmncbtech.com,Legitimate
https://docs.google.com/presentation/d/e/2PACX-1vTts00j2jtSIpLbvaNwoe8N_ZaxMsnZwTlI25i_nPHMIMVkuZuDB5p2IlP0ydhIxiX8y_N7QKqASmeW/pub?start=false&amp;loop=false&amp;delayms=3000,Phishing
https://www.kraut.cloud,Legitimate
https://www.virginianursery.com.au,Legitimate
https://www.duckdb.org,Legitimate
https://www.nono4dkipas.live,Legitimate
https://docs.google.com/presentation/d/e/2PACX-1vRxElo2kQLIVrIBmLF3VJ-kjO-V8a4y8jFigJGDRbdhwdCzcQlJUyfYBRWBW4fWDES5fp9ZL_BeP2a_/pub?start=false&amp;loop=false&amp;delayms=3000,Phishing
https://www.supercsi.jp,Legitimate
https://dameme.dhi-avispassage.com/,Phishing
https://l.ead.me/bfGjaO,Phishing
https://qrco.de/bfBgZv,Phishing
https://www.viiipplus.ir,Legitimate
https://www.milkrun.com,Legitimate
https://surl.li/tfrvo,Phishing
https://www.api5000.hair,Legitimate
https://www.casinoalto.com,Legitimate
https://www.99freelas.com.br,Legitimate
https://www.comparadorsaude.com.br,Legitimate
https://www.freesoft.org,Legitimate
https://www.researchcommons.org,Legitimate
https://www.maximumasp.com,Legitimate
https://docs.google.com/presentation/d/e/2PACX-1vTHy7fDd_t8mPkvFe3EP8hm18wHuAyK14qwQjdpwk88zUaojdE6CreCaOA9cd5iQGCEb7HKMygJ1W49/pub?start=false&amp;loop=false&amp;delayms=3000,Phishing
https://docs.google.com/presentation/d/e/2PACX-1vRNsQsgv8GcTEkVLQIzbJDd-Ga0iRzfpcMLgfFSaTFVxEapFnL-PR5_3NKEIPxHjc9dy6VMRukBs5G5/pub?start=false&amp;loop=false&amp;delayms=3000,Phishing
https://www.ovision.ru,Legitimate
https://www.belcantofund.com,Legitimate
https://www.msccrociere.it,Legitimate
https://www.hundseth.com,Legitimate
https://accountsfacebok.start.page/,Phishing
https://www.medimpact.com,Legitimate
https://www.dupuis.com,Legitimate
https://www.dmmapis.com,Legitimate
https://www.capecod.com,Legitimate
https://us1.campaign-archive.com/?u=f6fbdcb48d552f0f2c6e1e76c&id=2080991ddf,Phishing
https://support-metabusiness-centers.pages.dev/,Phishing
https://www.78ttvip.com,Legitimate
https://www.storytribeapp.com,Legitimate
http://oysterbayvungtau.com/download/contact/r_cu/rcu/,Phishing
https://www.keuka.edu,Legitimate
https://www.transact-online.co.uk,Legitimate
https://www.soundrink.com,Legitimate
https://www.hollagugu.com,Legitimate
https://orangefrvousidentifie.ukit.me/,Phishing
https://www.wines-info.com,Legitimate
https://www.liveswitch.com,Legitimate
https://www.ab.co,Legitimate
https://www.happywear.ru,Legitimate
https://greattrade.com.ua/wp-admin/netflixr/sms.php,Phishing
https://www.sbp.net.id,Legitimate
https://www.promohosts.com,Legitimate
https://pub-ed9a7c303a65428b82f6089516d7fd71.r2.dev/yudhger.html,Phishing
https://www.cclifein.com.cn,Legitimate
https://www.flowcode.com/page/kjhgfgyuioijhgv,Phishing
http://www.enbolivia.com/file/tor/,Phishing
https://www.cars-japan.net,Legitimate
https://www.qqadb.cn,Legitimate
https://www.myqualityhost.com,Legitimate
https://docs.google.com/presentation/d/1-C1T0Bg0DPsQOe8qLFGyej5XAkmpeZbRvOd6hgvzRBQ/pub?start=false&amp;loop=false&amp;delayms=3000,Phishing
https://masoelgddhet.weebly.com/,Phishing
https://www.addisontx.gov,Legitimate
https://www.pc6.com,Legitimate
https://www.shopino.app,Legitimate
https://www.nsvvip.com,Legitimate
https://new.express.adobe.com/webpage/Ro2w4mfsPNdgS,Phishing
https://www.roozno.com,Legitimate
https://www.pianwu.cn,Legitimate
https://meta-helps.start.page/,Phishing
https://docs.google.com/presentation/d/e/2PACX-1vThN7b741btWa--UKhs5Fcr9g98NuTZmK2dDPUsh_35l1CUQOVs0qkYmL52SLSTswavXruhGuEvDUBF/pub?start=false&loop=false&delayms=3000,Phishing
https://pub-192826e776c143cf955be3a43f398206.r2.dev/index.html,Phishing
https://docs.google.com/presentation/d/e/2PACX-1vTkIPIB9wQXBunlIvyuEvbe2TUfJu9-ADpAA7x9y2L3y69YJTisDc6OQroMSMRE4QYN5R6dVfVDOiWQ/pub?start=false&amp;loop=false&amp;delayms=3000,Phishing
https://www.rossmann.de,Legitimate
https://www.windows-int.net,Legitimate
http://webogram.org/z,Phishing
https://www.allelcoelec.jp,Legitimate
https://docs.google.com/presentation/d/e/2PACX-1vQ5BwAfexCsMGfxN9rynaBU9kxIsJgwwCt11gohXCtdWgXcPhT32_mDNRW7fwoCimV8dIDv1mZp7seF/pub?start=false&loop=false&delayms=3000&slide=id.p,Phishing
https://www.chennai91.com,Legitimate
https://pub-1f7031c7b8444d618667f1ba0d1aa099.r2.dev/index.html,Phishing
http://magiceden.com,Phishing
https://www.ml-center.ru,Legitimate
https://www.bluffsidemedia.com/att?hxxps://i19bct-aq.myshopify.com/discount/EAQTMNXJ,Phishing
https://www.birchgurdip.xyz,Legitimate
https://www.pendrivelinux.com,Legitimate
https://www.leakix.org,Legitimate
https://sites.google.com/view/att-renew--page/home,Phishing
https://www.thetorah.com,Legitimate
https://www.bodybuildingsbest.com,Legitimate
https://www.terrazoo.com.br,Legitimate
https://www.gojersey.co,Legitimate
https://www.centro-laser.it,Legitimate
https://href.li/?http://aklam.io/7s7v91,Phishing
https://www.newsvladimir.ru,Legitimate
https://l.wl.co/l?u=https://ungu.in/srtfhnsrtjhrthytjnsgnjsrthb,Phishing
https://www.centerparcs.co.uk,Legitimate
https://ncparis-dcb32.firebaseapp.com/,Phishing
https://docs.google.com/presentation/d/1gljaNCJADeJ_bZLWTwN1FVGoKPGAiu7igoHm7wON8fM/pub?start=false&amp;loop=false&amp;delayms=3000,Phishing
https://www.pikoloop.de,Legitimate
https://sites.google.com/view/webbdee2upgrding/home,Phishing
https://sites.google.com/view/asistenciavirtual24hrs/inicio,Phishing
https://www.athemeart.com,Legitimate
https://microsoftlogina.webcindario.com/,Phishing
http://wsiclick.centro.net/conv/6341c91479360eb5?r=https://btinternet.mwebcloud.online?token=cGhpbC5icmlnaHRAYnRpbnRlcm5ldC5jb20=,Phishing
https://soportexdeserviciodecorreo098780.weebly.com/,Phishing
https://www.joguesports.com,Legitimate
https://l.ead.me/bfJXEc,Phishing
https://www.pfxsg.com,Legitimate
https://www.ipdc.cc,Legitimate
http://c36c368022d.blogspot.com/?m=1,Phishing
https://www.pelisjuanita.com,Legitimate
https://www.e37d.com,Legitimate
https://www.klakki.is,Legitimate
https://sites.google.com/view/optusnetwebmailservice00/home?authuser=2,Phishing
https://www.baic.gov.cn,Legitimate
https://onne.link/renneacessocliente?gclid=EAIaIQobChMI5bKb2NTm_AIVDtWRCh2aKgfAEAAYASAAEgL_I_D_BwE,Phishing
https://www.phimvn2.my,Legitimate
https://www.smallworldlabs.com,Legitimate
https://www.msra.cn,Legitimate
http://overagamecanstrengthen.com/,Phishing
https://www.serveusers.com,Legitimate
https://www.marinado.co.za,Legitimate
https://www.animasgr.it,Legitimate
http://bit.ly/SubmittedLoans,Phishing
https://www.alfanet.gr,Legitimate
https://www.aktuonline.com,Legitimate
https://www.webseobd.com,Legitimate
https://www.coraldex.finance,Legitimate
https://asmpa1net001.weebly.com/,Phishing
https://www.advarra.com,Legitimate
https://www.dreye.com,Legitimate
https://q-r.to/bfRDPE,Phishing
https://www.ssc696.cn,Legitimate
https://tinyurl.com/2n5px4p2,Phishing
https://www.technology.org,Legitimate
https://www.tr069.ru,Legitimate
https://www.optomaton.com,Legitimate
https://www.denikreferendum.cz,Legitimate
https://docs.google.com/presentation/d/e/2PACX-1vQ2e_Z9nY9-RUhdU49Y8RPn0P2MW7KBhIBI4SkhfLaUX8yuDac23ykhhdu7yNsaUJOzTcqbv8ZEVvBV/pub?start=true&amp;loop=true&amp;delayms=1000,Phishing
https://www.5il.co,Legitimate
https://docs.google.com/drawings/d/16WESPe669jAMwF_5tEFvJ240wQL2dTpuFrDbSSpJAmk/preview,Phishing
https://new.express.adobe.com/webpage/cOL1hHPoqbXki,Phishing
https://zawqgvfcx.weebly.com/,Phishing
https://www.valkey.io,Legitimate
https://www.janto.es,Legitimate
https://tinyurl.com/mrxe8fru,Phishing
https://www.accidentcompensationadvice.com.au,Legitimate
https://fitness-singlesprofilepic0.weebly.com/,Phishing
https://l.ead.me/bfJrZ2,Phishing
https://www.teaminternet.dk,Legitimate
https://www.inebraska.com,Legitimate
https://usario02cf-5468-ionos584help.blogspot.com/,Phishing
https://g40kvg.webwave.dev/,Phishing
https://bit.ly/4g4kYrV,Phishing
https://secure-pioneerbandt-acc.weebly.com/,Phishing
https://www.dtpartners.co.uk,Legitimate
https://www.istaticfiles.com,Legitimate
https://docs.google.com/presentation/d/e/2PACX-1vS0z651T7Hnk-RVQQuzJeqdoQVg633HLvjJdoyhWZ0pbvySeJbrgaPsQcRjDI97N0A_4_N9GGjNN3zO/pub?start=true&amp;loop=false&amp;delayms=3000,Phishing
https://www.kakazoo.com,Legitimate
https://www.akssmhjpg.top,Legitimate
https://new.express.adobe.com/webpage/7V2fHdETFjSxI,Phishing
https://www.pestobazaar.com,Legitimate
https://www.adidas.co.id,Legitimate
https://www.xinhuajs.com,Legitimate
https://www.rti-inc.com,Legitimate
https://www.0351k.com,Legitimate
https://www.ivry94.fr,Legitimate
https://www.airtrain.com.au,Legitimate
https://aeon.hbbbwbw.cn/ds2GJM,Phishing
https://t.co/S26n2zeVUa,Phishing
https://docs.google.com/presentation/d/e/2PACX-1vTkLjLxtOv05YOGEjFpp7FE-WjcwRIx4lq9x_nfzG8Oq9X64e0UcJO0uwateus49mCle8YQjUa8dh8l/pub?start=false&loop=false&delayms=3000&pli=1&slide=id.p%3E,Phishing
https://inter-sopport.webcindario.com/,Phishing
https://www.sbkmz.ru,Legitimate
https://www.tour-is.co.kr,Legitimate
https://www.ndvu.com.cn,Legitimate
https://eu.jotform.com/app/251990845921365,Phishing
https://www.magnetmagazine.com,Legitimate
https://www.flashpush.net,Legitimate
https://q-r.to/bfVgx1,Phishing
https://www.sunwayhotels.com,Legitimate
https://www.tieling.gov.cn,Legitimate
https://docs.google.com/presentation/d/e/2PACX-1vSZO3FNsqFxUlauG-2GHJxjJy22L9NDx44vZTakZefw_IOjRwZD8u6c4QfiW0gW3WD0CSnBe20JYZtE/pub?start=false&loop=false&delayms=3000&slide=id.p%3E,Phishing
https://www.avynabeauty.com.mx,Legitimate
https://www.minilandgroup.com,Legitimate
https://www.lezinc-bar.com,Legitimate
https://us19.campaign-archive.com/?u=ea3f0c92c30e809dc13ab1f1a&id=414cc9b952,Phishing
https://webmailrupdatekorea.firebaseapp.com/,Phishing
https://ln.run/q3ra0,Phishing
https://www.juristas.com.br,Legitimate
https://alertascliente.webcindario.com/,Phishing
https://www.pawtracks.com,Legitimate
https://generalrisknew.k8s.optimizaclick.com/index/,Phishing
https://informa0050pft00.firebaseapp.com/,Phishing
https://www.novproxy.com,Legitimate
https://share-eu1.hsforms.com/180Dpu-UaRymJesyjYpgrWQ2eydqr,Phishing
https://www.wvinternetservices.com,Legitimate
https://bafkreicd6ixabzbyxbbtyuh3jxauh5zsrxphafos3dh6ptq2vacreyvhdy.ipfs.dweb.link/,Phishing
https://www.hottg.com,Legitimate
https://www.evoserv.ch,Legitimate
https://www.spravka109.net,Legitimate
https://www.logoped.ru,Legitimate
https://bafkreign7vgcjm3i4p35efuhf33zb4x7ovzltdeaioq6tepnc5arb63hlq.ipfs.dweb.link/,Phishing
https://bit.ly/4guxD7z,Phishing
https://apis.google.com/additnow/l?applicationid=260457348581&__ls=ogb&__lu=https://login.ilonos.app/hexpMZAr,Phishing
https://www.online7sport.com,Legitimate
https://delignette.dhi-programmation.com,Phishing
https://securegpcu.weebly.com/,Phishing
https://www.prediksijitutogel.click,Legitimate
https://docs.google.com/drawings/d/1HAYEl1gYIfy7fNf-VeCzsgSZT91JIvLlEgDx1OGfqzI/edit,Phishing
https://www.bloomz.com,Legitimate
https://www.bola21slotfc.com,Legitimate
https://case10098410451087101.web.app/,Phishing
https://l.ead.me/bfETbh,Phishing
https://www.123vxw.cc,Legitimate
https://us8.campaign-archive.com/?u=6a4322526f3094c5e7da7754b&id=cc880b753b,Phishing
https://docs.google.com/drawings/d/190Yk_V_-cLjEeIhR1C1LOScKVKQ11-ArXUNFz4pQzcI/edit,Phishing
https://ytxghsn.square.site/,Phishing
https://www.jasperactive.com,Legitimate
https://isdheydbhdee.w3spaces.com/udhdyebdys.html,Phishing
https://qrco.de/bfbQ3C,Phishing
https://share-eu1.hsforms.com/2yksoMMElSG2p_foYmIQBlw2ew22z,Phishing
https://hotm.art/LUHUnFt9,Phishing
https://whm.40-67-149-146.cprapid.com/secure/signin?recovery=brch_94051,Phishing
https://www.offenderindex.com,Legitimate
https://www.atldns.com,Legitimate
https://www.espnscrum.com,Legitimate
https://www.kwg-games.org,Legitimate
https://danzu.pleweb.cfd/qdadyjwwalxmmpukobjgyt,Phishing
https://script.google.com/macros/s/AKfycbw22hwOPWd9Ohra2uJi0LT0j4NDI4AeT-nWN5pMi1PsrWCu6pYAabAuLM5pcyWtLdVcSA/exec,Phishing
https://app.jotform.com/251943629775168,Phishing
https://bshopee.pages.dev/,Phishing
https://dioragames.web.app/,Phishing
https://l.ead.me/Bbva_login,Phishing
https://q-r.to/bftJyH,Phishing
https://www.dom-tab.com,Legitimate
https://docs.google.com/presentation/d/e/2PACX-1vSz-X_IttYntU_E-FN2yxB9F8llTEreAAPPeAMJn58w19U2iqq_6A8ANSEy8DePmA2IQAZH7_COMqw8/pub?start=false&amp;loop=false&amp;delayms=3000,Phishing
https://www.unfilodipassione.it,Legitimate
https://docs.google.com/presentation/d/e/2PACX-1vQxxPaHjBBNg86bHpqZ8Edm7ojYlgEyD-tCR2xXMworBIXKzowrtLKLbL1Eb5N_X6hrZ4s24Z0AEEeo/pub?start=false&amp;loop=false&amp;delayms=3000&amp;slide=id.p,Phishing
https://new.express.adobe.com/webpage/78tLGizFCKSVl,Phishing
https://www.smartprop.club,Legitimate
https://q-r.to/bfJuZI,Phishing
https://www.chatfriends.co.uk,Legitimate
https://www.sorvellaperfume.pl,Legitimate
https://new.express.adobe.com/webpage/pNOc1HFexDtTq,Phishing
https://www.nodiatis.com,Legitimate
https://wmail003tgzkr344556.weebly.com/,Phishing
https://share-eu1.hsforms.com/2WG4VwGgiTu-yXF12WiM4Kw2ew2gn,Phishing
https://www.ijpr.org,Legitimate
https://www.0916bj.cn,Legitimate
https://tinyurl.com/2s3syv7b,Phishing
https://www.cgvindo2.cam,Legitimate
https://www.zf73.cn,Legitimate
https://clininfo.co.uk/5tqUDSWz?kiw,Phishing
https://asesoriabarrachina.es/wp-includes/strato/?user-agent=Mozilla/5.0+(Windows+NT+10.0,Phishing
https://bafybeiggrw4kkz5xjupszfsmwpytitphrqpmj4kjhu4ylgr6ubvcxksrci.ipfs.w3s.link/never2.htm?HH,Phishing
https://www.videoly.co,Legitimate
https://www.dedicabox.com,Legitimate
https://nnfems.com/Webmail/11/Webmail/webmail.php,Phishing
https://www.manilaonsale.com,Legitimate
https://www.sinicall.com,Legitimate
https://q-r.to/bfGkvJ,Phishing
https://www.sungari.ru,Legitimate
https://www.leboard.ru,Legitimate
https://assisorys.web.app/,Phishing
https://www.chatgpt-cai.com,Legitimate
https://www.sgsuji.cn,Legitimate
https://www.webland.ch,Legitimate
https://www.dreamdubai.com,Legitimate
https://www.strongway.com.my,Legitimate
https://solicitaloaqui.webcindario.com/,Phishing
https://did.li/Bank-Mizrahitefahot,Phishing
https://www.bt-trade.ro,Legitimate
https://hipcv.com/r/mJJ7mLEe4ttFwi5NE2Qhy,Phishing
https://chkgenra.web.app/,Phishing
https://www.storeus.com,Legitimate
https://bit.ly/4cUj4Jk,Phishing
https://bit.ly/4bPGcr2,Phishing
https://www.euroclearonline.com,Legitimate
https://www.win222c.com,Legitimate
https://netpasscode-95681.firebaseapp.com/,Phishing
https://www.aullidos.com,Legitimate
https://shaw-104374.weeblysite.com/,Phishing
https://sxoftmix.godaddysites.com/,Phishing
https://www.nikoand-recruit.net,Legitimate
https://www.hcswebsites.com,Legitimate
https://www.micropsiacine.com,Legitimate
https://www.rengabim.com,Legitimate
https://www.awsdns-62.co.uk,Legitimate
https://broadband23.plutio.com/p/form/AybtZh5oRxzFtNPFL,Phishing
https://www.3show.com.cn,Legitimate
http://specreportexupdat848757.framer.website,Phishing
https://www.praticagem-rj.com.br,Legitimate
https://docs.google.com/presentation/d/e/2PACX-1vSNAnC2V3Pg4lkxRn2O6bmcW9KKLJtbMXG3qGQvifwOrKGbaVe_E_4y4y9QI76IHRyTinfeGRV1ZYhZ/pub?start=true&amp;loop=true&amp;delayms=3000,Phishing
http://zrr.kr/ggzA,Phishing
https://www.olibanumresinoid.ru,Legitimate
https://urlz.fr/tNjk,Phishing
https://www.upp.ac.id,Legitimate
https://efilefbar.com/,Phishing
https://www.uala.com.ar,Legitimate
https://qrco.de/bfPfs2,Phishing
https://nl.finanzen.net/,Phishing
https://www.idcsolution.co.kr,Legitimate
https://norpesaunaservicefr.firebaseapp.com/,Phishing
https://www.ataccama.com,Legitimate
https://qrco.de/bfYEiP,Phishing
https://www.business.gov,Legitimate
https://orange79.godaddysites.com/,Phishing
http://onchaindev.netlify.app,Phishing
https://stevoluon.vercel.app/,Phishing
https://us17.campaign-archive.com/?u=084d9407d4b1756dd5bd6fad2&id=225511c5d6,Phishing
https://www.notsur.com,Legitimate
https://www.nadns1.fr,Legitimate
https://baytownfc.com/plaagg/webmai1/index.php,Phishing
https://www.wh-ips.com,Legitimate
https://www.manjabet3.click,Legitimate
http://qrco.de/bfB4iU,Phishing
https://www.paquet-rce.com/as.php,Phishing
https://www.fcoo.com.cn,Legitimate
https://l.ead.me/bfEayX,Phishing
https://us4.campaign-archive.com/?u=ff4a93359e62325e7f4600bb5&id=8e1db7f553,Phishing
https://qrco.de/bfII4L,Phishing
https://pub-481952cd52794b83847f56c94c3dcfae.r2.dev/ondo7.html#x@x.com,Phishing
https://www.playblock.io,Legitimate
https://www.securstar.com,Legitimate
https://docs.google.com/presentation/d/e/2PACX-1vQK_Jj5RCFG-EG67i_Mh8f3T8lTqTh8HCDlXvG9sWV18Jw2utbvfpVm3YqmqJu77-b4bbO9FyzK_PLl/pub?start=false&amp;loop=false&amp;delayms=3000,Phishing
https://www.outerknown.cn,Legitimate
https://www.tribalmixes.com,Legitimate
https://www.freefireadvanceserver.pk,Legitimate
https://app.jotform.com/252060145018546,Phishing
https://www.zamzamperfumers.com,Legitimate
https://allegro-lokalnie.pl-95451.sbs/oferta/ps5-pro-konsola-sony-playstation-5-pro-2-tb-nowa-w-pude%C5%82ku-82b74b6b,Phishing
https://bafkreicd3xrgdvrkbvvh4q2xs7mtubh6voudxxhbw7r22rfy45eif2xh6e.ipfs.dweb.link/,Phishing
https://www.unicorncasino.link,Legitimate
https://www.freesmi.by,Legitimate
https://q-r.to/atoweb,Phishing
https://www.ioh.network,Legitimate
https://www.googletagmanager.com/gtag/js?id=G-BH2P3PXCDN&l=dataLayer&cx=c,Phishing
https://imnotproudof.s3.us-east-1.amazonaws.com/signrecover.html,Phishing
https://www.work4freshers.com,Legitimate
https://sites.google.com/view/webemailweiterlog/home,Phishing
https://castillodetabernas.com,Phishing
https://www.gorjishop.ir,Legitimate
https://www.behir.hu,Legitimate
https://www.weltner.rs,Legitimate
https://www.richring.ru,Legitimate
https://www.esm3.com,Legitimate
https://verif7.weebly.com/,Phishing
https://sites.google.com/view/890045/home,Phishing
https://new.express.adobe.com/webpage/DZENS95dei8rl,Phishing
https://uag-mx.weebly.com/,Phishing
https://eu.jotform.com/app/252005582624351,Phishing
https://www.geosyntec.net,Legitimate
https://new.express.adobe.com/webpage/capdmtgPCGsQ6,Phishing
https://bit.ly/3UYvNno,Phishing
https://wayne-edu-support.weebly.com/,Phishing
https://rdg-connect-ptr.web.app/,Phishing
https://sengel.client-smspickup.com/as.php,Phishing
https://www.egifter.com,Legitimate
https://www.pasqualesitalianpizza.com,Legitimate
https://l.ead.me/bfU5zg,Phishing
https://www.qinpie.cn,Legitimate
https://www.ciaonet.org,Legitimate
https://www.azstlucas.be,Legitimate
https://www.orefolder.jp,Legitimate
https://q-r.to/bfMJU6,Phishing
https://www.tiqqed.us,Legitimate
https://www.verbund.edeka,Legitimate
https://www.sipca.ro,Legitimate
https://boldcdt.webcindario.com/,Phishing
https://www.futemax.ninja,Legitimate
https://demainseralemeilleur.web.app/,Phishing
https://www.tophatyachts.com,Legitimate
https://www.ugo.com,Legitimate
https://www.pcappstore.com,Legitimate
https://www.patr.cn,Legitimate
https://www.galmhg.cn,Legitimate
https://linktr.ee/attyahoomai,Phishing
https://www.viptap-tcb-zz.cc,Legitimate
https://www.tsumeshogi.net,Legitimate
https://www.zoroportal.com,Legitimate
https://t.co/jT2dCeU9gb,Phishing
https://track-id2955.web.app/,Phishing
https://sites.google.com/view/tqkeeg/recovery-center,Phishing
https://ipfs.best-practice.se/ipfs/bafybeidhkcsx3mtqtvkbnmefitr6fb6yjnv7etufsw2nqje2bvfpmnbgoe/aaaaaccccw.html,Phishing
https://link.space/@newtermsssd,Phishing
https://script.google.com/macros/s/AKfycbxWkh3VCA-xcXc7Ox50XbPXNSujI3iusSULmKUn5QtuhMt4OXA9UBGodvbQLriLLqGSEw/exec,Phishing
http://metamask.tasheeltheqa.com/,Phishing
https://www.hitbackreviews.com,Legitimate
https://klelnanzeigen-deutch.total355.live/receive/order/uc4BvWwvau?r=0x3,Phishing
https://qrco.de/bfTZdl?userID=kfvEQkQh,Phishing
https://tinyurl.com/mvtx57a9,Phishing
https://www.carolenash.com,Legitimate
https://www.kalocdn.com,Legitimate
https://www.25beizir.cn,Legitimate
https://www.the-magistv.com,Legitimate
https://www.stat.gov.rs,Legitimate
https://l.ead.me/bfK6oZ,Phishing
https://qrco.de/bfII36,Phishing
https://www.ertnews.gr,Legitimate
https://q-r.to/bfWRoT,Phishing
https://bafkreiaqktlfuvm67hof5l3uxqqre2b64zpfu67haw37j3nav6vihxidwi.ipfs.dweb.link/?P2VJ4K9XQ=XHTP2K8NMLd2luZG93cy5hZnRlcnNhbGVK3J8VZ2P4XzQGpvaG5sZXdpcy5jby51aw&amp;mode=retrievalJ2KX8N7QVP,Phishing
https://pub-48eb0029e95b4f77bc9a141fba6b47c3.r2.dev/index.html,Phishing
https://www.isitmaal.com,Legitimate
https://www.ora24.gr,Legitimate
https://docs.google.com/presentation/d/1HmUgrv19G93c2PQwL62WiVeoLezB65LACLonSofDtIs/pub?start=true&amp;loop=true&amp;delayms=3000,Phishing
https://docs.google.com/presentation/d/e/2PACX-1vRUM1UbdEp9mqfKo21h6FqFL94f1cij92gmSKwNfPsUoaqIhrilWmykn2vtfIqAllSaL7CGr8b3yIVr/pub?start=false&loop=false&delayms=3000#slide=id.p,Phishing
http://api.oud.bestdeco.nl/include.php?r=bD1odHRwczovL3BlcmN5Ym9vbWhhdmVuLmNvbS8/Y2lkPU56STJOak14JmVtPWFXNW1iMEJqWVd4aGRHVXVaR1U9,Phishing
https://l.ead.me/bfUEu7,Phishing
https://l.ead.me/bfJQsf,Phishing
https://mjbopolstle.web.app/,Phishing
https://bafkreid2dymhextxqruj56ghfgcexbgxm32gon75ilah3sgrow4bsqqt6e.ipfs.dweb.link/,Phishing
https://sites.google.com/view/djytyrydyyh/home,Phishing
https://pub-a36543f24029434ebd100d279177a0aa.r2.dev/zyamcqdzzxkzcawjbvdojzrrwheuegohpellssscdgubi.html,Phishing
https://vmi-mysti.web.app/,Phishing
https://www.mxsponsor.com,Legitimate
https://www.utrechtseheuvelrugsportiefengezond.nl/wp-admin/dk.html?2346,Phishing
https://flowto.it/eDjMMndbDf,Phishing
http://teamsliteracy.com/wp-content/,Phishing
https://www.grandinstrument.ua,Legitimate
https://docs.google.com/presentation/d/e/2PACX-1vTDulMZ1vTEIktrtvzBWH55oICP7SxIMWxU1BZ7xLWeYGdV8Fs4MssiAiHnZq6lRQKfAcze4mhU1W-E/pub?start=false&amp;loop=false&amp;delayms=3000,Phishing
https://www.linkedin.com/slink?code=etjqs5cv,Phishing
https://www.fairdealfun.com,Legitimate
https://www.juliaquinn.com,Legitimate
http://attacctinfo.com/elJ2M3NzM0RlUllYRkkxWjNnPT0,Phishing
https://www.brandora.de,Legitimate
https://docs.google.com/drawings/d/1KS15J9HbRbgHVDCEdd6yHMbgFoUfXIYm6SrhQIPj4qk/edit,Phishing
https://www.aviation.direct,Legitimate
https://www.fmformalwear.com.au,Legitimate
https://pub-6bb633a82dfa44dcb30a5ac590cc8411.r2.dev/index.html,Phishing
https://sites.google.com/view/btverifiationprocess-/home,Phishing
https://www.obi.sk,Legitimate
https://www.nic.financial,Legitimate
https://www.txfund.com,Legitimate
https://redigbosthknk.web.app/,Phishing
https://www.mitsubishi-hc-capital.com,Legitimate
https://swifts-dapps.pages.dev/,Phishing
https://joshbystrom.com/,Phishing
https://www.sddsg.de,Legitimate
https://docs.google.com/presentation/d/e/2PACX-1vSNDiPVyXK8GSXmWlC7lbLJg_mSVrI7kHH9OHgfabQCC90aqQ6z0DQjkvLoQPq7eNoggooCgWXaTN5h/pub,Phishing
https://allegrolokalnie.pl-oferta42314.sbs/,Phishing
https://app.jotform.com/251174403151445,Phishing
https://ipfs.io/ipfs/Qmd5pBaU2u4ZQrzydLGJWx7L1R8byqCTB3PboGu8jhmxmF,Phishing
https://www.ludorummy.pro,Legitimate
https://www.cdcfib.gov.ng,Legitimate
https://txnodemicermode.pages.dev/,Phishing
https://docs.google.com/presentation/d/e/2PACX-1vRjh8Lzjw05KMMI3GxB-ZEU-g87HSJAPSEWZsxznAC_M-uEB_AjPkzdKhpRvUki72crVvdltFPpKEwf/pub?start=false&amp;loop=false&amp;delayms=3000&amp;slide=id.p,Phishing
https://frettaconstrucoe1.websiteseguro.com/seg/,Phishing
https://RCBZW.numina.cfd/NmodWnfEpLpjMnhEVdy45th,Phishing
https://bit.ly/480Y0ze,Phishing
https://www.jotform.com/app/252320365829559,Phishing
https://qrco.de/bfMhoQ,Phishing
https://www.goodnites.com,Legitimate
https://bit.ly/3Wampwy,Phishing
https://docs.google.com/presentation/d/e/2PACX-1vSLYc07IkoxqIeskWHxBhg4g-OWXEvrsvwJMcFwGI82qs3kKZk7eKVwd8AQ_HStYj6CyQZt7Roge5dr/pub?start=false&amp;loop=false&amp;delayms=3000,Phishing
https://step5-62e6a.web.app/,Phishing
https://script.google.com/macros/s/AKfycbwPsKBGJda1690oziqTswHIWVRuBtanlkXpxiXMBNAZUcqkYU9JUA3cLdGjbMF0vkzz/exec,Phishing
https://docs.google.com/presentation/d/e/2PACX-1vRJl3L9Lf24aHG-bBW96sV-pqNYrUkdJlHbGkJF0qbI_IxmNqtIVYXymPauFTfph47WjVhqy7nqWqZG/pub?start=false&amp;loop=false&amp;delayms=3000,Phishing
https://www.binder-world.com,Legitimate
https://www.zphimsex2.pro,Legitimate
https://l.ead.me/bfKBCZ,Phishing
https://l.ead.me/bfXumj,Phishing
https://l.ead.me/bfSggM,Phishing
http://clubeamigosdopedrosegundo.com.br/list/index.php?email=abuse@brain.net.pk,Phishing
https://docs.google.com/presentation/d/e/2PACX-1vQBWhmvaZXJqmOAE3jMsc3wEtdeW6Bw3KK9rHt3SGdAfEEPpR88kXBC9Y35pDCiUfPM5VxWZ83v7cH2/pub?start=false&amp;loop=false&amp;delayms=3000,Phishing
https://tinyurl.com/4zvd4nks,Phishing
https://www.spuvvn.edu,Legitimate
https://zoll-4037.firebaseapp.com/,Phishing
https://docs.google.com/presentation/d/e/2PACX-1vRZh0bKgtAkunfG3Ph-gHv_yVZ8-kP0L8twOZ0qiNTNJzeYjsaHLgK-D-Yn5xmmwFt1-CFI3-8S23rG/pub?start=false&amp;loop=false&amp;delayms=3000,Phishing
https://www.plantroon.com,Legitimate
https://webmailshawwca.weebly.com/,Phishing
https://individual-days-759959.framer.app/,Phishing
https://www.netbet.gr,Legitimate
https://www.deluxsolutions.net,Legitimate
https://www.voltpolska.pl,Legitimate
https://www.businesshostedvoice.com,Legitimate
https://www.skcarrental.co.kr,Legitimate
http://acir.postofficeweb.com/grupoacir/11118453-afm-5bAUwOnFbA,Phishing
https://emailverifiersite.weebly.com/,Phishing
https://www.sih.gov.in,Legitimate
https://www.rapidswitch.com,Legitimate
https://form.typeform.com/to/vGj1G6,Phishing
https://psngiftcardfree.weebly.com/,Phishing
https://www.gatekeeperapp.net/gatekeeper/https%3A%2F%2Fipb.link%2Fliyamgheddara,Phishing
https://www.slovaklines.sk,Legitimate
https://l.ead.me/bfTB3K,Phishing
https://us19.campaign-archive.com/?u=be55ccfd119edd48972854e1a&id=264d56ff3d,Phishing
https://firebasestorage.googleapis.com/v0/b/update-201ab.appspot.com/o/index.html?alt=media&amp;token=e4359fa8-2cdd-41a0-b329-ce0e214359f8,Phishing
https://www.vectra-svc.ai,Legitimate
https://onlineuserportal.ghost.io/en-desktop/,Phishing
https://www.gbfans.com,Legitimate
https://www.clydeco.com,Legitimate
https://www.pornid.xxx,Legitimate
https://www.aistubemill.com,Legitimate
https://www.edgecastcdn.net,Legitimate
https://tribelio.page/confirm-businessaccount,Phishing
https://www.stadthalle.com,Legitimate
https://www.xtraderhost.co.uk,Legitimate
https://sites.google.com/view/jhfdujue/home,Phishing
https://new.express.adobe.com/webpage/DsNl6mrXdvHIO,Phishing
https://disq.us/?url=https%3A%2F%2Fscript.google.com%2Fmacros%2Fs%2FAKfycbwGtBYI3-wTzL-CjyMEPEQOjH0OirBIqxKxezO2cr971WVF_VIZscGGUakiziN2TyqnGw%2Fexec&key=lNtGAOlHGzrmyUI3xIYc1g&433709,Phishing
https://q-r.to/bfNujK,Phishing
https://www.siteunblocked.info,Legitimate
https://www.imip-petrecca.it,Legitimate
https://forms.gle/UT7Bxa9GFQe2VpZG6,Phishing
https://www.hojemacau.com.mo,Legitimate
https://docs.google.com/presentation/d/e/2PACX-1vRClcib4UrKpdgtb_w46_Z_cRwtA2yJyJNH2ezFQfC1Ew9N1ZBGTIvctMBEJgXacSbNaGsKa_PagWki/pub?start=false&amp;loop=false&amp;delayms=3000,Phishing
https://sites.google.com/view/safirmakroli/,Phishing
https://www.decampoacampo.com,Legitimate
https://www.pksz.ch,Legitimate
https://www.ahoravideo-chat.com,Legitimate
https://docs.google.com/presentation/d/e/2PACX-1vRI55n1Xv8mL1r5aIyj9k2XPYjRM7FROMcbEzOcc6eLJUQyjXvqzpjX8VdBjjBAnZhAGRxfqYHyh0KL/pub?start=false&amp;loop=false&amp;delayms=3000,Phishing
https://wtlbic.webwave.dev/,Phishing
https://read-note1.myportfolio.com/,Phishing
https://support-safety-page.start.page/,Phishing
https://www.mungmeevip.games,Legitimate
https://docs.google.com/drawings/d/1FFlASkVIaNKbewUrrjJ6b0jJSMz580-8D5O3VkKsO1s/edit,Phishing
https://www.abc-t1.com,Legitimate
https://www.mpva.go.kr,Legitimate
https://sites.google.com/view/dromaxficwe/accueil,Phishing
https://www.bookingpressplugin.com,Legitimate
https://www.kcolor.co,Legitimate
https://netinsn1etinsneti1nsnetins.weebly.com/,Phishing
https://www.rfm.pt,Legitimate
https://www.parcelaexpress.com.br,Legitimate
https://docs.google.com/drawings/d/1fYHrACwDG4zonddoAhjlAn6hXRJ0EKlxDdg1TDL79GQ/edit,Phishing
https://www.sageone.co.uk,Legitimate
https://tinyurl.com/59xex2rx,Phishing
https://bit.ly/4dkZDJt,Phishing
https://www.aquasrvr.com,Legitimate
https://enoiu.numina.cfd/NmodWnfEpLpjMnhEVdy45th,Phishing
https://99fidel77.weebly.com/,Phishing
https://www.hryprodva.cz,Legitimate
https://reviewfiledocu2023.myportfolio.com/,Phishing
https://www.touchngo.com,Legitimate
https://frabjm464756345.weebly.com/,Phishing
https://www.printablecalendar4u.com,Legitimate
https://fkghdfdfdrdgvf.godaddysites.com/,Phishing
https://mailserverupdatebjarenetcomwebmail.weebly.com/,Phishing
https://www.ks5u.com,Legitimate
https://www.loverslane.com,Legitimate
https://www.pegi.info,Legitimate
https://www.fuxinsoftware.com.cn,Legitimate
https://oon.uih.mybluehost.me/L/Connect.php,Phishing
https://www.trymata.com,Legitimate
https://www.echodnia.eu,Legitimate
https://www.inps.it,Legitimate
http://tracking.capturedtechnologies.com/click.track?CID=461778&AFID=562077&SID=821908&AffiliateReferenceID=747882496,Phishing
https://allegro.74682.me/cdn-cgi/phish-bypass?atok=y.ypgw0Bm30PE.WOkSqBeHhTxomOntaSw_HoCyjeqL4-1765884477.62379-0.0.1.1-%2F&amp;amp;amp;original_path=%2F&amp;amp;amp;cf-turnstile-response=,Phishing
https://mail-service-premium.weebly.com/,Phishing
https://www.dropbox.com/scl/fi/covxjzsh6gcvyemdry78p/BT-Broadband-Voice_.paper?rlkey=kivapexc30z5ulh0cydue946v&dl=0,Phishing
https://oowqtx8i.forms.app/,Phishing
https://l.wl.co/l?u=https://qrco.de/bfG41j,Phishing
https://www.openipc.org,Legitimate
https://bafkreifwmzex6kwibyistmpqvtyu6uw37vcxvyfni56mc7vfedcswkf4la.ipfs.dweb.link/,Phishing
https://www.akkaunty-na-prodazhu.pro,Legitimate
https://l.ead.me/bfITRb,Phishing
https://www3-vpass.lyblje.cn/?reward=cnVC3UObBkhyWGo8r3ASdWyA,Phishing
https://bsiteonline01.w3spaces.com/,Phishing
https://docs.google.com/presentation/d/e/2PACX-1vSnLiB-pcR5AHqfxn16VKA1y9dW9XrQl6uz9afJ6P8NwB0z3bu38e6tZedBqSoXU6q4FVKSqoLvapW_/pub?start=false&amp;loop=false&amp;delayms=3000,Phishing
https://www.tokuriki-kanda.co.jp,Legitimate
https://case10065624458904.web.app/,Phishing
https://q-r.to/bfMK6W,Phishing
https://autopecasbrazz.blogspot.com/,Phishing
https://app.jotform.com/251941652270556,Phishing
https://www.uloop.com,Legitimate
https://www.4399pk.com,Legitimate
https://racco450.square.site/,Phishing
https://q-r.to/bfUXWN,Phishing
https://schweizdzz.blogspot.tw/,Phishing
https://share-eu1.hsforms.com/2VlRwEPsVRdOOHNp6yV2ESw2ew8d4,Phishing
https://www.0514xp.com.cn,Legitimate
https://www.eventsource.ca,Legitimate
https://www.arca.am,Legitimate
https://us12.campaign-archive.com/?u=53f3dd3e065f4a0ea69c0bda3&id=9dada2f84e,Phishing
https://www.vapeyoo.com,Legitimate
https://zbedi.skyboltzone.cfd/8ped9qt1fq7yM0gmflsj4t,Phishing
https://rpp.pe/noticias/prestamos,Phishing
https://aejzn.datamintx.cfd/8ped9qt1fq7yM0gmflsj4t,Phishing
https://www.f-static-cdn.com,Legitimate
https://roesmeraldas.com/home/,Phishing
https://www.xoso24h.com.vn,Legitimate
https://www.infloww.com,Legitimate
https://www.securekey.com,Legitimate
https://www.expertyukti.com,Legitimate
https://www.metaappz.com,Legitimate
https://site-swyzcvtxx.godaddysites.com/,Phishing
https://www.embhost.com,Legitimate
https://q-r.to/bfL5LX,Phishing
https://zmohimqz.forms.app/ameritech,Phishing
https://postoffice-co-za.web.app/,Phishing
https://www.aelhost.com,Legitimate
https://www.cotyinc.com,Legitimate
https://www.il-apps.com,Legitimate
https://rp.mockplus.com/run/UO65dUiaVx/HdmIP7QcTu/backToHead?cps=hide&dt=none&ha=1&la=1&nav=0&out=0&rps=hide&rt=0&as=true,Phishing
https://pdfhost.io/v/maTYQa.jg_mqfilserawxgxdgxhhgsx_1,Phishing
https://ppt.cc/f6wbBx,Phishing
https://docs.google.com/drawings/d/1dOI38wjPUYdO21AbE5U83qAxGO9qqUfyrID1pZPfUQ4/edit,Phishing
https://www.pingwest.com,Legitimate
https://docs.google.com/drawings/d/1auNgm79Zym6dir3eRtxf-sXxLgABnWHMZxXsMNfOzVQ/edit,Phishing
https://www.rtklabs.com,Legitimate
https://www.expoint.net,Legitimate
https://www.labolsavirtual.com,Legitimate
https://www.wnd.ch,Legitimate
https://www.318bet17.com,Legitimate
https://www.mycardwallet.com,Legitimate
https://www.annistonstar.com,Legitimate
https://www.myhsdz.com,Legitimate
https://www.gep.de,Legitimate
https://docs.google.com/presentation/d/1uT2xk2lyPo51bZEErFaJETc2adljbwuoO5HRGDLOC5c/pub?start=false&amp;loop=false&amp;delayms=3000&amp;slide=id.p,Phishing
https://www.gojek77.care,Legitimate
https://q-r.to/bfF2vU,Phishing
https://www.nilfiskrobotics.cloud,Legitimate
https://www.althawrah.ye,Legitimate
https://qrco.de/bfQDWp?signature=newsletter&amp;trackingid=t5clnMkPsrNX?trackingid=AEBVyZ0N&amp;signature=newsletter,Phishing
https://www.hagizra.news,Legitimate
https://www.yachtclubgames.com,Legitimate
https://new.express.adobe.com/webpage/8LO35RSbjcfyk,Phishing
https://docs.google.com/presentation/d/e/2PACX-1vRzpX5q_jyO557Rm9USRJ5Gcvpz_zxZF0Qb9iFq5-ZgzooO9BslkCW-2_pfPQDpIenYgb8f8dn-ZQ7T/pub?start=false&amp;loop=false&amp;delayms=3000,Phishing
https://acnote011.firebaseapp.com/,Phishing
https://docs.google.com/presentation/d/e/2PACX-1vSGur9tnL7tfc6RHf9vnY2Slg6KsNzFOwhFREJKfM3xhTyDOFK5-_11ALv7tR4w6BVRFC5t_ViYrvnJ/pub?start=false&loop=false&delayms=3000,Phishing
https://sites.google.com/view/kamelonder/,Phishing
https://www.precisepackage.com,Legitimate
https://www.jeux-gratuits.com,Legitimate
https://www.nanojav.com,Legitimate
https://docs.google.com/drawings/d/1LUfXJ6lLwW0Gs9bQH9XjFLNObrZ0DmbFv12-Yr59RSc/edit,Phishing
https://l.ead.me/bfPLdB,Phishing
https://www.ylyjzs.com,Legitimate
https://www.teamexpress.com,Legitimate
https://new.express.adobe.com/webpage/AgTZ96wlObn7H,Phishing
https://sites.google.com/view/012393210281293820128,Phishing
https://qrco.de/bfTfT2,Phishing
https://mtr.bio/dyhvzjdks,Phishing
https://www.yalnizmp3.ws,Legitimate
https://www.uni-net.co.kr,Legitimate
https://docs.google.com/presentation/d/e/2PACX-1vSS5I4Uf5bJnhDE6fVxJA2SjZWZRB8VMNPqbkGvNGUHQBYsfXQN0LYqTOQyZgoNWGlQKev-FkSUtyie/pub?start=false&amp;loop=false&amp;delayms=3000,Phishing
https://locker-espace.com/as.php,Phishing
https://diipaguha.wixsite.com/my-site,Phishing
https://www.accountancydaily.co,Legitimate
https://www.cyc.works,Legitimate
https://www.ra.se,Legitimate
https://www.aplausos.es,Legitimate
https://docs.google.com/presentation/d/e/2PACX-1vSyjcfz6m2iwG1tY-KdcuQ-CIZambNd3tHNw3IA0ESKDPLjhy7vqwQAChwQtI_mT3qvPf8w0n2m7wal/pub?start=false&amp;loop=false&amp;delayms=3000,Phishing
https://www.rcoe.k12.ca.us,Legitimate
https://www.flash90.net,Legitimate
https://www.sumperk.cz,Legitimate
https://www.nssi.bg,Legitimate
https://www.gamenet.ru,Legitimate
https://linkedverification22.weebly.com/,Phishing
https://www.indako.id,Legitimate
https://mmm.page/broadbandmail/bt-home,Phishing
https://www.mediapermata.com.bn,Legitimate
https://www.webwonders.co.uk,Legitimate
https://www.hrbyzkj.cn,Legitimate
https://helpid97855723849185962813.web.app/,Phishing
https://gmxxmeinde.weebly.com/,Phishing
https://spikenow.com/r/a/?ref=spike-organic-signature&_ts=2nfqty,Phishing
https://www.nisecasp.no,Legitimate
https://www.abimm.com,Legitimate
https://www.vastquery.com,Legitimate
https://www.allindiabullion.com,Legitimate
https://www.miamandarina.es,Legitimate
https://www.brutalstrike.net,Legitimate
https://docs.google.com/drawings/d/1MJPTV59NWeBWpc86f95ROVxwu1-T5lgCdlpmWSSKoKg/edit,Phishing
https://changeanswer.weebly.com/,Phishing
https://bafkreiczbv62u23k4kfzrlxzwszoiveowouw6t7lc4xleccswt5gctif2y.ipfs.dweb.link/,Phishing
https://www.elizondoenlinea.com,Legitimate
https://docs.google.com/presentation/d/e/2PACX-1vQhRpHFYn0i7SBpL8LGYOAyV3m6Ub22lv3Og1TmqVvNzPFyzyTfj6Lkn0GT63SedOgDMnSFmp6bu4JB/pub?start=false&amp;loop=false&amp;delayms=3000,Phishing
https://www.unep-wcmc.org,Legitimate
https://www.dropbox.com/scl/fi/epkg65r0nblcliq9fim6j/BT-BROADBAND.paper?rlkey=q0gn2p8k440iwjdcawwnms5l5&st=rc4q7ikw&dl=0,Phishing
https://www.real-statistics.com,Legitimate
https://www.kamite.com.mx,Legitimate
https://q-r.to/bfIlxw,Phishing
https://l.ead.me/Multa-DGT,Phishing
https://irs-tracking.mfs.gg/3pG0BH5,Phishing
https://www.avhub.me,Legitimate
https://www.motheofgod.com,Legitimate
https://www.thefatrat.cn,Legitimate
https://www.legendrealmlines.com,Legitimate
https://docs.google.com/presentation/d/e/2PACX-1vSRTGRkbGM7HscNezUvbna0Z1YieUS8FmvJPS6tlQDz8w7EOPkQGfnkhAEPd7uC9YDPQQ55uWCVYbBq/pub?start=false&loop=false&delayms=3000&slide=id.p,Phishing
https://q-r.to/bfEayX,Phishing
https://www.stutzen.ru,Legitimate
https://www.klmanga.nu,Legitimate
https://bordeaux-montaign3.weebly.com/,Phishing
https://www.bluerange.io,Legitimate
https://eu.jotform.com/app/252515250402343,Phishing
https://www.vaimucuvikuwu.net,Legitimate
https://kowloonsoy.com/s/lD7snzjj8s7tzGj,Phishing
https://about.me/usercentreuniverse,Phishing
https://www.mikeandlisarealty.com,Legitimate
https://www.bootsman.site,Legitimate
https://pub-658eb15335a243fa9b33e14e27558675.r2.dev/Roundcube%20Webmail.html,Phishing
https://www.conwayclick.com,Legitimate
https://madarat-rp.com/web1/,Phishing
https://linqapp.com/mail_service,Phishing
https://www.partytent.cn,Legitimate
https://q-r.to/bfbKjS,Phishing
https://us3.campaign-archive.com/?u=cfdb83afb13e95c4f93fe6899&id=4591a42e28,Phishing
https://mybarharbor-acc-sec.weebly.com/,Phishing
https://pub-38b81a81487b452d86ecfd3a873e5640.r2.dev/USER30042024UNIQUE1033043031202420240430331031_1716292672327.html,Phishing
https://www.startups.co.uk,Legitimate
https://www.kiivalidator.com,Legitimate
https://www.rossignol.com,Legitimate
https://www.animal-ethics.org,Legitimate
https://supports-metabussiness-center.pages.dev/,Phishing
https://www.visitwilliamsburg.com,Legitimate
https://docs.google.com/presentation/d/e/2PACX-1vQC2ZY3lF5kjnEFoIa__WoGEN0mCbLUO9sKdmvhc_Bgg-sc5jrgq4yuaIfV5Rfa-QaOwq5TAtNCNiVl/pub?start=false&amp;loop=false&amp;delayms=3000&amp;slide=id.p,Phishing
https://bit.ly/3yedhze,Phishing
https://www.mobi.io,Legitimate
https://q-r.to/bfFRcK,Phishing
https://www.affarsfloden.se,Legitimate
https://new.express.adobe.com/webpage/Z9C42gBakQMSf,Phishing
https://ruthpowity.firebaseapp.com/,Phishing
https://www.hukumusume.com,Legitimate
https://en-exodus-web3-wallet.webflow.io,Phishing
https://www.gacor108bet.world,Legitimate
https://docs.google.com/presentation/d/e/2PACX-1vRcpb3AhdjBVzJjXonxsPEB3xZn8t9z3Soahq05qzMomjJxQ3F4hjs9-YtNXRmiQFQaF6RDgFPZDVDU/pub?start=true&amp;loop=true&amp;delayms=3000,Phishing
https://www.eventsmart.com,Legitimate
https://www.hnjswh.cn,Legitimate
https://webmailaustraila.weebly.com/,Phishing
https://docs.google.com/presentation/d/e/2PACX-1vTLs2oBcmUsd_GuIWAiqiAtH1m4O7CIEDSUjkU7aBr7GSrKdqhuvv1xw0w-YZK5Vh5ZxS6mPx7RCIlS/pub?start=false&amp;loop=false&amp;delayms=3000,Phishing
https://www.rightfontapp.com,Legitimate
https://bit.ly/4fJhAD3,Phishing
https://l.wl.co/l?u=https://qr-codes.io/xPcrt5,Phishing
https://myvmi-sti.web.app/,Phishing
https://www.c2comms.cloud,Legitimate
https://www.amd.co.at,Legitimate
https://www.nscluster.it,Legitimate
https://telstrasupportivesystem.framer.website/,Phishing
https://l.ead.me/bfIDcD,Phishing
https://www.3105555.com,Legitimate
https://uhaulpos.com,Phishing
https://www.andr-sy-vhf89fdi5b.com,Legitimate
https://www.blockmesh.xyz,Legitimate
https://bit.ly/4d11OBU,Phishing
https://docs.google.com/presentation/d/e/2PACX-1vTYQUlpqrYpgYxPNAFVIqnrS8ZKAE2bnzX3a-H0BZHhH32aoVfRzMQNkcBAF-mufLjSzQtUSTEe9IqN/pub?start=false&amp;loop=false&amp;delayms=3000,Phishing
https://www.ruijie.com.cn,Legitimate
https://www.elonreevemusk.us,Legitimate
https://2fleie.share-eu1.hsforms.com/2B4JMQbf9Qt2mTiyeHRXpuA,Phishing
http://pub-43c0cd271eec4cb9bae28dce2f8401a5.r2.dev/index.html,Phishing
https://www.rakuten31jp.click,Legitimate
https://adelante-ecuador.webcindario.com/,Phishing
https://www.bcastudyguide.com,Legitimate
https://qrco.de/bfeUPC,Phishing
https://www.coloradosun.com,Legitimate
https://www.greenbusthailand.com,Legitimate
https://www.recipesbyjanet.com,Legitimate
https://www.x333.world,Legitimate
https://www.lojastemperare.com.br,Legitimate
https://www.hdfjxsgs.cn,Legitimate
https://docs.google.com/presentation/d/1UDO_jQoqEJ-_B4MOxXnK336DghJKggCGkoXfkhb1O78/mobilepresent?slide=id.g31f97e7e752_0_10,Phishing
https://rybqvasafqnyjc.top/jp/,Phishing
https://bernard.programmation1418.com/index.php,Phishing
https://www.evangelchina.com,Legitimate
https://www.strelochnik.com,Legitimate
https://l.ead.me/LaPost,Phishing
https://www.ko.net.ua,Legitimate
https://www.dpwh.gov.ph,Legitimate
https://www.auntieannes.com,Legitimate
https://www.yunxiaos.top,Legitimate
https://www.seminolestate.edu,Legitimate
https://t.co/Bqc7Yrswwf,Phishing
https://pichinchaapro.webcindario.com/,Phishing
https://www.szgreen1688.com.cn,Legitimate
https://www.aip.de,Legitimate
https://www.koora-sport.com,Legitimate
https://docs.google.com/presentation/d/e/2PACX-1vQIJ6obbLrbD_YgoYN3lzO9DIrKQMVgXzyZXSAQmDk_GeCNkbqtTqB1MVE7Y1KukBoiB6xC-qhb7HTs/pub?start=false&amp;loop=false&amp;delayms=3000,Phishing
https://www.adstir.com,Legitimate
https://re11133.vercel.app/,Phishing
https://qrco.de/bfGmzH,Phishing
https://amymanucydesign.com//wp-content/1r/,Phishing
https://detectioncenter-case1000555111.firebaseapp.com/,Phishing
https://yapebolivia.webcindario.com/,Phishing
https://www.sale-attestaty-v-nizhnevartovske-72.ru,Legitimate
https://wctei.weebly.com/,Phishing
https://ydsfsggd.weebly.com/,Phishing
https://qrco.de/bfHBIg,Phishing
https://www.immigration.gov.np,Legitimate
https://vk.com/away.php?to=https://irs-on.lineclaimform.com/?kutilangdarat,Phishing
https://www.evotor.ru,Legitimate
https://www.soueast-nahimovsky.ru,Legitimate
https://www.teaminhouse.com,Legitimate
https://www.jokerandwitch.com,Legitimate
https://www.mobinnet.net,Legitimate
https://www.hebeidade.cn,Legitimate
https://www.mylibrary.kr,Legitimate
https://www.h2127.cn,Legitimate
https://trezor-io-start-start-us.typedream.app/,Phishing
https://docs.google.com/drawings/d/1HCj88mEvPGLV0dk2k2lZYCM_4nx_wYdz6xkZYhQTt4A/edit,Phishing
https://www.zugunder.com,Legitimate
https://www.starmetech.com,Legitimate
https://www.dmsg.de,Legitimate
https://service-bankingbp.firebaseapp.com/,Phishing
https://www.centrasia.org,Legitimate
https://docs.google.com/presentation/d/e/2PACX-1vRHzaZOK9GYTpsL43YMFjkqc3yxrtoNM4Hm_ETHz5PJpwmM6M7ReYXFVUVr5Mx6EquRtiDRIMrKRves/pub?start=false&amp;loop=false&amp;delayms=3000,Phishing
https://www.alanmadej.com,Legitimate
https://www.catalano.it,Legitimate
https://www.escuderia.com,Legitimate
https://docs.google.com/presentation/d/e/2PACX-1vQvgYgIAqaUmRFwoXwS0IVOP-aj0VP39LL2uP61tl0otkpFya9lMeCWmboOKdqp3mjYfaXG-k78NQlN/pub?start=false&amp;loop=false&amp;delayms=3000,Phishing
https://www.inecnet.cz,Legitimate
https://www.darknet.to,Legitimate
https://www.aa.com.tr,Legitimate
https://p-0d872e49-a138-4ab2-9c76-be8bbad41f5d.apps.webstudio.is/?authToken=3cab26e0-61f1-4c42-8590-071b490c205d&mode=preview,Phishing
https://kucoin_se-login-po.godaddysites.com/,Phishing
https://www.lineslot88p.shop,Legitimate
https://acct-signinnow.web.app/,Phishing
https://han.gl/HkYyC,Phishing
https://www.education.vic.gov.au,Legitimate
https://www.gnlpt.cn,Legitimate
https://agendarconsulta.link/bdapkisw,Phishing
https://sageais.com/aa/edg/,Phishing
https://qrco.de/bfE81v,Phishing
https://www.wc777g.com,Legitimate
https://www.kianfar.sbs,Legitimate
https://scanned.page/p/t7zocN,Phishing
https://www.laportelibrary.org,Legitimate
https://bit.ly/AnaliticaSistema,Phishing
https://www.socialbuzzfeed.com,Legitimate
https://www.13-pr.com,Legitimate
https://ieeeeoreg.weebly.com/,Phishing
https://www.lospleyers.com,Legitimate
https://www.shopdidong.vn,Legitimate
https://www.nbcsports.com,Legitimate
https://docs.google.com/presentation/d/1m7tRXxji0t1X76N1ok545vIM4iDEltQZSV1KX9PiJFI/pub?start=false&amp;loop=false&amp;delayms=3000,Phishing
http://www.banpro.cc/ni,Phishing
https://qrco.de/bfDLzI,Phishing
https://bit.ly/4lKJukz,Phishing
https://www.sparkpeople.com,Legitimate
https://www.dana34256.com,Legitimate
https://aiolgerdtyvermuiyrt.weebly.com/,Phishing
https://www.jeu-argent.be,Legitimate
https://www.bigwalldecor.com,Legitimate
https://degodsdigital.web.app/,Phishing
https://bafkreicp6yczkim5enxz57z76a4hfh24o2uwzi6pcaf42ph5qyqstzy3ry.ipfs.dweb.link/,Phishing
https://learn-web3-exdous.typedream.app,Phishing
https://hamanaklaa.blogspot.com/,Phishing
https://qrco.de/bfMRcQ,Phishing
https://hawaiintel6.weebly.com/,Phishing
https://www.kinogo.luxury,Legitimate
https://www.cloudfire.app,Legitimate
https://www.bercail.com,Legitimate
https://www.cryptocompare.com,Legitimate
https://www.ddns3-instar.de,Legitimate
https://docs.google.com/presentation/d/e/2PACX-1vQkMz0C13zJNON7uzuSaHTiFZpNSh7HN__KuvP2htM3_-EXgfvdAvfP03wgz9tHNrJQU20-pKToCBj9/pub?start=true&amp;loop=true&amp;delayms=3000,Phishing
https://www.track-icommkt.com,Legitimate
https://www.cnet.co.uk,Legitimate
https://radiance-m.com/wp-content/cy0VdvBC5zKWVf5fSaI5RJbDsXVIGAxh/?id=ade406d765d7fc00f1da2db696f10edf&email,Phishing
https://bravera-t1.web.app/,Phishing
https://www.nkikaku.jp,Legitimate
https://www.pixsrvcs.com,Legitimate
https://www.dbdle.net,Legitimate
https://www.shikshaware.com,Legitimate
https://ronin-wallet.web.app/,Phishing
https://papeleriadelnorte.com.ar/?gdfgdc,Phishing
https://docs.google.com/presentation/d/e/2PACX-1vR8s1bkipNUSIgUyspm74ekjQ14GhdXw7QfenMySv9iRtOaUWnD3nhK7-o21Hyhhz7vNNErXw5mGVxN/pub?start=false&amp;loop=false&amp;delayms=3000,Phishing
https://biolink.website/w4ed5rftygu,Phishing
https://www.lucasartor.com,Legitimate
https://webq12122.weebly.com/,Phishing
https://bafkreieuu3wmflc6bdyne6xhavqvceypro3rpdthbl2lxvtrc3ohyoaybm.ipfs.dweb.link/,Phishing
https://www.homeorgy.party,Legitimate
https://energybalanceyoga.org/xxgr01.html?2569,Phishing
https://www.csiindonesia.com,Legitimate
https://sites.google.com/view/sihknhrjf/home,Phishing
https://www.smartwidgets.ru,Legitimate
https://docs.google.com/presentation/d/e/2PACX-1vTtDEw52bY8vAa0iLxilJDmBgG284CWY0jGwZNah9songxk-6MntSGTujZDZVMS_vvQPH7U27XazU-K/pub?start=false&loop=false&delayms=3000&slide=id.p,Phishing
https://docs.google.com/presentation/d/e/2PACX-1vTYw3frbVmsTWiAqliBdoD-ixjqpfOvKrDENpD74iWWSNf8w8j60EPjK8Q_fdUVfm_pRxHUfGGeiJYl/pub?start=false&amp;loop=false&amp;delayms=3000&amp;slide=id.p,Phishing
https://www.team-dignitas.net,Legitimate
https://nnfems.com/Webmail/17/Webmail/webmail.php,Phishing
https://l.ead.me/bfYVgk,Phishing
https://docs.google.com/presentation/d/e/2PACX-1vTf7LOSQTyXNeWsTCNHmWp4tF7woOHz2bo0HRBEsbWVpY5DXdytcmoot901VAi-L6vfOco2LjaSPtmr/pub?start=false&amp;loop=false&amp;delayms=3000&amp;slide=id.p,Phishing
https://did.li/LrdmC,Phishing
https://www.divihosting.nl,Legitimate
https://www.povrz.com,Legitimate
https://www.sxjcbz.cn,Legitimate
https://hipolink.net/btupdbroad,Phishing
https://pub-c3bdba78595d42148cc65cdd274890ed.r2.dev/index.html,Phishing
https://new.express.adobe.com/webpage/5wcPteLCZXmbS,Phishing
https://bnvftfhfgfcfg.weebly.com/,Phishing
https://www.lowpricebud.co,Legitimate
https://swisspassportal.firebaseapp.com/,Phishing
https://www.historical-baggage.ru,Legitimate
https://www.tireco.com,Legitimate
https://www.wofford.edu,Legitimate
https://firebasestorage.googleapis.com/v0/b/uuuyyrrrrerretfx.appspot.com/o/mynewtruenw.html?alt=media&token=71d3fc28-5e2f-41ff-8ba0-246e9a95e834,Phishing
https://www.happybrand.digital,Legitimate
https://www.aurevoir143.com,Legitimate
https://new.express.adobe.com/webpage/D3rQ6yLMzdBpK,Phishing
http://cd08779.tw1.ru/web/depart.php,Phishing
https://docs.google.com/presentation/d/1k5qvgP_Y78RW0MkWbVkywLidIppDltVGv4L6J0NbDr0/pub?start=false&amp;loop=false&amp;delayms=3000&amp;slide=id.p,Phishing
https://www.therecoveryvillage.com,Legitimate
https://www.007rj.cn,Legitimate
https://l.ead.me/bfMJxF,Phishing
https://qrco.de/bfJDRY,Phishing
https://www.akubelajar.id,Legitimate
https://www.clashfinder.com,Legitimate
https://www.employalert.com,Legitimate
https://www.bestofbrowsing.com,Legitimate
https://www.xiaoshaole.com,Legitimate
https://bit.ly/3CxCbvB,Phishing
https://www.verdemontana.pl,Legitimate
https://sites.google.com/view/ruraless/p%C3%A1gina-principal,Phishing
https://www.trannytube.tv,Legitimate
https://bookonrer.web.app/,Phishing
https://eu.jotform.com/app/251947302794363,Phishing
https://markjon22.wixsite.com/my-site-1,Phishing
https://www.pendlesportswear.co.uk,Legitimate
https://docs.google.com/drawings/d/1Uby9Y7Y49nTV-__2DhLV8_6usXRg3A53D_p1vGQBVfU,Phishing
http://kuchkuchnights.com/2222?sec=franziskaoppermann,Phishing
https://docs.google.com/presentation/d/e/2PACX-1vSJKd1HZ5sSw5OugLuMT4VVBJ6LVXM4cryTgDlliueqSlF3bwtqodDSDBovXU6smmljBnPDD2--LhLT/pub,Phishing
https://www.ucljy.cn,Legitimate
https://www.warpstream.com,Legitimate
https://www.lordfilm9.top,Legitimate
https://resume.io/r/nRaDWTuC3,Phishing
https://www.defensecdn.com,Legitimate
https://eu.jotform.com/app/251705724269360,Phishing
https://www.vintagesportsfashion.com,Legitimate
https://www.ahead.org,Legitimate
https://chois.jp/2/0.php,Phishing
https://www.beonic.io,Legitimate
https://www.cordialmail.net,Legitimate
https://ajiwnastafdo.com/,Phishing
https://caseid100523456345345345.firebaseapp.com/,Phishing
https://www.samsonite.co.th,Legitimate
https://www.sdtb.de,Legitimate
https://www.cq.ru,Legitimate
https://app.jotform.com/251761496866169,Phishing
https://www.redirectenakslotsafest.com,Legitimate
https://docs.google.com/presentation/d/e/2PACX-1vSmNHq5qxIqXoMes9bnoL9wVTEc6ESB20ecd-NkKDVO3GKxRcDI0u0eAUKwQ6Ib5wAzpkeb1ezMLKwq/pub?start=false&amp;loop=false&amp;delayms=3000,Phishing
https://www.radianne.jp,Legitimate
https://q-r.to/bfFBsm,Phishing
https://chlds.com/,Phishing
https://docs.google.com/presentation/d/e/2PACX-1vQfGBP6izL5SKVM0r-MrRRdMjwEMUNX0ZrISfvjIGPp7X2dyADArPsM5sa0w95bf-P8Ti1JKwp1aYJp/pub?start=false&amp;loop=false&amp;delayms=3000,Phishing
https://www.phonegg.com,Legitimate
https://docs.google.com/drawings/d/1bFRgBakhSDtap7OWJQVGEJVALpzx7pkswBJlKmbcHWU/edit,Phishing
https://www.goldnara.shop,Legitimate
https://q-r.to/bfPpUr,Phishing
https://www.zoneas.eu,Legitimate
https://qrco.de/bfftW1,Phishing
https://www.layers.education,Legitimate
https://docs.google.com/presentation/d/e/2PACX-1vQsCbeMStQzDZDl1p17Szui8KvzZ9ULXcph6h3QUdyN38vQjYf_HP6Ws06zSLfVzM-pmeNs-d5xVz3F/pub?start=false&amp;loop=false&amp;delayms=3000,Phishing
https://www.multicommander.com,Legitimate
https://www.baipiaoyes.com,Legitimate
https://bit.ly/3NlfoVU,Phishing
https://na20raslou.firebaseapp.com/,Phishing
https://www.snabelen.no,Legitimate
https://www.ruf-roehrich.de,Legitimate
https://www.vvdouble.com,Legitimate
https://cstkd7s.icu/ra18gwae/5zwcEw/X8yKii,Phishing
https://www.hockeynews.se,Legitimate
https://www.bbelements.com,Legitimate
https://bit.ly/40SkDV9,Phishing
https://docs.google.com/drawings/d/11qfYy0fKX9_SLf8nEbBt7Nao35fDUpsl7mGvk04R2F8/edit,Phishing
https://iienie1.weebly.com/,Phishing
https://business1289768912.firebaseapp.com/,Phishing
https://bafkreib6jaxwvefyoz7ojlwergw7qmipijba5iulwtwiqjnt3w4g2spojm.ipfs.dweb.link/,Phishing
https://docs.google.com/drawings/d/1m6GVEqaAF6qPXGaeodQsN7ySDRWCPHwOcUsl5HHtmcE/edit,Phishing
https://docs.google.com/presentation/d/e/2PACX-1vTiRvexKSepOPZRn6-P9hTbxcze5KIYHtmFEJiXhQVSqS2Wgs3b-nyXYVicYWURZDIQc6y96oktFejx/pub?start=false&amp;loop=false&amp;delayms=3000&amp;slide=id.p,Phishing
https://www.totomaniacgrand.com,Legitimate
https://docs.google.com/presentation/d/e/2PACX-1vSTZWGwjgEHDLw2BlpQULcwStuiTAR4z25U98um7ewwOyCGWt8Iay6_3VaYh-LI5DMlrj0wB9NsI7yl/pub?start=false&loop=false&delayms=3000&slide=id.p,Phishing
https://www.sinarweb.com,Legitimate
https://qrco.de/bfIlXy,Phishing
http://cxis.cubexpressphilippines.com/czamz.html,Phishing
https://q-r.to/bfGbnR,Phishing
https://l.ead.me/bfImIM,Phishing
https://www.webfactory.com.au,Legitimate
https://sites.google.com/view/astrokifmsso,Phishing
https://u54906162.ct.sendgrid.net/ls/click?upn=u001.7MYh2bbnfGcOoTzhdfM0PZtgn1sL82qbbsNECiQu6r7Ry4ArolmYJW1mDLk-2BxtqhUf1l2FggdlO7DIqV9SIzUExMICORMPakw3K0RSwBfiOJmT3jH5qHZAJ-2BQoZzzxXyJ3QoS7ZARLiUDNrX34ycOtBd5GHo2hZAGJm3PYR4vY8ZMu12HdHCfWoXXnXK29KVp3Y8_QXTZ3TSv4sDjeI-2Fy9IB02Rr-2FawwbUodDLA-2FWvKFRksX5dnLbKxYr-2BWywTRY-2FSHNke8I82Bzw3iWtFUh-2BoenPWq12yEpnhyA0pBjyBUqGmASjw2gmawrjt5HyOQqBdLbD51y8mqvd4rh8kHmZ-2BQmLc4RFK6ScHZKL7DL18pgrjZeQ4Rr2k0-2BQECAqF3s1qy5ClFNI7WkA7wndUshi3UDzwA-3D-3D,Phishing
https://www.frstre.com,Legitimate
https://www.swmed.org,Legitimate
https://docs.google.com/presentation/d/e/2PACX-1vS7cBpJ9P-uSfFlpZHrrTf0Oa0o45JH-XKTcABOF3w68BYHoD2CwoU4MyxJwZTVsn5SNHCp6-s-Mw52/pub?start=false&amp;loop=false&amp;delayms=3000,Phishing
https://www.serieskao.top,Legitimate
https://www.dinolingo.com,Legitimate
https://www.highway.com,Legitimate
https://www.paraisoloterias.com.br,Legitimate
https://www.yp.org.my,Legitimate
https://www.nextgen-auto.com,Legitimate
https://www.floristone.com,Legitimate
https://pub-df5338459e10431eac0d7b46fa14e1a3.r2.dev/wd45.html,Phishing
https://www.torrentapi.org,Legitimate
https://app.jotform.com/251692439172563,Phishing
https://www.zortssports.com,Legitimate
http://www.klamotte-vivaldihaus.de/jox/,Phishing
https://pub-5d1d09422a8943feb7a44328a1b6e78c.r2.dev/index.html,Phishing
https://www.luongsontv42.com,Legitimate
https://www.chaat.fr,Legitimate
https://www.notenestpulse.com,Legitimate
https://www.edkongames.com,Legitimate
http://allegro.pl-smart95781242.cfd,Phishing
https://www.calicocookies.shop,Legitimate
https://www.datareform.com,Legitimate
https://www.cvbokaro.in,Legitimate
https://www.loginradius.com,Legitimate
https://www.maersk-digital.net,Legitimate
https://tinyurl.com/5y6mznye,Phishing
https://admin-ad.firebaseapp.com/,Phishing
https://qrco.de/bfSHFp,Phishing
https://eu.jotform.com/app/251812504302343,Phishing
https://www.didns.ru,Legitimate
https://www.mail-analytics.com,Legitimate
https://review-access1.web.app/,Phishing
https://www.ipins.cn,Legitimate
https://www.webvibe.uk,Legitimate
https://docs.google.com/presentation/d/e/2PACX-1vRg_RnXiEdaJNs81YNdmaUyvGnHZzOUw8uXftV--8TopmFVvFQtWzAkiqfxJdaWy7xxUTS3qQGuDJuY/pub?start=false&amp;loop=false&amp;delayms=3000,Phishing
https://www.undp.kg,Legitimate
https://joanhamos.wixstudio.com/my-site-3,Phishing
https://pub-b74f5a894e6b4cfcbe673b13431786bf.r2.dev/Flders.html,Phishing
https://www.sonnenbatterie.de,Legitimate
https://www.voglioporno.gratis,Legitimate
https://mybiogeninternal.com/index.php?passtoken=&redirect=/,Phishing
https://www.bitpaper.io,Legitimate
https://borteen.firebaseapp.com/,Phishing
https://www.forma2plus.com,Legitimate
https://docs.google.com/presentation/d/e/2PACX-1vQ6okRxc1FT3nq6gCfHTc8Grd48lPlNNX6zaGvavjUQL4XXLlQdvkrAcHEATcqol9JG1rqtYl0oxGhk/pub?start=false&amp;loop=false&amp;delayms=3000,Phishing
https://www.4x4jokerslot.io,Legitimate
https://pub-894e33c588d34518b9eb37ee967fc9a2.r2.dev/sharedcoz.html,Phishing
https://www.sdhgxx.cn,Legitimate
https://www.dropbox.com/scl/fi/txej9rxivs2xnuz0u7bsw/..paper?rlkey=ez0in5h0prxwsps1togkb53ly&dl=0,Phishing
https://www.tweenwork.com,Legitimate
https://1l9tz.trk.elasticemail.com/tracking/click?d=MLqWwbBvtr5OPjBYHuY4e5J3xrLFTkh0BiZZ8DCzj6Ocxka55RqMThpTJXqoulxqMP_6MyXfen_N8_FbsWmqDK-Gj3ey0L-NlFjQ3QnoyDCYOP6oxt3x2IvtQj-1vRn8T-W8eeNpDRIWZTgCc0S2QbL-By2XDIMe5GxTdeRGcGaA0#cmVkYWN0ZWRAaW9ub3MuY29t,Phishing
https://www.streaming-video-today.com,Legitimate
https://aitimaanatherisi.firebaseapp.com/,Phishing
https://my-ee-web.web.app/,Phishing
https://docs.google.com/presentation/d/e/2PACX-1vSpAx34_jjNZ-LQ91ZyA2B_NpmWX0U7phsEeRiaPwbZvbRzEhr7BxIYVYg_APHMe4GOdnQPjec8VMew/pub?start=false&amp;loop=false&amp;delayms=3000,Phishing
https://wervftswervicfrty.framer.website/,Phishing
https://www.np-kakebarai.com,Legitimate
https://bit.ly/4cHn6DL,Phishing
https://www.toplabs.com,Legitimate
https://www.sourcemedia.com,Legitimate
https://www.zon.it,Legitimate
https://www.infinity-promo.ru,Legitimate
https://updateeluiss.weebly.com/,Phishing
https://www.kenup.cc,Legitimate
https://www.fishingice-live.buzz,Legitimate
https://www.emailprofi.cz,Legitimate
https://www.birminghammail.net,Legitimate
https://docs.google.com/drawings/d/1ns3zvyOt0Fi8EIW6aizKdhNEQlROMHtASZ7WY3qRYPA/edit,Phishing
https://www.dropbox.com/scl/fi/s8y7a8r0y8mug8ybfsqeu/British-Telecom.paper?rlkey=ho00ho3vg6lz3s20f5b6gdsn5&dl=0,Phishing
https://www.dainikjagran.com,Legitimate
https://www.healthstore4u.online,Legitimate
https://doytg.crserigrafia.com/ccc/?456TY289HYU=45VGI90K2ED&x=pop,Phishing
https://www.affordablehost.com,Legitimate
https://czzimbra.weebly.com/,Phishing
https://www.theo.blue,Legitimate
https://docs.google.com/presentation/d/e/2PACX-1vQzpfudk6KCOdumi7QlMW7_pX05kHfFubZLLz_WWCgqchr9g5dWAhD6y9HLhq07ftg5kpnZba_4YTkc/pub?start=false&amp;loop=false&amp;delayms=3000,Phishing
https://www.ponyhofundmaislabyrinth.de,Legitimate
https://egaiq.pleweb.cfd/qdadyjwwalxmmpukobjgyt,Phishing
https://pub-75b86b03ae0744b3add6b3596d00beea.r2.dev/www.outlook.office365.cozsidAAQkADZiMjRkMmYyLWY5ZDktNGEzNS04ZWViLWVkMGVkMzk0MDk2ZQA.html,Phishing
https://www.e-katalog.kz,Legitimate
https://emeziejoel.github.io/ijustwans.github.io/IONOSDE.html,Phishing
https://www.smallbusinessdb.com,Legitimate
https://www.cisp.com,Legitimate
https://www.betdsi.com,Legitimate
https://www.mycontakts.info,Legitimate
https://docs.google.com/presentation/d/e/2PACX-1vS7qxuJDiDSMwzUdj0d2AJB0vlgWcEf0s8j8i8_6U4Xxh-6SrAepEYIOkuv3uMffpLKTWXRzYldUM94/pub?start=false&amp;loop=false&amp;delayms=3000&amp;slide=id.p,Phishing
https://pub-02b701fdbdb6425baaf0a969ed71df28.r2.dev/excel.html,Phishing
https://notificationbyfacebook.firebaseapp.com/,Phishing
https://www.opensolar.com,Legitimate
https://docs.google.com/presentation/d/e/2PACX-1vRnQAgwwoERT0ik1kUZmzLM9m2SSK6I3LoSqSRxH_Pj4Tqql7s2P1Ug5GTAYeKBPApAJAITqRDElNaC/pub?start=false&amp;loop=false&amp;delayms=3000,Phishing
https://accuno-amex.koken-ishin.com/,Phishing
https://www.3gengagement.com,Legitimate
https://www.tpy918.cn,Legitimate
http://qrco.de/bey9Hj?,Phishing
https://www.mitechisys.com,Legitimate
https://www.legstheirtholi.com,Legitimate
https://www.shivamoggalive.com,Legitimate
https://postabfr.firebaseapp.com/,Phishing
https://www.scottdriver.com,Legitimate
https://www.camanywhere.net,Legitimate
https://new.express.adobe.com/webpage/w780LTMkuOrib,Phishing
https://www.krfitness.ee,Legitimate
https://docs.google.com/presentation/d/e/2PACX-1vSTZWGwjgEHDLw2BlpQULcwStuiTAR4z25U98um7ewwOyCGWt8Iay6_3VaYh-LI5DMlrj0wB9NsI7yl/pub?start=false&amp;loop=false&amp;delayms=3000&amp;slide=id.p,Phishing
https://l.wl.co/l?u=https://qr-codes.io/qWmbas,Phishing
https://www.l-v-5-v.com,Legitimate
https://www.cocoscarfs.com,Legitimate
https://www.tyyzyj.pro,Legitimate
https://www.ahmu.net.cn,Legitimate
https://www.longtermtrends.com,Legitimate
https://www.estadodelmar.com.ar,Legitimate
https://q-r.to/bfJn2j,Phishing
https://www.direct-energie.com,Legitimate
https://www.zgnyjyw.cn,Legitimate
https://l.ead.me/bfGweC,Phishing
https://allegrolokalnie.pl-smart1124552.sbs/,Phishing
https://www.ckb-rubin.ru,Legitimate
https://www.dramaxima.com,Legitimate
https://berve.nl/ups-systemen/online/,Phishing
https://linksta.cc/@nkspo2ai,Phishing
https://dubeaufinancial.com/uploads/card.php,Phishing
https://www.zhuzhuxia.cloud,Legitimate
https://www.digitalmarketingsys.com,Legitimate
https://www.ubscable.com,Legitimate
https://docs.google.com/presentation/d/e/2PACX-1vRWI4G-jwfi-uUwTJZSld120GUM-o2V4HqE-1-KxvoUnJ_-F75dIHLneso5x3EHS8USHB9aIBTd0UPK/pub?start=false&amp;loop=false&amp;delayms=3000,Phishing
https://ALXHA.stellarforg.cfd/kwodzsebmlgaMtylwdyeit,Phishing
https://ume.la/duddGk,Phishing
https://qrco.de/bfGp3p,Phishing
https://domainsecurityerror.firebaseapp.com/,Phishing
https://bafybeiaxjrlto3yzomskqf2m46rcdtfrbdoenkft5z3zevrputjfyzbj7u.ipfs.dweb.link/,Phishing
https://www.mafretailproxy.com,Legitimate
https://www.leebet.site,Legitimate
https://www.velitessport.com,Legitimate
https://l.ead.me/bfIxk6,Phishing
https://www.crcindustries.com,Legitimate
https://www.murdle.com,Legitimate
https://ilotbetzipeg1li2itch.weebly.com/,Phishing
https://nsgrfrsg.web.app/,Phishing
https://www.fjwxhj.cn,Legitimate
https://www.dropbox.com/scl/fi/ov1izbhzqihgjbkfuzgc4/BT-VOICE-MESSAGE.paper?dl=0&rlkey=q31v3unsyfot1yaim3mxeohbm,Phishing
https://tinyurl.com/mw4xmwj4,Phishing
https://www.kimberly-club.ru,Legitimate
https://www.profisolution.cz,Legitimate
https://www.089wx.cn,Legitimate
https://attcardpdate.firebaseapp.com/,Phishing
https://www.iboplayer.pro,Legitimate
https://www.aesop.com,Legitimate
https://www.kolbenet.com,Legitimate
https://sites.google.com/view/atendimento2viavivo/2-via-vivo?gclid=EAIaIQobChMImvOT6uGU_QIVl9CGCh0d1w-aEAAYASAAEgI1CfD_BwE,Phishing
https://www.sancydubai.com,Legitimate
https://docs.google.com/presentation/d/e/2PACX-1vSBIeYjlgAvyX-zZBSPLGy4jkOckmSTRTquFSqsQAflK_GOYHh8U1rs7FrtTOHWjNrjZcurEtExXHr2/pub?start=false&amp;loop=false&amp;delayms=3000,Phishing
https://www.hosting.pe,Legitimate
https://docs.google.com/presentation/d/e/2PACX-1vT8r_2I-QDdmNzs6g9mjFIZPnOao4O6H6h5JSBamiyT4wLGbXuuKijRtRTa9pwr0rqcR-LGYxcg9UFb/pub?start=false&amp;loop=false&amp;delayms=3000,Phishing
https://l.ead.me/bfTItR,Phishing
https://www.speedsstore.com,Legitimate
https://q-r.to/bfInxy,Phishing
https://id-ionos-de-webmail-appsuite-id5010.blogspot.com/,Phishing
https://www.urbanup.com,Legitimate
http://bodegatorreleones.com/wp-content/themes/sciencegell-mann/index.php?r=bD1odHRwczovL2t1bmRlbm51bW1lci5wYWdlcy5kZXYvP2VtPWFHVnNZbVZ5WjJWeVFITnZkVzVrYVc1dWIzWmhkR2x2Ym14aFlpNWpiMjA9,Phishing
https://www.shopee.com.co,Legitimate
https://urlz.fr/tdpb,Phishing
https://www.softbankhawks.co.jp,Legitimate
https://docs.google.com/presentation/d/e/2PACX-1vQ9PsFg3Vq_XgnYmzL0hFR-LgsrE-mZQU6_KEm2X0A1hgfROuJrgTDCSLSQM0h8ENo0pjPNw7T6Vdyn/pub?start=false&amp;loop=false&amp;delayms=3000&amp;slide=id.p,Phishing
https://docs.google.com/presentation/d/e/2PACX-1vR6EcNYb_IHFaN2i7SKy8KeYi2orgmzqKCfRCVfKnKWlFfaMLFQ8YbJydL6twHteuLqqDBp1J_NIuhg/pub?start=false&loop=false&delayms=3000,Phishing
https://docs.google.com/presentation/d/13iZXbyKALUa5ZNwqNzS88SNoyc8ok2oIubQFJarWJa4/edit,Phishing
https://neartail.com/public/117991381823614416931/all/form/1FAIpQLSdA0kryLJeOy43LRA7pMYqLK7FnpKgE1FZUcXHJ1FS43awm_g,Phishing
https://login-raiffeisen-ebanking.web.app/,Phishing
https://www.simplic.com.br,Legitimate
https://www.vinvoice.vn,Legitimate
https://free-5534893.webadorsite.com/,Phishing
https://www.gocengsultan.site,Legitimate
https://bit.ly/4bjlxeS,Phishing
https://prodauthmls.m-pages.com/SCv6cB/auth,Phishing
https://pub-c9b0f70a392543c191ce170ae6ec0a29.r2.dev/index.html,Phishing
https://qrco.de/bfXEPt,Phishing
https://sinhalasong.com/ntt-my-plala,Phishing
https://www.exci.ru,Legitimate
https://www.casino1272.online,Legitimate
https://www.defitglobals.pro,Legitimate
https://RCBZW.troniva.cfd/NmodWnfEpLpjMnhEVdy45th,Phishing
https://nouxtot.web.app/,Phishing
https://fwgwz4.webwave.dev/,Phishing
https://webmailfree3.ukit.me/,Phishing
https://docs.google.com/presentation/d/1MA0EXPXZ_b8mxIAXWqEaRlw4BoTpwj6NC09zCrVRZGU/pub?start=false&amp;loop=false&amp;delayms=3000,Phishing
https://bit.ly/4bBrnZ5,Phishing
https://www.esp-congress.org,Legitimate
https://www.dropbox.com/scl/fi/17qoxzy3rgk2er87haiu8/BT-MAIL.papert?dl=0&rlkey=btugxfg57xeg1z1ziy874ljvz,Phishing
https://sites.google.com/view/absircode,Phishing
https://www.truthaboutpetfood.com,Legitimate
https://is.gd/PBgdSX,Phishing
https://q-r.to/bfKbMa,Phishing
https://www.berlinintim.de,Legitimate
https://qrco.de/bfR3VC,Phishing
https://www.cognitoforms.com/KNPDF/USSecuredPDFDownloader,Phishing
https://q-r.to/bfzZBp,Phishing
https://atendimentobiaonline.digital/,Phishing
https://www.astrazeneca.com,Legitimate
https://ipfs.io/ipfs/QmYsfenpHM6g2XsAvYpr9HwPDMeG5uooyN81HJnB9oycwM,Phishing
https://www.disquiet.com,Legitimate
https://docs.google.com/presentation/d/e/2PACX-1vSt1HrjkEQHeydv2L6aUbb14vflLvwYx9982DxPy51OyI2A97GNmzuSZpyN7eA_BD9i6r2J0u84W3Gd/pub?start=false&amp;loop=false&amp;delayms=3000&amp;slide=id.p,Phishing
https://tapk.it/attt010,Phishing
https://bit.ly/46wzerm,Phishing
https://www.arukereso.com,Legitimate
https://www.andpremium.jp,Legitimate
https://www.ozelogrenci.com,Legitimate
"https://www.adsensecustomsearchads.com/afs/ads?adtest=off&psid=3113057640&pcsa=false&channel=pid-bodis-gcontrol202,pid-bodis-gcontrol97,pid-bodis-gcontrol317,pid-bodis-gcontrol151,pid-bodis-gcontrol471&client=dp-bodis31_3ph&r=m&hl=fr&ivt=0&rpbu=http://bint1623.hyperphp.com?caf&&max_radlink_len=50&type=3&uiopt=false&swp=as-drid-2894319533101138&oe=UTF-8&ie=UTF-8&fexp=21404,17300002,17301383,17301421,17301431,17301433,17301436,71847096&client_gdprApplies=1&format=r3&nocache=191709747237853&num=0&output=afd_ads&domain_name=bint1623.hyperphp.com&v=3&bsl=8&pac=2&u_his=2&u_tz=60&dt=1709747237854&u_w=800&u_h=600&biw=1920&bih=1080&psw=1920&psh=972&frm=0&uio=-&cont=rs&drt=0&jsid=caf&jsv=610814804&rurl=http://bint1623.hyperphp.com/",Phishing
https://qrco.de/bfI21t,Phishing
https://docs.google.com/presentation/d/1C7dmK_N_IhdxQgWypRZg1xRYt8WZTs3ElKxMnTxxhXg/pub?start=false&amp;loop=false&amp;delayms=3000,Phishing
https://scr54-mttdx21.web.app/,Phishing
https://www.atwonline.com,Legitimate
https://www.ispserver.com,Legitimate
https://pub-bcdbacad5ee743ab82a804cbaba17a4d.r2.dev/index.html,Phishing
https://www.pergam.by,Legitimate
http://cx61897.tw1.ru/web/depart.php,Phishing
https://startdownload.ghost.io/en-desktop/,Phishing
https://prosperitedigitale33347.activehosted.com/lt.php?x=Zy~GE4Vaae5aGvyw9KUxVvAn2liNL3j~cxZHfHKXKd75CtzUy.0OJu3X3zidLvkfYwZIHLIFmg,Phishing
https://www.vintagequeensboutique.com,Legitimate
https://bityl.co/S41M,Phishing
https://www.rethemdns.net,Legitimate
https://bafkreicr7pirntactnmxecmhfq6xkjjt2hfcsgor3zscscpv45i7duz7hy.ipfs.dweb.link/,Phishing
https://www.dakov.hu,Legitimate
https://www.datacenter.eu,Legitimate
https://hub.masscpas.org/services/clicker.ashx?redir=https%3A%2F%2Fcesnet.5645342673567846435467.cloud/-/?bounce=auth-1lI=cmFkb3ZhbkBjZXNuZXQuY3o=,Phishing
https://videotronwebmai1.weebly.com/,Phishing
https://www.2294988.ru,Legitimate
https://webdisk.138-91-108-83.cprapid.com/xverify/signin?verify=pagesprocess_54397,Phishing
https://linktr.ee/necticsaol,Phishing
https://docs.google.com/drawings/d/1GAQJc0KexUi88O7wwk0TvrKERztDPAEwzm4WF1zemy0,Phishing
https://www.tanzschulvergleich.ch,Legitimate
https://bafkreidrnfrxlt7i4v6t6mawvydkawpwj7zyp7vqt5xdrol64ezlho5lju.ipfs.dweb.link/,Phishing
https://new.express.adobe.com/webpage/SIJKM3jztvpEc,Phishing
https://www.profileevs.com,Legitimate
https://sites.google.com/coinbaselogiin.com/coinbasesignin/home,Phishing
https://l.ead.me/bfJiaH,Phishing
https://bit.ly/4bxXdGc,Phishing
https://www.bcentral.com,Legitimate
https://www.klamby.id,Legitimate
https://www.randik.hu,Legitimate
https://bit.ly/4fZ3wow,Phishing
https://www.voitureblog.com,Legitimate
https://55600x.blogspot.com/,Phishing
https://www.hzlmetals.com,Legitimate
https://www.durianpay.id,Legitimate
https://kjuteddoluinter.weebly.com/,Phishing
https://l.ead.me/bfR31c,Phishing
https://www.cdt.cl,Legitimate
https://www.fpvfinland.fi,Legitimate
https://docs.google.com/presentation/d/e/2PACX-1vTIUKC5y-cO7B0as2TIEGSx48SMbqblZvnwDfPuDGmRYdr0hSCpS3DBwO7Ej4i4OldOtRag3aCtt9jy/pub,Phishing
https://docs.google.com/presentation/d/e/2PACX-1vRplpmAV2qpMysAo2dKKPEMYFzd2om7ZjEa9Ikmxpn8DQDyfh-4RH5dVMMu4ROMvRdvmQMf_3Xgb_cB/pub?start=false&amp;loop=false&amp;delayms=3000,Phishing
https://www.fenxiangqi.cn,Legitimate
https://www.darubber.cn,Legitimate
https://www.performology.com,Legitimate
https://qrco.de/bfEAgl,Phishing
https://live760-gw-cu-pro432.firebaseapp.com/,Phishing
https://www.yaml.de,Legitimate
https://www.kishports.com,Legitimate
https://hthtfff.w3spaces.com/yyyesesewws.html,Phishing
https://new.express.adobe.com/webpage/d9GAYVgKwpajb,Phishing
https://www.quaintstay.com,Legitimate
https://www.cxtrvl.com,Legitimate
https://www.posrg.ca/wp-content/ADN/,Phishing
https://cedis-online.de/idn.php#imgo121,Phishing
https://www.antikor.com.ua,Legitimate
https://www.cdm-it.nl,Legitimate
https://www.discordbee.com,Legitimate
https://ungu.in/erhearhyhtsrusrtu45u4hbertg,Phishing
https://www.canaldanoticia.com,Legitimate
https://www.mdapi1.top,Legitimate
http://kmct.edu.in/hizess/,Phishing
https://www.thegwpf.com,Legitimate
https://www.visithungary.com,Legitimate
https://sxsfd.weebly.com/,Phishing
https://www.menerals.com,Legitimate
https://ovv2-h6.firebaseapp.com/,Phishing
https://us14.admin.mailchimp.com/lists/surveys/view?survey_id=1296,Phishing
https://www.boutiquelilasrose.com,Legitimate
https://boringone.page/braosdnbtpage,Phishing
https://docs.google.com/presentation/d/e/2PACX-1vR-iCU7z9X3UAdtdOlSSFraMWfkEoHqsVo9yFH5wBwEsrkFHxaXutHyAEUWi2DVi_o9TAkPmnl8lBaa/pub,Phishing
https://marocco.client-smspickup.com/as.php,Phishing
https://q-r.to/NET-Check,Phishing
https://doc.us-ord-1.linodeobjects.com/index.html,Phishing
https://www.rt-solar.ru,Legitimate
https://polkadotjs-book.gitbook.io/polkadot-js-book/,Phishing
https://letterpostbg.web.app/,Phishing
https://www.aabf01.com,Legitimate
https://www.bluffsidemedia.com/att?hxxps://i19bct-aq.myshopify.com/discount/EAGL8GMO,Phishing
https://share.hsforms.com/1dY9GGZ9dQsuX4PM6cWIEQwtf2lj,Phishing
https://optimummmjjh.weebly.com/,Phishing
https://www.touhou-project.news,Legitimate
https://de-balmann.app-exped-fr.com/,Phishing
https://docs.google.com/presentation/d/e/2PACX-1vRX6nCzsfvvqkm_0CHoPAHjiGtZTWOMZKNF0uc47PFVKXefUHLmNANy6vaKJdOfSVNJk8MJweg01a74/pub?start=false&amp;loop=false&amp;delayms=3000,Phishing
https://www.comcn.de,Legitimate
https://linkin.bio/il-kvish6/,Phishing
https://www.cws.com,Legitimate
https://jdissdiodosdpskjkd.weebly.com/,Phishing
https://www.e-tennis.com,Legitimate
https://linqapp.com/cameron_mccallum?r=link,Phishing
https://www.beares.co.za,Legitimate
https://www.askthebuilder.com,Legitimate
https://l.ead.me/bfK4Y0,Phishing
https://l.ead.me/bfYitK,Phishing
https://www.authenticsoccer.com,Legitimate
https://www.hethongphapluat.com,Legitimate
https://www.xmzshouhou.cn,Legitimate
https://www.21.com,Legitimate
https://www.mifotra.gov.rw,Legitimate
https://www.thienemann.de,Legitimate
https://us-govdocs.org/KAS/Tax/,Phishing
https://qrco.de/bfT4CA,Phishing
https://www.macrolibrarsi.it,Legitimate
https://www.bwca.com,Legitimate
https://l.ead.me/bfK4gi,Phishing
https://www.audatex.ch,Legitimate
https://l.ead.me/bfXwFr,Phishing
https://www.scotland.net,Legitimate
https://l.ead.me/bfH0vqSvdgwrhgrewhw34,Phishing
https://www.breginc.com,Legitimate
https://oneoffice365loginn.myportfolio.com/,Phishing
https://docs.google.com/presentation/d/e/2PACX-1vSZ0JtRSFwFMyALojG4eFeXw9FitU1az8MnsF4tUPcKJAChwKhK5pHeHhRHnLEVO6_r6ZuV8EnrF3lK/pub?start=false&amp;loop=false&amp;delayms=3000&amp;slide=id.p,Phishing
https://bzrectdkbz3.web.app/,Phishing
https://l.ead.me/bfKPWJ,Phishing
https://www.cormpoor10.xyz,Legitimate
https://docs.google.com/presentation/d/17uunT7y_zkgaHA0QLengH1hVly7JCE3GhQV-_y8knOk,Phishing
https://www.sctexas.org,Legitimate
https://www.cbwg.de,Legitimate
https://domappcheckomeg8.web.app/,Phishing
https://edfdc0fa5e2ae6e3c6d7156f3b2ce00c.cdn.bubble.io/f1679644455398x630943732016925300/webmailf.html,Phishing
https://pub-2deedb30aff5494b826a955e4e27f0d5.r2.dev/index.html,Phishing
https://www.maisonbourgeon.com,Legitimate
https://www.electronhub.ai,Legitimate
https://qrco.de/bfgL5m,Phishing
https://security-app-payee.firebaseapp.com/,Phishing
https://www.nextlevelhub.de,Legitimate
https://www.prestigewealthinvest.com,Legitimate
https://www.dal.net.tr,Legitimate
http://allegrolokalnie.pl-847309424.cfd,Phishing
https://storage.cloud.google.com/maintainancecomponeta.appspot.com/aliexpressautoindex.html#dan@danaxtell.com,Phishing
https://www.dipaul.ru,Legitimate
https://docs.google.com/presentation/d/e/2PACX-1vRMtAU-0_ikd1sEJRf4e13KP65GYHT_I3OjzAesLuA5CH3BkGfcxfRaXVRtp0UK4_C4P0sWhzZvmkL-/pub?start=false&amp;loop=false&amp;delayms=3000&amp;slide=id.p,Phishing
https://bit.ly/4bWqEBP,Phishing
https://hjje32.wixstudio.com/my-site-1,Phishing
https://www.ffin.kz,Legitimate
https://returnersres.weebly.com/,Phishing
https://www.dfdlfrm.cn,Legitimate
https://www.chotot.com,Legitimate
https://www.outdoorsfirst.com,Legitimate
https://www.customs.uz,Legitimate
https://l.ead.me/bfKNf3,Phishing
https://bit.ly/4bLRdtr,Phishing
https://qrco.de/bfInQ2,Phishing
https://fpostlecers.firebaseapp.com/,Phishing
https://www.oms4business.com,Legitimate
https://www.7floor.com.cn,Legitimate
https://mbarquitecto.cl/,Phishing
https://www.soomar63.com,Legitimate
https://margaret2021.systeme.io/1c767f70,Phishing
https://virtual.labdigbdbqapb.com/,Phishing
https://www.magyarlanyok.net,Legitimate
https://www.sqjysy.org.cn,Legitimate
https://healthsprings.docis.io/signature-image/booke/register/,Phishing
https://kscbjyizm.firebaseapp.com/,Phishing
https://www.smdp.com,Legitimate
https://q-r.to/bfRByD,Phishing
https://www.41393930.com,Legitimate
https://qrco.de/bfJHC9,Phishing
https://t.co/XNp1X2ZPvv,Phishing
https://www.rapido.bike,Legitimate
https://www.bcgame42.com,Legitimate
https://www.cakeresume.com/s--mvJ_ycSljHKQqkNt7d9ShQ--/nfsknf,Phishing
https://www.deutschland-plinko.de,Legitimate
https://share-eu1.hsforms.com/1esOC2tmzR0y_vWqarb8VJg2eycj5,Phishing
http://ptt3bshy.r.eu-central-1.awstrack.me/L0/http:%2F%2Fpitchlebroncontest.com%2Findex.php%3F3A2stoCgwF/1/0107019a558eeec9-de015911-9954-4cd2-9a90-0309b403d76e-000000/IPna9Ac2jrsBQlN9Iw8siea3lK8=232,Phishing
https://www.tenisdemesaparatodos.com,Legitimate
https://q-r.to/bfMvql,Phishing
https://www.yourpracticeonline.com.au,Legitimate
https://pub-20e6e1824eea40d88bf42d7fc5c530d4.r2.dev/voice-note.html,Phishing
https://linqapp.com/ertyuy?r=link,Phishing
https://www.lpcam.com,Legitimate
https://newppppppppppppp.weebly.com/,Phishing
https://myhandymanhelper.com/roundcube_updated/,Phishing
https://mez.ink/btmaiwebdk,Phishing
https://khanmarine.blob.core.windows.net/sumiriko/ionosindex1.html,Phishing
https://masterkzejkpzt.com%E2%88%95cdxmmmveq@sqdnpyj.cn/,Phishing
https://www.freqtrade.io,Legitimate
https://www.e-queo.online,Legitimate
https://hotm.art/kKZ5QB5,Phishing
https://www.bk-777.com,Legitimate
https://sweyre.wixsite.com/octpatt,Phishing
https://2f8k2x.share-eu1.hsforms.com/2OoQjKxJ3T2ypYbWLq8tQZA,Phishing
https://rgdan.com%E2%88%95WLieO%E2%88%95WLyBaQ%E2%88%95HVNAdsFFSq@cxcbixz.cn/udmppwvz.co.jp,Phishing
https://q-r.to/bfSIL7,Phishing
https://l.ead.me/bfLC8o,Phishing
https://www.6566fun7.com,Legitimate
https://www.winxclub.com,Legitimate
https://www.segurocanguro.com,Legitimate
https://docs.google.com/presentation/d/e/2PACX-1vTetIHZv1u5aQqGrXll3enSvcFuwK2KWz-Q2vvhVTB39tzEB2r5Og1fshl4VLJ6TmDKOF0qn4XFa8N6/pub?start=false&loop=false&delayms=3000,Phishing
https://sites.google.com/l0gin-microsoftwebonlne.app/867487,Phishing
https://www.bright-brides.org,Legitimate
https://www.thscore.mobi,Legitimate
https://linkin.bio/btserviceincsserviceincs,Phishing
https://l.ead.me/bfKJ0N,Phishing
https://www.gostudiopro.com,Legitimate
https://www.free-daily-spins.com,Legitimate
https://www.bikerzkingdom.com,Legitimate
https://www.gnpd.com,Legitimate
https://myportalccis.ukit.me/,Phishing
https://docs.google.com/presentation/d/e/2PACX-1vSaE7l-_7cRhP7H1Rq_oRxIJ7g_yTi6JCfP5bgrZCyyLo2-VZClxFTiCQ8QOHrHbyjrZJEnpidNcCAD/pub?start=false&amp;loop=false&amp;delayms=3000,Phishing
https://www.filmoteket.no,Legitimate
https://www.volatilityshares.com,Legitimate
https://mail2update-c386.firebaseapp.com/,Phishing
https://kuccoinl0giin.godaddysites.com/,Phishing
https://bafkreiflnhkrfckbepoou3dqqoxzs7ltpl5vqsldpl6radllyi3gygyonu.ipfs.dweb.link/,Phishing
https://t.co/QQX5RKGMF4,Phishing
https://www.segurosfalabella.com.co,Legitimate
https://www.tabechoku.com,Legitimate
https://www.wakayama-hakajimai.com,Legitimate
https://thebestlinksfr.web.app/,Phishing
https://docs.google.com/presentation/d/e/2PACX-1vRzUacAo4kHeVzjrZpT9gMBKQhfdbEg6dZ__-MErdoKPM8hZjAnyQTAA_XcoVFaiHNWphfHextEmBOd/pub?start=false&amp;loop=false&amp;delayms=3000&amp;slide=id.p,Phishing
https://www.autun-infos.com,Legitimate
https://ai-isaac.gitbook.io/ai-isaac/,Phishing
https://veirifcaemail.webcindario.com/,Phishing
https://vtuml.nterrfo.cfd/kwodzsebmlgaMtylwdyeit,Phishing
https://www.wifi.kz,Legitimate
https://www.avto.net,Legitimate
https://qrco.de/bfYwX1,Phishing
http://aqcw.wpdevcloud.com/cen/cen,Phishing
https://bitcine.cc/,Phishing
https://www.twzipcode.com,Legitimate
https://www.cmnq.com.cn,Legitimate
https://l.ead.me/bfI4AD,Phishing
https://new-project-c3ead.web.app/,Phishing
https://www.learningvillage.net,Legitimate
https://www.leatherfurniturecleaning.com.au,Legitimate
https://www.dimmicosacerchi.it,Legitimate
https://scanned.page/qjiVf0,Phishing
https://bpremauth.firebaseapp.com/,Phishing
https://www.dimentos.com,Legitimate
https://docs.google.com/presentation/d/e/2PACX-1vSIG-JbGSIPjmBNkaEyYUPgW-1AfVmMGOuMcPzEbEFLTk-9uSusol0AFxgq3zGpflz70cMaVxztZ6rD/pub?start=false&amp;loop=false&amp;delayms=3000,Phishing
https://bit.ly/3X1lX5I,Phishing
https://www.aiwinwin.com,Legitimate
https://www.centrastore.com,Legitimate
https://smilwio2.web.app/,Phishing
https://docs.google.com/forms/d/e/1FAIpQLScTDICTwYcB7-zsUYRHFLY5Ue0pJgcYh3zidhCwY7yt2ngk3Q/viewform?usp=send_form,Phishing
https://mattio.prioritaire-pickupfr.com/,Phishing
https://www.xctrl.com.tw,Legitimate
https://www.mostbet11074.ru,Legitimate
https://docs.google.com/presentation/d/e/2PACX-1vRQwNlOQE8p-NUCLk-THRjlcGXquj675T4XIZPSDHAclJ2etSf-jBqppUrMBvGhj2_dAL3IYSwPdzhP/pub?start=false&loop=false&delayms=3000&slide=id.p,Phishing
https://docs.google.com/presentation/d/e/2PACX-1vTmzMXQ8AE_-BKfAy_7m4KxtaYMj3dR3OEU4DoxJsyNaOFdnh6XXKJiOuLt7MtSZdDFJQT3yzI-ftnM/pub?start=false&amp;loop=false&amp;delayms=3000,Phishing
https://www.slot138land.com,Legitimate
https://www.indeed.co.uk,Legitimate
https://code-stream-rho.vercel.app/,Phishing
https://www.res-menu.com,Legitimate
https://www.bancoagricola.com,Legitimate
https://gopesine-teraxionat-gitlab-io-11168d.gitlab.io/?resson&op=c&mainid=32144&em=216902700_163584_566544,Phishing
https://www.ttaaii93.com,Legitimate
https://www.outbacktrading.com,Legitimate
https://l.ead.me/bfWcxJ,Phishing
https://www.meebox.net,Legitimate
https://us6.campaign-archive.com/?u=d0ec2d4417ea404910b8c3a3c&id=7c88d57932,Phishing
https://cpanel-webmail-i3mrnm1dwd.pages.dev,Phishing
https://msbdjdhdjd.weebly.com/,Phishing
https://www.usnursing.com,Legitimate
https://www.vidaxl.hu,Legitimate
https://giximiofing.godaddysites.com/,Phishing
https://mycsskunds.com/log/,Phishing
https://www.steamdl.ir,Legitimate
https://www.smi.expert,Legitimate
https://docs.google.com/presentation/d/e/2PACX-1vQSA2ABNNhP8e_S8mT0sX2d5QW_OnYHmB99VVLc2YUsT7zHaaG10W6L_YsDigWrWY_D7PypTPxk2wg9/pub?start=false&amp;loop=false&amp;delayms=3000,Phishing
https://www.rewe-static.de,Legitimate
https://www.cdprojektred.com,Legitimate
https://www.robinsonsland.com,Legitimate
https://www.naturalgemstones.com,Legitimate
https://portaly.cc/emailservicesupport,Phishing
https://www.mediaworks.nz,Legitimate
https://officialplatforms.ghost.io/app,Phishing
https://www.lotopixdasorte.com,Legitimate
https://docs.google.com/drawings/d/1wNJge9pvrSLpra0PZqNoap9KeyTD_NhueSJMhGiATKM/edit,Phishing
https://moun.uoueiribsmno.info/auuem/,Phishing
https://www.777loco02.com,Legitimate
https://airform.ai/p/3jxLTD,Phishing
https://www.lloydsbank.com,Legitimate
https://www.monyanti.click,Legitimate
https://www.crmtenant.cloud,Legitimate
https://www.huyenchip.com,Legitimate
http://aspemperu.org.pe/wp-content/plugins/wp-data-kinship/index.php?r=bD1odHRwczovL3Zpc2lvbnByby1vcHRpY2FsLmNvbS8/Y2lkPU56azVOakl4,Phishing
https://www.itemd2r.com,Legitimate
https://storage.googleapis.com/wtctxdbyusdgnap4/1t07k4gd04sywg3m/9f39759.html#iUUS00e7XIl.jsv?cbfcR3tVccfL76ccFwDcdck3c1cfSS2rS3BcbbbbQ,Phishing
https://docs.google.com/presentation/d/e/2PACX-1vQnNQlUuEnMdyosxMzhdQewb9WDtgWAlpTVeBTvxsus5NWVnv_mqPFPpZc04dt--qqhqnUKQ7xDYKWP/pub?start=false&amp;loop=false&amp;delayms=3000,Phishing
https://www.kdslotmain.com,Legitimate
https://vkontakte.ru/away.php?cc_key=ckjZNo&to=https://homehq.shop/wp-includes/widgets/api.php,Phishing
https://qrco.de/atoweb,Phishing
https://gemniixilogiem.gitbook.io/us/,Phishing
https://koelner-schmuck.de/wp-admin/maint/AKHNA/intreduction.php,Phishing
https://q-r.to/bfJceW,Phishing
https://www.muraya.cn,Legitimate
https://www.smugmug.com,Legitimate
https://www.olesnica24.com,Legitimate
https://www.23bet46.com,Legitimate
https://indd.adobe.com/view/0e7d6953-8852-4f6a-9858-7e07e91b085b,Phishing
https://www.hyscaler.com,Legitimate
https://mobile-connect.pages.dev/?iduser=TkRnME13PT0=&HZ=xH0IE,Phishing
https://docs.google.com/presentation/d/e/2PACX-1vQOyl9kSVtfp1Dmb9uXM67M49yPn8wXBuIoHgRPvVfKAsjH0i8fAkrmjTC46kJ6fT6yMmQLNf9nkyAU/pub?start=false&amp;loop=false&amp;delayms=3000&amp;slide=id.p,Phishing
https://www.dropbox.com/scl/fi/1lwccibppitmi23bhricr/Your-Monthly-Bill-Is-Ready.paper?rlkey=60xe0skre5aqldcm62w8ibsw4&st=ldkbxzp8&dl=0,Phishing
https://www.seekdotnet.com,Legitimate
https://www.sierradc.com,Legitimate
https://www.nashasfera.ru,Legitimate
https://www.esutlari.beauty,Legitimate
https://storage.cloud.google.com/ciat3tdtttd53c3e5userp.appspot.com/index.html#paul@legalshield.com,Phishing
https://uaebillaccouae.hosted.phplist.com/lists/?p=subscribe&amp;id=18,Phishing
https://www.ourbloodinstitute.org,Legitimate
https://www.krkdw.cn,Legitimate
https://www.godofpanel.com,Legitimate
https://mybroadbandservice.plutio.com/p/form/iTtJKQD9FnGbzrHNB,Phishing
https://www.kanchankabra.com,Legitimate
https://new.express.adobe.com/webpage/zgY2ZxnJ4qBPy,Phishing
https://www.szjymbz.cn,Legitimate
https://www.kk22mm.fun,Legitimate
https://www.opinionworld.co.nz,Legitimate
https://www.nic.monster,Legitimate
https://www.procomobel.com,Legitimate
https://www.and-charge.com,Legitimate
https://www.perspektivresan.se,Legitimate
https://www.avanzo.co,Legitimate
https://docs.google.com/presentation/d/e/2PACX-1vQeH_u3zSqxypDcEVfEYhqrEyd1338TFTdIhNDMmHL1BaxF6yDk10DeBwPFDdE5UueFdFDhCYZeF4Ce/pub?start=false&amp;loop=false&amp;delayms=3000&amp;slide=id.p,Phishing
https://www.pec.edu.za,Legitimate
https://www.atlasmedica.com,Legitimate
https://bluespringsr-ivschooldistrict0099.ukit.me/,Phishing
https://docs.google.com/presentation/d/e/2PACX-1vSo0pc6BxaxvZjKHfFAtMQJVsVdig2ElkxeL_wLtrEN1QMlmA18HnHcqAyo4xtWR5KtoBz3VVuMAd1J/pub?start=false&amp;loop=false&amp;delayms=3000,Phishing
https://docs.google.com/presentation/d/e/2PACX-1vS1zCCJgkDXCdZ9kM4PKFkn4DhTkACisk3msnEoAhNJASU6v9TkgyGzomKsBCkG94InWuPjodzZyU7K/pub?start=false&amp;loop=false&amp;delayms=3000,Phishing
https://www.ifexcapital.com/,Phishing
https://www.nok.co.th,Legitimate
https://www.glasspinger.net,Legitimate
https://www.thewebcomiclist.com,Legitimate
https://docs.google.com/presentation/d/e/2PACX-1vTe6d_5copsSwJmJSkGtXLy86BN8MN1uDF9Z7egBscqdO4ei_d0Pry9FCSxn4i_RgedgaGEU7yEXv2R/pub?start=false&amp;loop=false&amp;delayms=3000&amp;slide=id.p,Phishing
https://www.i7noticias.com,Legitimate
https://bit.ly/MyEEBiII,Phishing
https://www.sadkazz.sbs,Legitimate
https://www.fuji.co.jp,Legitimate
https://www.gzjc100.com,Legitimate
https://www.badshahcric.org,Legitimate
https://www.mindwebserver.com,Legitimate
https://www.salzburg.at,Legitimate
https://www.trexylo.cfd/begddfvaugqsMionvjhpit,Phishing
https://auth111-bn11.webcindario.com,Phishing
https://ipfs.best-practice.se/ipfs/bafybeifnoomstfbdkpbjx25tmu2qw4twaitj7ciznkw4kj2to3fzeaoaki,Phishing
https://sites.google.com/view/webweitergmxdutechlogin/home,Phishing
https://www.megafortuneslot.net,Legitimate
https://www.promericani.cc/ni,Phishing
https://szentkutikissgabor.hu/inpo1.html,Phishing
https://www.mib.com,Legitimate
https://ezrsiole.firebaseapp.com/,Phishing
https://l.ead.me/bfSWKj,Phishing
https://www.myedspace.co.uk,Legitimate
https://www.unico.io,Legitimate
https://www.man-box.nl,Legitimate
https://www.hexplan.net,Legitimate
https://www.ejlb.cn,Legitimate
https://www.experience.care,Legitimate
https://bt-email-update-lj52s.daftpage.com/,Phishing
https://bityl.co/S41i,Phishing
https://bit.ly/3Z0Dafp,Phishing
https://www.finda.co.nz,Legitimate
https://bluehstt11096cpsess6941000338883rdroundcube.weebly.com/,Phishing
https://www.metlife.fr,Legitimate
https://www.jatco.co.jp,Legitimate
https://www.aquadis-piscine.com/dnvjddndnvdvnjdvjd.html,Phishing
https://www.unname.com.cn,Legitimate
https://www.zuimeng.net,Legitimate
https://new.express.adobe.com/webpage/1Fa3LR4To9uDX,Phishing
https://www.phpdoc.org,Legitimate
https://eu.jotform.com/app/252321981590357,Phishing
https://www.hughhewitt.com,Legitimate
https://www.tokosocmed.com,Legitimate
https://www.meeral.com.pk,Legitimate
https://www.tdnx.net,Legitimate
https://jzljhgdazo.blogspot.com/,Phishing
https://www.barkers.ie,Legitimate
https://www.ph-heidelberg.de,Legitimate
https://www.ingatsubur88.digital,Legitimate
https://www.cinquentaoformosa.com.br,Legitimate
http://srv245455.hoster-test.ru/CRS/corr/,Phishing
https://www.joox.net,Legitimate
https://site-h739olhpg.godaddysites.com/,Phishing
https://onfact5-production.firebaseapp.com/,Phishing
https://bafkreic5tavelrdpmfuksekictokmihadl4hkxrcy7pec4th5eglzu2vy4.ipfs.dweb.link/,Phishing
https://www.camelcargofreight.com,Legitimate
https://apihmg.sistemasubsolar.com.br/ch/?trck=3mKWk3ufzNrGiJVA3EYyHqneD4ywOnWVvwuUfK8I,Phishing
https://www.brnew88br.com,Legitimate
https://www.periodista.gr,Legitimate
https://testtestgod123.wixsite.com/my-site,Phishing
https://www.shunwang.com,Legitimate
https://www.bookzip.online,Legitimate
https://www.punditarena.com,Legitimate
https://www.delimajitu.rodeo,Legitimate
https://www.ictglobe.net,Legitimate
https://hjkl-db1e5.web.app/,Phishing
https://www.lolas.co.uk,Legitimate
https://www.hgxeqn.cn,Legitimate
https://www.mimixiaoke.com,Legitimate
https://linqapp.com/dsafrg?r=link,Phishing
https://q-r.to/bfJbyK,Phishing
http://hr8gdsb5fhg8dw5ger.ddnsking.com,Phishing
https://docs.google.com/spreadsheets/d/e/2PACX-1vQizE3w38XETMkMsFlNpnAic33Fyj-kyhHVqEM2xwGtprfsT8e35_4ywEPXmXOU0mCCTkJTs6L0tzG-/pubhtml/sheet?gid=0,Phishing
https://mondialr-monsuivi-fr.com/,Phishing
https://secure.controllers.world/,Phishing
https://www.robotime.com,Legitimate
https://www.catalinacrunch.com,Legitimate
https://www.cakeresume.com/s--lvo_s87UUvfluvWRPSxTbg--/at-t-563191,Phishing
https://snfe3870.wixsite.com/my-site-1,Phishing
https://nebimtis.web.app/,Phishing
https://www.secularhumanism.org,Legitimate
https://www.stratum2.ru,Legitimate
https://us15.campaign-archive.com/?u=86bf5894c08758dec9d74aa43&id=72c2f0b6e3,Phishing
https://bafkreiacysuszrparyqho7voecxxehmfptt4au2pgucdfooeocuegwhhti.ipfs.dweb.link/,Phishing
https://optimumnheturkj.weebly.com/,Phishing
https://reztorge.firebaseapp.com/,Phishing
https://retrievesuspendemail3.web.app/,Phishing
https://docs.google.com/presentation/d/e/2PACX-1vSuExMESQIRsziB_O_q-50PijQdbHAkTDIPKRqGbEtkad6yR1YbJONAHov_KZwCH6s1XX4r9XIlthr8/pub?start=false&loop=false&delayms=3000&slide=id.p,Phishing
https://www.nongfulu.com,Legitimate
https://www.pornxnow.me,Legitimate
https://helpid9947395718491859388111.firebaseapp.com/,Phishing
http://org-suite-io.created.app,Phishing
https://docs.google.com/presentation/d/e/2PACX-1vSvQ2Br70MCBSasyyGHfRKBuhZz_jZy1g5o1ysPIrUxjO2CyYcfFMzJUJ5-wgQWQj3iZF-7qhyoB_GQ/pub?start=false&loop=false&delayms=3000&slide=id.p,Phishing
https://booking.pl-oferta84127591283.sbs,Phishing
https://linkin.bio/yumika-sl,Phishing
https://www.my-diary.org,Legitimate
https://pacifi2025ec.webcindario.com/,Phishing
https://qrco.de/bfOfXz,Phishing
https://www.strapcode.com,Legitimate
https://www.luciaarena.com,Legitimate
https://bit.ly/4b9xbIV,Phishing
https://www.lovenhe.cn,Legitimate
https://q-r.to/bfFb7Q,Phishing
https://www.dropbox.com/scl/fi/8b02gpn7h706hlo769h0s/VlEW-YOUR-BlLL-BELOW.paper?rlkey=1y0l8ywfzm3jvsx69b8g6xncq&st=d6llbt4b&dl=0,Phishing
https://docs.google.com/presentation/d/e/2PACX-1vSCX32lNqfjNdGe0oIscigCFVPrxiCHHP_Vzzcb6GccLJDUfO1lqQpxf1_-Evol6AknyeyrDev5VXxD/pub?start=false&amp;loop=false&amp;delayms=3000,Phishing
https://www.videeo.com,Legitimate
https://q-r.to/bfNp10,Phishing
https://qrco.de/bfJh4Y,Phishing
https://share-eu1.hsforms.com/1mBPMUa_3QU-87EZfUD7xuA2fgx1p,Phishing
https://www.epacs.com.br,Legitimate
https://www.firmlet.com,Legitimate
https://www.saltandlight.sg,Legitimate
https://www.chongqinqin.com.cn,Legitimate
https://www.pecosvalleyproduction.com,Legitimate
https://www.waffle1999.com,Legitimate
https://share-eu1.hsforms.com/2aQeuz5JvShSAYIW_29uReQ2ev97c,Phishing
https://docs.google.com/presentation/d/e/2PACX-1vQ5yD4NayJaMlXiUPKopN0XF469un3jPJ36Ux1iexoCWPiOfCueJs2_MIoNbG7K_X7dOurm7GVEwwkC/pub?start=false&amp;loop=false&amp;delayms=3000,Phishing
https://l.ead.me/bfU4Qe,Phishing
https://service790.godaddysites.com/,Phishing
https://www.fitnessdelivery.nl,Legitimate
https://www.d7good.com,Legitimate
https://www.yasiland.com,Legitimate
https://qrco.de/nftx,Phishing
https://www.stvincenttimes.com,Legitimate
https://bafybeiawvbxwvvxt5ua3jkio2njx2m4jgkfihoiorfx4detu2pjlqj3o7a.ipfs.dweb.link/,Phishing
https://odesli.co/gmwpxf8xhm39x,Phishing
https://tinyurl.com/mvwwz4da,Phishing
https://www.lordfilmik.lol,Legitimate
https://t.co/qZZP7e5BXl,Phishing
https://bit.ly/3NgkQt5,Phishing
https://nvnvbnvbn.weebly.com/,Phishing
https://globalcuresolve87.weebly.com/,Phishing
https://ipfs.io/ipfs/QmU6qJYntEekq99yjHcbhH3J6j4Urm3oNZymeypFBuT2kd,Phishing
https://www.eroty.pl,Legitimate
https://www.gigg.com,Legitimate
https://www.dasenic.com,Legitimate
http://ff50ecb9.m2desarrollos.com.ar/?b5091&id=lamaisondelaujol.fr,Phishing
https://www.gzxastx.cn,Legitimate
https://www.legitface.com,Legitimate
https://docs.google.com/presentation/d/e/2PACX-1vQnGj0O26luofgY8b2UMeVIt9tQ41gTq1_mEIQrk8QhWAbXZ1XG8YU7VUtqpW70_kWfDFPaLnnKLiBL/pub?start=false&amp;loop=false&amp;delayms=3000,Phishing
https://q-r.to/bfGZsq,Phishing
https://www.brandwell.ai,Legitimate
https://qrco.de/bfMtrV,Phishing
https://eu.jotform.com/app/252430265334349,Phishing
https://www.the-training-guide.com,Legitimate
https://docs.google.com/presentation/d/e/2PACX-1vQc6KHRkHo4VrNa8C9J9_jrJVmS-u-m2KMAeKVclTE_OEzecljDYl_WJ_6tC3u0Yv1QmWBCqhiuJY5M/pub?start=false&amp;loop=false&amp;delayms=3000&amp;slide=id.p,Phishing
https://www.twistshake.com,Legitimate
https://zimbramailonline.weebly.com/,Phishing
https://www.newsstand.ie,Legitimate
https://www.clara.net.cn,Legitimate
https://bit.ly/3UnBUkI,Phishing
https://www.ve-001.com,Legitimate
https://www.undawn.game,Legitimate
https://www.kukaapp.com,Legitimate
https://shaik-knotz.weebly.com/,Phishing
https://qrco.de/bfKspd,Phishing
https://www.octipa.com,Legitimate
https://www.hbweb.io,Legitimate
https://tailormadetravelservices.com/ntt-my-plala,Phishing
https://www.rma.ru,Legitimate
https://iplogger.cn/2t95A7,Phishing
https://www.khelouk.in,Legitimate
https://www.bookzhanjiang.cn,Legitimate
https://www.eprize.com,Legitimate
https://www.domainstatic.com.au,Legitimate
https://orsotoscani3ito.blogspot.com,Phishing
https://www.sedahhost.net,Legitimate
https://ch-saintgaudensfr.weebly.com/,Phishing
https://accounts.google.com/v3/signin/identifier?continue=https%3A%2F%2Fsites.google.com%2Fview%2F3q97w004&followup=https%3A%2F%2Fsites.google.com%2Fview%2F3q97w004&ifkv=AXo7B7WchFu3qb1u3xHpCzlXzHLC02Vdojq81yD_G_-mkZg8tlpVkXQskwTT8HSrcujfUnifhDSTHg&osid=1&passive=1209600&flowName=WebLiteSignIn&flowEntry=ServiceLogin&dsh=S-787852258%3A1693668023602552,Phishing
https://us1.campaign-archive.com/?u=335c451bf46c36be140fc8a11&id=af69a94063,Phishing
https://www.razorhost.in,Legitimate
https://www.worldpath.net,Legitimate
https://l.ead.me/bfSHU0,Phishing
https://www.ycgyqt.com,Legitimate
https://www.radioenergie.ca,Legitimate
https://www.encontrei.la,Legitimate
https://www.k972.com,Legitimate
https://bit.ly/3Kpmryq,Phishing
https://www.d-dx.jp,Legitimate
https://https0010mdpod.web.app/,Phishing
https://www.hotelokura.co.jp,Legitimate
https://www.tvornicazdravehrane.com,Legitimate
https://lhub.to/viewyourmessages,Phishing
https://www.tentlan.com,Legitimate
https://tinyurl.com/mr4cmytu,Phishing
https://www.turbobita.net,Legitimate
https://www.bendpak.com,Legitimate
https://www.oessu8y.cn,Legitimate
https://docs.google.com/presentation/d/e/2PACX-1vRm9RYr61iGADYdroh5K0H3g6XZ3yt3eGMvS6ebaUoGuIPkl8bR9sTNBT2370Ymyr3pjP-WTVZI_zxs/pub?start=false&amp;loop=false&amp;delayms=3000&amp;slide=id.p,Phishing
https://www.313presents.com,Legitimate
https://www.identifyyourbreyer.com,Legitimate
https://www.krunis.com,Legitimate
https://www.hlom.ru,Legitimate
https://messagingni.weebly.com/,Phishing
https://www.dl2p6u7.com,Legitimate
https://www.pokerdom-ivu.top,Legitimate
https://www.megasoft.co.jp,Legitimate
https://bit.ly/4eSnstS,Phishing
https://docs.google.com/presentation/d/e/2PACX-1vQRiCRnMBGEeU9geoC6pBujgKRO-qBW9vG-QnIZ0deREmZAGRaRRWCYohx59TP69AyRbNghbM_ahloM/pub?start=false&amp;loop=false&amp;delayms=3000,Phishing
https://www.tanbooks.com,Legitimate
https://www.dropbox.com/scl/fi/8jfzwkjuo873ko2wv328q/New-Version-Update.paper?rlkey=s57fqmmrbe8ybvp9jau2ea3fe&dl=0,Phishing
https://www.sabart.it,Legitimate
https://www.mclaneco.com,Legitimate
https://www.gounion.com,Legitimate
https://www.sale-attestati-v-novoshahtinske-161.ru,Legitimate
https://www.cloudnstools.com,Legitimate
https://pub-329ad475a78e41a580bcf032bab5c255.r2.dev/index.html,Phishing
https://qrco.de/bfMeq9,Phishing
https://www.cromedocuments.com,Legitimate
https://www.survivalgamesstudio.com,Legitimate
https://www.objk.cn,Legitimate
https://www.sephora.com.tr,Legitimate
https://pub-c4f35f585bdc4fd59e62f5618d7b93cc.r2.dev/briown.html,Phishing
https://www.brazzers.xxx,Legitimate
https://sms0444lapost.weebly.com/,Phishing
https://docs.google.com/presentation/d/e/2PACX-1vQhnJQWTyJ2IlxwwyBRBFsvdUO_5a8I5T2y9vVQYOlHQz52DeHinTiiHRKC71gdcNh45m8dgpPBGifg/pub?start=false&amp;loop=false&amp;delayms=3000,Phishing
https://sweepstakes551.godaddysites.com/,Phishing
https://us5.campaign-archive.com/?e=6a3ca85cbb&u=db9f5fd8c4b01596db15da495&id=581b9e00d7,Phishing
https://www.adingo.jp,Legitimate
https://bit.ly/3VO1xMJ,Phishing
https://www.radio.net,Legitimate
https://www.kappa-usa.com,Legitimate
https://www.fpt-software.vn,Legitimate
https://link.space/@Desk,Phishing
https://www.conectedweb.com,Legitimate
https://sp955041.sitebeat.crazydomains.com/,Phishing
https://cmoinscherci.com/Plalamailll/jpn/sso.login/login2.php,Phishing
https://www.quibrescia.it,Legitimate
https://pub-e14ddeed1e5e4daaadd197a5b9583a16.r2.dev/linkfriday.html,Phishing
https://tradehq.com/invoice/bbea70b3-032e-4f11-ae3e-6cbb66e45178?utm_source=tradifyhq&amp;utm_medium=platform_email&amp;utm_campaign=vi_destination&amp;utm_content=view_invoice,Phishing
https://www.sibvaleo.com,Legitimate
https://www.avpvhs.com,Legitimate
https://fr-choisir-lockers.com/as.php,Phishing
https://parkingtreeco.com/wp-content/autopas/1/login.htm,Phishing
https://www.oihc.cn,Legitimate
https://www.dailytrailechofeed.com,Legitimate
https://www.pokerking.com,Legitimate
https://pub-7497b4cc97ab46a6a9a492eb1b6a38ec.r2.dev/index.html,Phishing
https://docs.google.com/presentation/d/e/2PACX-1vRUCL0ODm2Kytduxa7muKltwyBDr3tnv7md5V5Q0nNFJC9PkRlyX5oQjNiw4tdlWpjloloGTsN4K_VL/pub?start=false&amp;loop=false&amp;delayms=3000,Phishing
https://riopunmertfinsa.weebly.com/,Phishing
https://q-r.to/bfcAtb,Phishing
https://www.angelinsblog.com,Legitimate
https://docs.google.com/presentation/d/e/2PACX-1vRvdL28i01hWTOPChYSzo_OirhS-yE5sq-X64yiqxOTgiNzgKV9dYI4I5HORXfIe8OCEByQ-SPBKgVY/pub?start=false&loop=false&delayms=3000&slide=id.p,Phishing
https://qrco.de/bfJSBd,Phishing
https://www.vins-rhone.com,Legitimate
https://server-108979.square.site/,Phishing
https://infinity-ground.gitbook.io/whitepaper/,Phishing
https://www.tanc.co.za,Legitimate
https://www.newsdh.cn,Legitimate
https://vbbzbgdkit1.web.app/,Phishing
https://us18.campaign-archive.com/?u=8dd6af7206aca777be5150aa6&id=49ed054802,Phishing
https://bafkreieemx76rjui6srdzgtgodnhxd3jokv4ohnwf4cvloa4436jk6jrwy.ipfs.dweb.link/,Phishing
https://www.onshopbase.com,Legitimate
https://homegeneralitatdecatalunya.weebly.com/,Phishing
https://www.redhelper.ru,Legitimate
https://www.qq.com,Legitimate
https://www.ukpos.com,Legitimate
https://www.fbgz.xyz,Legitimate
https://fr-microcko.firebaseapp.com/,Phishing
https://www.fobstone.com,Legitimate
https://hm.ru/DKa7fe,Phishing
https://docs.google.com/presentation/d/e/2PACX-1vSddTVWBjq85Esa3ihZ3I0paYwn-W9hgl1RiwygjepFRZv6CX13NWFLm2QGjP0pgYTdp9E8tHYjcU8D/pub?start=false&amp;loop=false&amp;delayms=3000,Phishing
https://formsly-form.web.app/gMCB3d10jZmUXNSpFa40Db,Phishing
https://www.orloe.com,Legitimate
http://3ff7c459-86b2-4f6d-b6b0-ba6402ef6cb0.htmlcomponentservice.com/get_draft?id=3ff7c4_39f5e951394368f9e49c63fbf3166add.html,Phishing
https://www.batikingdom.com,Legitimate
https://www.yennefer.ir,Legitimate
https://www.voxbone.com,Legitimate
https://www.etrendgigs.com,Legitimate
https://www.enpam.it,Legitimate
https://2fa.matamaisk.com//58utII3v-Cv7ja8L/,Phishing
https://www.dropbox.com/scl/fi/3au7yexlo0czv6u6otli4/Your-Latest-Bill-Is-Ready.paper?rlkey=uy4b9orvu1pvqh9ppj5sb6dky&st=s71tohai&dl=0,Phishing
https://www.autoroute-peagefr.com/,Phishing
http://overagamecanstrengthen.com,Phishing
https://allegrolokalnie.pl-oferta32132.sbs/,Phishing
https://www.zhouheiy.cn,Legitimate
https://trezorsurgedevices.web.app/option.html,Phishing
https://cxautocontrolefinanbr.blogspot.com/,Phishing
https://www.spar.at,Legitimate
https://www.satguru777admin.com,Legitimate
https://easying-f6b8c.firebaseapp.com/,Phishing
https://docs.google.com/presentation/d/e/2PACX-1vTQlRu6JzZhckmBdmasiDxma-ci2jzJZxdImNYEb60wU2dSjdxbwUQLWREQHgmdtJF-R84m2vTfg2yG/pub?start=false&amp;loop=false&amp;delayms=3000,Phishing
"https://s.pnj.ac.id/Pm2WHZ?id=h208dbf7,3f78e1,V25Y",Phishing
https://live-3rivers-fcu-101.web.app,Phishing
https://mondiairelais-livraison.com/captcha/index.php,Phishing
https://www.porkahdx.top,Legitimate
https://www.tentsile.com,Legitimate
https://www.purplehanakoi.com,Legitimate
https://www.landof.tv,Legitimate
https://bafkreig52ar7aqbigfanbmsz4ujccbskoihg4qdw3x24zecevjr2gxayjy.ipfs.dweb.link/,Phishing
https://share.hsforms.com/23mHHnIV2TRCc3J316bBbgAthamt,Phishing
https://tinyurl.com/27zx3l3j,Phishing
https://www.haoligg.com,Legitimate
https://www.sonic.game,Legitimate
https://www.graphnet.com,Legitimate
https://www.zfilms-hd.by,Legitimate
https://www.lordseries.lol,Legitimate
https://www.dogtrace.com,Legitimate
https://q-r.to/bfTdrV,Phishing
https://www.lesmaisonsderetraite.fr,Legitimate
https://5uya98strr77.s3.ap-northeast-3.amazonaws.com/28dhLAKp,Phishing
https://ipfs.io/ipfs/QmXtVQXaBu5pBRgVqqfCGxknRA11vf3kPdENr3p3t3Pvuc,Phishing
https://www.zenworldspins.com,Legitimate
https://www.eysis.io,Legitimate
https://www.gitcode.com,Legitimate
https://www.komobr46.ru,Legitimate
https://manual-load-page-1009724739501.web.app/,Phishing
https://www.taphunter.com,Legitimate
https://www.whizflare.cfd/X1OIL4,Phishing
https://www.phoeniximport.com,Legitimate
https://forms.clickup.com/9005119367/f/8cbydw7-248/0NK02T7G9OGTYV1NWZ,Phishing
https://xn----8sbgjjkdcchbp7a6bu2e.xn--p1ai/people/grnhu/,Phishing
https://gmxmailboxconnect.weebly.com/,Phishing
https://docs.google.com/presentation/d/e/2PACX-1vRig8KbZ1zxiB_brzzOCcjgDQmzAWCapMz5rVznlgoWXdx0fFBexfXlREj-_9Jfq8HacD7c8txsBKBJ/pub?start=false&amp;loop=false&amp;delayms=3000,Phishing
https://www.barnlightelectric.com,Legitimate
https://www.dfjav.com,Legitimate
https://www.wagtotogaming.com,Legitimate
https://www.1win-dfeb.top,Legitimate
https://www.pawg.porn,Legitimate
https://www.fam.cx,Legitimate
https://www.fnsb.gov,Legitimate
https://www.ymftn32zlr.ru,Legitimate
https://www.xxxfunk.com,Legitimate
https://www.pimg.jp,Legitimate
https://www.lhl-77.ru,Legitimate
https://www.liquidsix.com,Legitimate
https://www.yoojia.com,Legitimate
https://docs.google.com/presentation/d/e/2PACX-1vQS8f3Nsx67xbHSMSTG9mUVIsC0_68dxdBzZxDMswmBEu2G37P2b-m-QfecbHvrS0jKNhxBIgb2oJ7c/pub?start=true&amp;loop=true&amp;delayms=3000,Phishing
https://shakugxgd.github.io/jgjuybrdhim.github.io/IONOSDE.html,Phishing
https://sanjuanbautista.gov.py/verify,Phishing
https://respondto.forms.app/voicebt,Phishing
https://www.gujaratonline.in,Legitimate
https://www.afresearchlab.com,Legitimate
https://www.luckywin881.com,Legitimate
https://pub-bf621bcb7f3647c1bcdeab72e3b5d47f.r2.dev/index.html,Phishing
https://www.slodkipomysl.pl,Legitimate
https://www.babyboofashion.com,Legitimate
https://protonmail-108522.square.site/,Phishing
https://www.man99.live,Legitimate
https://bit.ly/3Tzkdcq,Phishing
https://www.saint.gr,Legitimate
https://www.kustomrama.com,Legitimate
https://docs.google.com/presentation/d/e/2PACX-1vSh5K3rljDdI1liWecP8sW7CbhDOm9XCAs0SdlMCO1__JCCozKs0dfUd9wUnj6UjFKvrmQRgXYvAADn/pub?start=false&loop=false&delayms=3000&slide=id.p,Phishing
http://itau-landing.vercel.app/,Phishing
https://bafybeie45qepoxuvkvfobfu7gqrv7umumftfnnihgxoqmgckuhzx3ndl6q.ipfs.dweb.link/?filename=index.html,Phishing
https://www.axione.fr,Legitimate
https://docs.google.com/presentation/d/e/2PACX-1vTcAUd0gW76Le0UnHCilHOBI8Hu0KnHrH_Grc7REErOLm4QxOKhH_eYCGiBnyKJW5wWGbJV1vxqGK2e/pub?start=false&amp;loop=false&amp;delayms=3000,Phishing
https://www.nfltags.com,Legitimate
https://anti-robot-3abf.web.app/,Phishing
https://www.mhealthfairviewpeds.org,Legitimate
https://2fandy.share-eu1.hsforms.com/2ZEsn9gurSaOEdayuvhva7Q,Phishing
https://mlo9e9hbb.cc.rs6.net/error.jsp?e=mlo9e9hbb,Phishing
https://faqs-en-us_exedos.typedream.app/en-us,Phishing
https://www.grossonapoletano.com,Legitimate
https://eu.jotform.com/app/252458360400349,Phishing
https://www.frenchpod101.com,Legitimate
https://www.casebook.net,Legitimate
https://www.pacoelchato.com,Legitimate
https://q-r.to/bfMK1t,Phishing
https://www.agendaju.com,Legitimate
https://www.jcc.com.cy,Legitimate
https://www.vinea.es,Legitimate
https://techcuonline.weebly.com/,Phishing
https://pub-4885c33e6e884e73b5babfc926d05d2c.r2.dev/index.html,Phishing
https://www.tabsbook.ru,Legitimate
https://beryundesleile.firebaseapp.com/,Phishing
https://www.mostbet12037.ru,Legitimate
https://docs.google.com/forms/d/e/1FAIpQLSeqoQIrySzD54DDQrsxgIR1ElOcxV3L-1io9FNAzIYXdq3Y8A/viewform?usp=send_form,Phishing
https://www.orthoindy.com,Legitimate
https://ntf6yzc12.ukit.me/,Phishing
https://www.laredoute.de,Legitimate
https://pay.offce365-login.com/,Phishing
http://odesli.co/gjnf8c6bfnnnk,Phishing
https://www.fitopup.com,Legitimate
https://www.alpha-analytics.cz,Legitimate
https://docs.google.com/presentation/d/e/2PACX-1vSKYicwqQb2RCjKWDpCsbxvOQrETCpfgcJaOhyHQZi4Npiwlslgw2xgYz4VesrvQowUceUZW2P_bV6l/pub?start=true&amp;loop=true&amp;delayms=1000,Phishing
https://www.kplu.org,Legitimate
https://www.delicioustable.com,Legitimate
https://qwertu-eb1f2.firebaseapp.com/,Phishing
https://storage.cloud.google.com/user517497679326978.appspot.com/index.html,Phishing
https://www.nortenettelecom.com.br,Legitimate
https://www.imlauer.com,Legitimate
https://andhghtyjdf.web.app/,Phishing
https://ledger-com-start-start-us-app.typedream.app/,Phishing
https://www.mini.no,Legitimate
https://www.0579.cn,Legitimate
https://jflkp.csb.app/index.html#a@b.com,Phishing
https://solucoes-rener-fatura.blogspot.com/,Phishing
https://www.eharmony.ca,Legitimate
https://bit.ly/3zyy3tI,Phishing
https://q-r.to/bfOo1P,Phishing
https://www.wsip.ru,Legitimate
https://share-na2.hsforms.com/13npZkt5rSgOB0k6p56PC4Q4020uo,Phishing
https://docs.google.com/presentation/d/e/2PACX-1vQauKUjkTcXpSXYf-1oW02E6xSkf5iD3gysG939P3LUN50uso4-c95qYPPJPbhbkD8tK2EVskdTaVXM/pub?start=false&amp;loop=false&amp;delayms=3000,Phishing
https://project-6516846.firebaseapp.com/,Phishing
https://www.mystake3.com,Legitimate
https://www.iymedia.me,Legitimate
https://www.gektor.biz,Legitimate
https://www.my-style.in,Legitimate
https://q-r.to/bfYwVW,Phishing
https://www.elcoleccionistaeclectico.com,Legitimate
https://us5.campaign-archive.com/?u=696a0459e689c407b17dd905b&id=e11232eadc55e,Phishing
https://www.bawesomesex.com,Legitimate
https://www.majuhome.com.my,Legitimate
https://www.magicalquote.com,Legitimate
https://copyright-videofb.net/two_step_verification/authentication/?encrypted_context=ARE-mouCvCDl-qc9rUfat_U_4pwg9N6Ucjm7TaJi2uZ5gZamPKvlNqI1CNvxSaIHTbsUvCz55uIvXuKFL34IWuSi-GGZBojRWBCuHfNqOUOKTqbjsNFRdSHpKvryRmlL_S16vGRVtGISApb3yG0c40yt8wJLDQUBKI3eEymcKHrvGxLcogaIrcty1BXvn_RqfxAvGW5YHZofCHHS0l3r8rWkoL6UqqEZCvKqJhYCnAjGDlqWoy-iwUIYcqbu7PXW_BzYOLM_IgETbGtxb-5ezn7TdyDEuPmI3k489LNda-MuoE3bGKJ41pKqdNjHGulbySASYHmY4ceJ6DQZNKBZfK2NK1Hpp8e7hSy_4lOCJjBSsV16ZusSw1y7KeBRiiDxmVaX3ClPfOQ7U-69HURJJb3fum5sWXBwe0Klq-nKe2Gdoc1Ol23Lg_eK8zT13neIrw9zh3rvZUyhPaz8HrJxefTdCePX4g6EPnDnGPH3LB-zgMhQzNZdMSxo0Nsr9XbWDvSRVft1OuvQF6LxtTC7Jx73is6IoP9eH4-_X4eftBbFT5FdpEMIKhXUz5oLieS-SvOX5iQRv3-W0z5Kc3rLrhh90pRZrwC15911Fd_-OlkYlzqh_fDA1KEIaiPZZFiD5tXE0Mmipc7JlTjDtqnwghqGQMf1_6b7gfp1BrCuUPOXk6aRX5h0zJ2POMU8DLA_VpMjwWSl3TpWdkuq8uXcXH-UbNq1f1YeOEAfDROzKqTitu3_oxp_bDBEgGsZuFDmbInXiw5Sik9A6ch7ZGtgdInUhVRm93iHvSn6mEP2pY5cH4OKfn3QAFzmg5U0zOu4n5sMkL4FZaHZZbujbAjBwZJ0IWRso4pHYyO6ejciWEwbXmaoA_EECZB6TX79C01fxOrArvksnMJKWdXCesUI6bCJnc860UlWXXFixwSjrdwXjI0ECX9WnSKbOSvbwezqUGzPJOwh5F8&flow=pre_authentication&next?pageId={{id}},Phishing
https://qq222game.org/wp-content/uploads/,Phishing
https://www.tomasarsov.cz,Legitimate
https://www.purplekorea1.com,Legitimate
https://www.cakeresume.com/s--6ywNwIkXSHBaryCaOReJSg--/kkjhdj,Phishing
https://qrco.de/bfMJiL,Phishing
https://docs.google.com/drawings/d/1AwOT5ZM8-xDd81CHhfNdhT9dFxDG1Fm31jMcMTYBsmk/edit,Phishing
https://www.coffee.co.uk,Legitimate
https://www.cafefcdn.com,Legitimate
https://sites.google.com/view/absorklminoddjhajhd/,Phishing
http://allegro.pl-smart93712.sbs,Phishing
https://www.tiohentai.tv,Legitimate
https://www.vse-audioknigi.com,Legitimate
https://www.sportsmart.com.au,Legitimate
https://bit.ly/3Y2iFQk,Phishing
https://www.artemismediamusic.com,Legitimate
https://us17.campaign-archive.com/?u=f8c0380c1757cf54940834f97&id=0cdee19d5c,Phishing
https://www.techjockey.com,Legitimate
https://www.eventpay.jp,Legitimate
https://msadsadsa.pages.dev/,Phishing
https://pageseuc1.actmkt.com/(S(2mlpn1q2irw5ar21c350ljvu))/l/c5X8MfZz6j9Y7Fto3LAd,Phishing
https://l.ead.me/dhlpak9578,Phishing
https://www.weekpay.ru,Legitimate
https://www.cyberpulsehub.cfd/cphdcbnkzyncmyknwjedrt,Phishing
https://www.dropbox.com/scl/fi/uhw2ikgne418dx0xkl193/BTINTERNET-ACCESS-PAGE.paper?rlkey=1x7qifcfn7tcs8myrhj8ytse7&st=x69inu4l&dl=0,Phishing
https://docs.zoom.us/doc/XBeZJ6DaQE2DAP6CsLb_AQ,Phishing
https://www.ubb.bg,Legitimate
https://www.dekoruma.com,Legitimate
https://www.astaro.net,Legitimate
https://orsotoscani1ito.blogspot.com/,Phishing
https://www.aakashitutor.com,Legitimate
https://www.woundcaregurus.com,Legitimate
https://new.express.adobe.com/webpage/fQCrhKyvin9UJ,Phishing
https://www.atlanta.com,Legitimate
https://www.pavers.ie,Legitimate
https://dulong.prioritaire-pickupfr.com/,Phishing
https://docs.google.com/forms/d/e/1FAIpQLSdb1fNmRBeHfRqfdOCBPbsIBAggAci54JFRzrILluMmEracJA/viewform?usp=pp_url,Phishing
https://www.moveyourfit.com,Legitimate
https://domappcheckomeg30.firebaseapp.com/,Phishing
https://appmonkeys.onelink.me/tlTF?af_r=https://skinsmonkey.com/%3Fgad_source%3D1%26gad_source%3D1&amp;gclid=Cj0KCQjwu-63BhC9ARIsAMMTLXQd46iDvw0OOSL-9irLen7O7UWYIlz8lFZnqswXYUepUo3HnORCqIYaAlLWEALw_wcB,Phishing
https://www.pnxir.cn,Legitimate
https://www.surfaceofmoney.info,Legitimate
https://bretatid.firebaseapp.com/,Phishing
https://www.meitetsu-bus.co.jp,Legitimate
https://www.dg-sys.net,Legitimate
https://www.9996777888.com,Legitimate
https://r.goqr.se/3OL2HP7F,Phishing
https://www.foire-aux-jantes.fr,Legitimate
https://linktr.ee/btmaillovee,Phishing
https://www.correspondimpulsive.com,Legitimate
https://www.hqintl1.com,Legitimate
https://amerikoolernet.w3spaces.com/,Phishing
https://qrco.de/bfSlYR,Phishing
https://www.goog1e1607.com,Legitimate
https://www.kyber.gg,Legitimate
https://www.mostbet-story.com,Legitimate
https://mysupport38476.weebly.com/,Phishing
https://www.mydominicankitchen.com,Legitimate
https://bit.ly/3Mb1wgp,Phishing
https://touwale-89321.web.app/,Phishing
https://bit.ly/3XbmbHb,Phishing
https://backup-centre-process-us.vercel.app/web.html,Phishing
https://www.giftcardgranny.com,Legitimate
https://www.redm.net,Legitimate
https://pub-f795b0b66ccc4426ab8c7a8260e91b07.r2.dev/hun1.html,Phishing
https://us20.campaign-archive.com/?u=d69bb7a3501c213ba4dd28dcb&id=8d3bbf7a05,Phishing
https://www.fengxing31.cn,Legitimate
https://whm.20-246-40-239.cprapid.com/app?page=signin&amp;unique=b4ec94afd7621e3070be6a6b51f9dc5b,Phishing
https://www.bigbooster.in,Legitimate
https://www.hypr.com,Legitimate
https://www.saveporn.net,Legitimate
https://goo.su/Rtnvz#x@x.com,Phishing
https://wbxnscorroen1.weebly.com/,Phishing
https://www.entersekt.com,Legitimate
https://www.captiv8.io,Legitimate
https://www.grafeno.digital,Legitimate
https://www.usoffiu.com,Legitimate
https://www.icomcomunicacao.com.br,Legitimate
https://mymicroofficebox.myportfolio.com/,Phishing
https://portal-amb.firebaseapp.com/,Phishing
https://www.cttzone.ru,Legitimate
https://www.management.org,Legitimate
https://us22.campaign-archive.com/?u=7e9184418331a54e9fd7a38fd&id=4661b72416,Phishing
https://pub-988ef8d98d4b4dc68ff5ab14084ce51d.r2.dev/index.html,Phishing
https://www.norta.com,Legitimate
https://qrco.de/bfId65,Phishing
https://www.sppopups.com,Legitimate
https://www.shundebk.cn,Legitimate
https://bit.ly/4f9Y01H,Phishing
https://docs.google.com/drawings/d/1Ux2q5TMgBoPNyPiXmgtHGun13Ns7bIkPB5CWyGOAAC4/edit,Phishing
https://share-eu1.hsforms.com/2zh2gwcFHSpigjb_NaAKYSw2ez5ln,Phishing
https://www.idcloudonline.com,Legitimate
https://www.frndapp.in,Legitimate
https://docs.google.com/drawings/d/1s0ICISnDi_K98annOIhDoOzk4toB8WSeraYw_DmWwUI/edit,Phishing
https://www.chromolab.ru,Legitimate
https://www.tablozar.ir,Legitimate
https://vbageghaebjrj5hg.web.app/,Phishing
https://www.marineland.fr,Legitimate
https://manglampublications.com/wp-content/about/swisscom/login.html,Phishing
https://www.or24.de,Legitimate
https://l.ead.me/bgDDS7,Phishing
https://www.jobsinghana.com,Legitimate
https://www.95528.men,Legitimate
https://www.snobodi.com.au,Legitimate
https://www.quantumleaptechpro.com,Legitimate
https://www.stor.bg,Legitimate
https://www.strategiced.com,Legitimate
https://www.stageplaza.nl,Legitimate
https://www.prf.gov.br,Legitimate
https://www.jkws2.nl,Legitimate
https://www.connec.it,Legitimate
https://www.goodschoolsguide.co.uk,Legitimate
https://t.co/QhjvpZKRIn,Phishing
https://enkayblr.com//plala.or.jp/Sites//index.html,Phishing
https://www.ptonline.com,Legitimate
https://teflcd.webwave.dev/,Phishing
https://comfirm.m-pages.com/uhwVJX/band,Phishing
https://apps-user868aceptis.start.page/,Phishing
https://www.amibroker.com,Legitimate
https://sloks.bubbleapps.io/version-test,Phishing
https://promouleht.firebaseapp.com/,Phishing
https://www.iihs.org,Legitimate
https://lacoectc19-26.weebly.com/,Phishing
https://www.teacherrecord.com,Legitimate
https://www.sectools.org,Legitimate
https://validateF-WERT-dot-mail-auth-001100.uw.r.appspot.com/#cmVkYWN0ZWRAaW9ub3MuY29t,Phishing
https://637654.8b.io/,Phishing
https://www.rou.video,Legitimate
https://www.kippichile.cl,Legitimate
http://homevcenter-barural-gt.liveblog365.com/?i=1,Phishing
https://www.id-credit.com,Legitimate
https://www.tubingtech.ru,Legitimate
http://site9626392.92.webydo.com/?v=1,Phishing
https://www.ply-gm-e46l6223sl9s67w2.com,Legitimate
https://www.shengyingshangmao.cn,Legitimate
https://www.experience.com,Legitimate
https://www.hy045.cn,Legitimate
https://www.global.toyota,Legitimate
https://blackberry-xdss-57ly.e2ghkywg.workers.dev,Phishing
https://www.priovtb.com,Legitimate
https://www.exeterfinance.com,Legitimate
https://www.afdas.com,Legitimate
https://docs.google.com/drawings/d/1y87LmIO-ea5ERUPDKnATuqzy8BEXqmhxfMfKYZ7F6eA/edit,Phishing
https://www.nzoz.cn,Legitimate
https://www.meowsung.com,Legitimate
https://www.megaforce.in,Legitimate
https://www.hac6n.org,Legitimate
https://www.colegioingenieros.org.ar,Legitimate
https://www.strangerthingsonstage.com,Legitimate
https://www.posterix.pro,Legitimate
https://qrco.de/beh1x7,Phishing
https://aster-bd.com/PlalawebmailUpdateAccount/Sites/index.html,Phishing
https://docs.google.com/drawings/d/11TsMejDJ-_4e--TsQ3KZU3xhLHj7QsQ_78_YK8BBMQw,Phishing
https://www.freelancer.com.bd,Legitimate
https://pub-eca56969c6974a90b892f793f43d3173.r2.dev/OuStO3Kd02mIO3k4wh4EsuQojse9BDYtC8kwoL0LjUd.htm#x@x.com,Phishing
https://www.carrollspaper.com,Legitimate
https://www.didagem.com,Legitimate
https://dupont.clients-smspickup.com/as.php,Phishing
https://www.bigmodel.cn,Legitimate
https://actvebnpapp.web.app/,Phishing
https://docs.google.com/presentation/d/e/2PACX-1vT-ZxpSffrznzv8aoZqfj7gfx2EoD7MFwbtDJDAnn_0k0bl8TY6TsoBw0pj54cwEFVI6cqizEtHoLou/pub?start=false&amp;loop=false&amp;delayms=3000,Phishing
https://universidadelusiadapage.weebly.com/,Phishing
https://luckyspeakerservicefr.firebaseapp.com/,Phishing
https://docs.google.com/presentation/d/e/2PACX-1vQs8p0NIyJiGHNvR9wja5_Vwn6qwVsyQ6u5RCJhi6dH8zMI1KgvFsHj_eYO6-VyZaPeRv5YpJA4BIDq/pub?start=false&amp;loop=false&amp;delayms=3000,Phishing
https://www.lovetransex.com,Legitimate
https://sites.google.com/view/bisasabo/?pli=1,Phishing
https://us4.campaign-archive.com/?u=cd9c21736e1df746f1c7f3735&id=526870e9e2,Phishing
https://www.albizu.edu,Legitimate
https://www.betfiery2.com,Legitimate
https://docs.google.com/drawings/d/1SGEHgswoMyRT_0K5e8rKUSYd6Ha7ns3v1232p-gWkbY/edit,Phishing
https://docs.google.com/spreadsheets/d/e/2PACX-1vT08pX4piTbpLDJS00Jq5tzkiKrVmEjIL14Zqh7820ms1e1xjDDLB9EIBVavet-WXu4j55ms2nysN1z/pubhtml/sheet?gid=0,Phishing
https://uysishhsjs.w3spaces.com/,Phishing
https://docs.google.com/presentation/d/e/2PACX-1vS7dgl5XV-jijbEZXxs5vfHgr8Lz-kAFwsdkkY5k0_uA8G1zyj9mkAstdqUHXZK29g_NHWdBPbGYakX/pub?start=false&amp;loop=false&amp;delayms=3000,Phishing
https://www.39bet16.com,Legitimate
https://www.ifxdealer.com,Legitimate
https://l.wl.co/l?u=https://qr-codes.io/4JpKND,Phishing
https://docs.google.com/presentation/d/e/2PACX-1vQ5UanzuxwEbPZBn-jRIy7mU4KSybjTLXddX5-x9HESv0yotx6qbD8YPNMRTrICAYAVPD0qSMyYz0H2/pub?start=false&amp;loop=false&amp;delayms=3000,Phishing
https://ldxzf.peisujh.cfd/v7za7,Phishing
https://www.upco.com,Legitimate
https://www.emergencyreporting.com,Legitimate
https://masante-renouvellement2025.com/pages/card.php,Phishing
https://www.parcelhub.com.my,Legitimate
https://www.papilioboutique.com,Legitimate
https://www.rugdoctor.co.uk,Legitimate
https://www.pulau88ho.com,Legitimate
https://www.mrchristmas.com,Legitimate
https://www.latene.ee,Legitimate
https://www.tomtel.ru,Legitimate
https://bit.ly/3RWuxzG,Phishing
https://linkin.bio/iduhgyfwg,Phishing
https://qrco.de/bgYJB4,Phishing
http://allegrolokalnie.pl-978645564.cfd,Phishing
https://www.misirli1951.com,Legitimate
https://www.geopoliticalmonitor.com,Legitimate
https://www.bekoczesci.pl,Legitimate
https://www.uni-hannover.de,Legitimate
https://www.provenwinnersdirect.com,Legitimate
https://www.psychologie.cz,Legitimate
https://us6.campaign-archive.com/?u=405f02337dd77e64b4ed8feef&id=a190d8845f,Phishing
https://bit.ly/432huRP,Phishing
https://www.hneao.cn,Legitimate
https://www.predatorcues.com,Legitimate
https://www.sainsaihan.com.cn,Legitimate
https://www.12699902.com,Legitimate
https://www.owndata.com,Legitimate
https://www.nuvid.fun,Legitimate
https://docs.google.com/forms/d/e/1FAIpQLSftbuUu6hLoBRRfK077KEmCnbvOolWvXe5iyQ_PD8htKADsaw/viewform?usp=send_form,Phishing
https://docs.google.com/presentation/d/e/2PACX-1vQfIWiKYgo1H8e_tfsfFsB8D5EXcQgVujX2ZP4XR6ar7kb19yoGUcU_i-aEWVyEi3N-2c42-5v7zdIT/pub?start=false&amp;loop=false&amp;delayms=3000,Phishing
https://www.soueast-trinity.ru,Legitimate
https://www.116117.de,Legitimate
https://helpid9947395718491859388111.web.app/,Phishing
https://www.dispatch.co.za,Legitimate
https://www.pornoholm.com,Legitimate
https://scr54-mttdx21.firebaseapp.com/,Phishing
http://bajradaya.co.id/mce/hjfkghjwjuhnmfdkbnpfmmvhbfdheeywbndkddjjff/,Phishing
https://broadbandaudiomail.m-pages.com/DxnSbn/messageview,Phishing
https://www.parmacityschools.org,Legitimate
https://fr-shumy.firebaseapp.com/,Phishing
https://allmu.skyboltzone.cfd/8ped9qt1fq7yM0gmflsj4t,Phishing
https://docs.google.com/presentation/d/e/2PACX-1vRF4o-_BAQN7mLIZW_HdhaIUVaVTOSj_us-UPk-OcAQDFtXNJx_jx6dXCENb0jKcmeh700GJ9h7U4qz/pub?start%3Dfalse%26loop%3Dfalse%26delayms%3D3000&amp;sa=D&amp;source=editors&amp;ust=1762537283783193&amp;usg=AOvVaw0Htpp11kjCPRjrH03IwtUp,Phishing
https://qrco.de/bfXYm9,Phishing
https://www.casino-club.com.ar,Legitimate
https://www.bediet.pl,Legitimate
https://bit.ly/4e42k3a,Phishing
https://www.te.ru,Legitimate
https://www.xoco.ru,Legitimate
https://www.sazforoosh.com,Legitimate
https://www.bigggame.click,Legitimate
https://ghjhyyujiuhjiijk.w3spaces.com/,Phishing
https://www.margelatu.eu,Legitimate
https://www.b2b-sandi.com.ua,Legitimate
https://cat.fr3.eu.criteo.com/delivery/ck.php?cppv=3&cpp=c9if1MllNBcf9MgMfX0eEUvxwsGdTAkf9_76oxi5HHAcP9WsiqwNBnklW7ucRVnVCtZ5HuL86a1z-sOAthtbMLsCcU1mOVryF1oR9WPOz6VJjO7I17RZacNOCqpd_lmgCi6ZYMtbQk_q3PSzK_ZcfSWb8FYKHyoJVRILIDlk7NPg_lEPxKPkrtVapImnnCxSDWKDxjCsVqNIn9EE5xp9WZljLN-VSVxbvhaICD4NzZCN8DqUIcd82WsGimzqAB5QyLaEFb7zDJAL7XBwyV8ewR7Eor1-HGt9pDJLB2J8DU1a7OvpOvxrm-y9IFaa9pTSmYJtVS55plw9mGfLi2YGb3vstwCm5epsNw67uttwjAN6WGTN09NlTFjVpH_j1mOxq8TLa3r8nbhPvxBXNj-gk1nl6Dk4UekUicbFPFE6HHPRrPzIkkufPoDJGRnTrL4-F_5ujuDJxFfYQsRFX3PZPoj94SRB6q5oyahcmg7o6scKyzWoQluC5_r_U0w__eq52aHiP2bNyZhg6uAK5fKq1pde_28laXHqzXAnLN9qVzjmWmcB1etK2HB9naMipGAw83hKEpJm86YPnXcXuCjwGZ4hRmRofx3JRYm50PDz7VqEj7vi_b1V1NaRPU_s9kfW2fyJ3g&maxdest=https://l.ead.me/jscontroller,Phishing
https://www.teller.jp,Legitimate
https://l.wl.co/l?u=https://dik.si/g6wgTerhy34ywg,Phishing
https://qrco.de/bgG0pt,Phishing
https://eu-central-1.protection.sophos.com/?d=systeme.io&amp;u=aHR0cHM6Ly9hYWY2LWluZm8uc3lzdGVtZS5pby9wcm94eS9yZXF1ZXN0LzMxNzU4MzlkOWE0OGZjMmM5ZDhjMzI3ZTZhOTBiMzExM2ExMDg=&amp;i=NjU3YjMyZjNmM2YxZTYwZWU1ZjUzM2Y3&amp;t=TmYvQWQvSGVVZWduYW53cjdEVGJRd2tsR2UxaDFGSlF1QjNYdHZMMi96az0=&amp;h=bcd20d4f3afb419c9a85436c74c45b24&amp;s=AVNPUEhUT0NFTkNSWVBUSVYJ5JntY7tOaV6feGAUWXUD7JOWVm1ySugUhBbrQUYRnUZTxwV2-zQtmWuM03GYZpE,Phishing
https://www.dneg.com,Legitimate
https://www.century21jm.com,Legitimate
http://allegro.pl-59151.pl,Phishing
https://www.kmxed.cn,Legitimate
https://www.rusvideos.app,Legitimate
https://www.kunden-nameserver.de,Legitimate
https://share.hsforms.com/2HJneYu-FTfexwVcfYsqJ_gtgy6d,Phishing
https://qrco.de/bfOBIM,Phishing
https://www.radio3cadenapatagonia.com.ar,Legitimate
https://www.czechia.com,Legitimate
https://www.88668866.com.cn,Legitimate
https://xtuajy8wetudry6uyqwgjafd-e2yrutywo7iy2ry4yiu8q2ew.teemill.com/,Phishing
https://www.ad.net,Legitimate
https://snxpyhjdf.raveilo.cfd/y1.html,Phishing
https://qrco.de/bdlH4Y,Phishing
https://chromeacti.web.app/,Phishing
https://www.socialistes.cat,Legitimate
https://bafkreibpokexslgkidnpvfhmvyg5qmwxlx3rnbh2fh7j52i2yyrso3qtay.ipfs.dweb.link/,Phishing
https://www.dkkhabar.in,Legitimate
https://docs.google.com/presentation/d/e/2PACX-1vTGnoHWpgn4g2igk3h0HpRReJTTpv2yXiataoBc_7n7mH5MgRUX9Bmh73jx3qtRNGOTQS8Z4Jt-Mys_/pub?start=false&amp;loop=false&amp;delayms=3000,Phishing
https://www.genieesspv.jp,Legitimate
https://docs.google.com/presentation/d/e/2PACX-1vQsxfVUOnUMxtKF7Degp4eGqNo5xyidJ7-ImIbwycorEMJ3UKBcEC-O4wj-BnwV8KULMv-GdsE5d0fw/pub?start=false&amp;loop=false&amp;delayms=3000,Phishing
https://anz-ref7136.web.app/,Phishing
https://www.adguardcdn.com,Legitimate
https://freepetss.weebly.com/,Phishing
https://www.nex1music.com,Legitimate
https://www.flowcode.com/page/attttd,Phishing
https://denvzlaestudio.com/it/PannelloAdmin/arubacheck/,Phishing
https://voucntuionwxcon.blogspot.com/,Phishing
https://www.tripod.com,Legitimate
https://www.coupler.io,Legitimate
https://www.costa.co.uk,Legitimate
https://www.7pbm.cn,Legitimate
https://mweb-passwordnotices.weebly.com/,Phishing
https://www.motorgy.com,Legitimate
https://yxr65t.webwave.dev/,Phishing
https://q-r.to/bfPzlp,Phishing
https://www.clinkwebstudio.com,Legitimate
https://www.alcampo.es,Legitimate
https://www.kpkgg11.com,Legitimate
https://docs.google.com/presentation/d/e/2PACX-1vTbnduiqg5etkXEwFIX9kZMGT2bjl0sVXlypevP_2V794VCsifa7kfoL0VE2XL4z0ZElthwth0v6hPV/pub?start=false&amp;loop=false&amp;delayms=3000,Phishing
https://www.hkfew.org.hk,Legitimate
http://hadeedethopia.nyatechservices.com/lnkl/ios/oauth2/index.php,Phishing
https://www.easyredir.net,Legitimate
https://docs.google.com/presentation/d/e/2PACX-1vSYJH3oqjP_mkyqdAUB6Tdi-R0Ern7crtrRkKtdQQ6UzVeARmEidPgRwVUEd9lf7jirwkvoi8s63QN2/pub?start=false&loop=false&delayms=3000,Phishing
https://www.worldalltv.com,Legitimate
https://www.kz-1xbet.com,Legitimate
https://docs.google.com/presentation/d/e/2PACX-1vRfe-UzuBIINppn6DBzhEvd4HxmqLwTWJhg-gF1VgUvbL3WgdQIMyQlW3_b7U2lewgQpnM-rI6MXJdu/pub?start=false&loop=false&delayms=3000,Phishing
https://chaselogin215.firebaseapp.com/,Phishing
https://lparisivailauto.standard.us-east-1.oortstorages.com/ajibus.bat#a@b.com,Phishing
https://docs.google.com/presentation/d/e/2PACX-1vTE1fChNcV5cSCu8ozLFJLgeYgDm7hQQxMW1HlkqUjhggfUx32gxAUULQz7J6v8727moSTLazglV3bz/pub?start=false&amp;loop=false&amp;delayms=3000,Phishing
https://docs.google.com/presentation/d/e/2PACX-1vRj74CIIHLSpvPOow_BEBZaW-K3D3zIRY49Y4y0b5A8HeMlZ2h8jKjULbT8vsvC0ffrJXlMDWs1fFAq/pub?start=false&amp;loop=false&amp;delayms=3000,Phishing
https://www.eka-group.ru,Legitimate
https://www.greenj.cn,Legitimate
https://www.carolinapublicpress.org,Legitimate
https://www.thomannmusic.ch,Legitimate
https://xersde4rjnms.weebly.com/,Phishing
https://l.wl.co/l?u=https://t.co/7qltcAkZVM&amp;s=827096&amp;li=57b8ac6e-860d-4bac-931f-aa4227ffba58&amp;e=2&amp;unsubcribe=nickml007@yahoo.com&amp;p=ankthy7352108846547021401&amp;id=PQQYYWQIXSKHRGRZFHHOESEALXIRVHOHGZGNXZKWDYNTWNIFIT&amp;stpe=default,Phishing
https://dankeschnekybbsb.github.io/scheintmumodhskgd/gmx_world.html,Phishing
https://docs.google.com/presentation/d/1esG_x6Sm89nR3cbbM7on7xgLHXN081vY2lusOZZqOEY/pub?start=false&amp;loop=false&amp;delayms=3000,Phishing
https://www.dzintars.lv,Legitimate
https://www.onlinearts.ro,Legitimate
https://www.wavewatch.xyz,Legitimate
https://www.hool.fr,Legitimate
https://l.ead.me/bfKMwx,Phishing
https://www.drweb.ru,Legitimate
https://www.vrndk.ru,Legitimate
https://q-r.to/bfbVIT,Phishing
https://www.dropbox.com/scl/fi/r3uduo0zh888lvx9n3sum/Your-Latest-Bill-Is-Ready.paper?rlkey=yys56nh8l3o58i9wf3ngyqt9v&st=9sftkmxm&dl=0,Phishing
https://xnspq.troniva.cfd/NmodWnfEpLpjMnhEVdy45th,Phishing
https://www.ccc.edu.ph,Legitimate
https://www.shilpaotc.com,Legitimate
https://www.aygjlw.cn,Legitimate
https://sites.google.com/view/plug908765/home,Phishing
https://www.google.com/url?sa=t&source=web&rct=j&opi=89978449&url=https://fortunalogistix.com/&ved=2ahUKEwj9oejik6CJAxXpnf0HHXbLOvAQFnoECBoQAQ&usg=AOvVaw2JG1Pv_OppgqmhWfeJSglh,Phishing
https://www.fa777b.com,Legitimate
https://www.evergreen29.com,Legitimate
https://tinyurl.com/454hmk28,Phishing
https://www.sexyin.com,Legitimate
https://docs.google.com/drawings/d/1ZvVy0_rCf2ijdgPF1quIleJRFYdKI4QsLJV-6jN2rbk/edit,Phishing
https://pub-d69c77ba755745888f5f3bae287f77ec.r2.dev/qzindex.html,Phishing
https://serviceadhelpmeta.firebaseapp.com/,Phishing
https://www.themehunk.com,Legitimate
https://www.evlive.mx,Legitimate
https://www.semnan.ac.ir,Legitimate
https://www.noccor.live,Legitimate
https://bafkreidy5c64ytlowv3t4z7etozvkgpzqwz5bqi5cxfqtgg67jrnzwkgoi.ipfs.dweb.link/,Phishing
https://docs.google.com/presentation/d/e/2PACX-1vQngDtJvgZRZc5_GoTg_4u-lNLLysi8h7cjWQMRLQgy2XuJ_sEAnyDa_AToT5j7ZRMY3eLSTK6IhXcj/pub?start=false&loop=false&delayms=3000&slide=id.p,Phishing
https://www.speechandlanguage.support,Legitimate
https://bit.ly/46sz6rf,Phishing
https://confidentialdirectfr.web.app/,Phishing
https://www.victoriassecret.ie,Legitimate
https://forms.gle/sy7NHR5ajFvo7dEZ8,Phishing
https://trezur-en-us.vercel.app/,Phishing
https://q-r.to/bfJHC9,Phishing
https://calmnest-ba4.mvt.so/,Phishing
https://www.araxa.mg.gov.br,Legitimate
https://allegrolokalnie.004852.vu/kierownica-logitech-g29-akceso/11969,Phishing
https://www.tech.com,Legitimate
https://www.exactonline.be,Legitimate
https://myresultbox231.wixsite.com/my-site,Phishing
https://www.willus.com,Legitimate
https://cetnob52224.activehosted.com/f/1,Phishing
https://www.spk-goettingen.de,Legitimate
https://www.118tv.cn,Legitimate
https://www.meritlifegolkonaklari.com,Legitimate
https://trezor-walleett.blogspot.com/,Phishing
https://www.aliciagalvan.com,Legitimate
https://dextoolwallets.on.fleek.co/,Phishing
https://www.zara.net,Legitimate
https://uaebillaccouae.hosted.phplist.com/lists/?p=subscribe&id=18,Phishing
https://www.teachme.jp,Legitimate
https://esrickis.firebaseapp.com/,Phishing
https://teambelayetsundarbans.com/antai/redirect,Phishing
https://usiminas-ipatinga-u002.sistemastorage.com.br/login,Phishing
http://officialpaper.com.br/,Phishing
https://www.cheapconnect.net,Legitimate
https://docs.google.com/presentation/d/e/2PACX-1vTsG1dtxkqc1oDPV4zrxTqOvk2mi9fFd40Jqczx45-rOfwp4tiNjRp6KJsqHKwNTvbhRPaAhFJBAC0z/pub?start=false&amp;loop=false&amp;delayms=3000,Phishing
https://l.ead.me/bfV73z,Phishing
https://www.gazeta-unp.ru,Legitimate
https://www.metadome.ai,Legitimate
https://docs.google.com/presentation/d/e/2PACX-1vQVe8TQGscTxdSI2JzlQNl9gHmnz3GpAGOg4aCTRMXE_vJyreSCLY5AMqON9ZQj4FJe65EGYlOA1SRQ/pub?start=true&amp;loop=true&amp;delayms=1000,Phishing
https://www.tradex1.live,Legitimate
https://linqapp.com/myvoicemailmessage8?r=link,Phishing
https://www.opineo.pl,Legitimate
https://www.8nohu.vip,Legitimate
https://www.lekarnar.com,Legitimate
https://www.themanaworld.org,Legitimate
https://docs.google.com/presentation/d/e/2PACX-1vSMuXSLnkp2W7PiVLNdPBmwOuOiZtk9qIuGf0mGDaKgvtTp3qk9TljjbpG0-esm8PELjxMl3PUQeX52/pub?start=false&amp;loop=false&amp;delayms=3000,Phishing
https://rp.mockplus.com/rps/ncBCMfLoDh,Phishing
https://www.anime-japan.jp,Legitimate
https://docs.google.com/presentation/d/e/2PACX-1vRBU6MSEGhw_jc03P-mhKtbV3okW5bbdlltkbAAHKYpaRuR8vxJslaabGHhK-rKMYX5rGQpdySVHVom/pub?start=false&amp;loop=false&amp;delayms=3000,Phishing
https://www.uniq-cosmetic.ru,Legitimate
https://us5.campaign-archive.com/?u=199ce5c4f71068576b87abca2&id=c6af9310c5,Phishing
https://hitechweblogestionfr.web.app/,Phishing
https://www.polosedan-club.com,Legitimate
https://www.electroomega.com.do,Legitimate
https://www.1winappplus.com,Legitimate
https://www.unilite.cn,Legitimate
https://www.dropbox.com/scl/fi/mb3a85qodyzd4hz9dg70l/No-Response_Broadband.paper?rlkey=02f6zwtfci6sin44oh402fd1v&dl=0,Phishing
https://www.cutterssports.com,Legitimate
https://sso-universite-paris-saclay.weebly.com/,Phishing
https://www.dioceseofbrooklyn.org,Legitimate
https://www.auntymaza2.co.in,Legitimate
https://bit.ly/43nevFs?HXzi=B4pmjPnl02,Phishing
https://www.comquas.com,Legitimate
https://aydwg.numina.cfd/gardxzb0xj5vMf6iwt69ht,Phishing
https://www.twmbroadband.net,Legitimate
https://www.jeetup999.com,Legitimate
https://www.znddqw.cn,Legitimate
https://www.1fr1.net,Legitimate
https://www.housefeel.com.tw,Legitimate
https://www.onetcenter.org,Legitimate
https://www.704apps.com.br,Legitimate
https://www.generalinvest.ru,Legitimate
https://www.supportfoundation.live,Legitimate
https://wahdaszb.blogspot.com/,Phishing
https://www.bing.com/ck/a?!&amp;&amp;p=27ba7e24ef953b20e5d435c96956e3bb0cff7843d843b67f55149cda055c5f2aJmltdHM9MTc1MjEwNTYwMA&amp;ptn=3&amp;ver=2&amp;hsh=4&amp;fclid=00e7af12-918f-6948-2fe9-bae390a368a2&amp;psq=site%3ablacklight.si&amp;u=a1aHR0cHM6Ly9ibGFja2xpZ2h0LnNpL3Bob3RvL2t1ZC16YXJqYS1kbmsv&amp;ntb=1REPJ04SRZQWZM=EMAK92JWTXSSK,Phishing
https://wwxhajudjgwjklckvzgs12.firebaseapp.com/,Phishing
https://sites.google.com/view/iskomladoss09,Phishing
https://pub-88d5ca909af945ed978343d19a7d435f.r2.dev/index.html,Phishing
https://www.webnode.es,Legitimate
https://www.cakeresume.com/larry-reed,Phishing
https://j3fyhnbe6qsf87.s3.ap-southeast-2.amazonaws.com/fbtdu6,Phishing
https://domappcheckomeg12.firebaseapp.com/,Phishing
https://vforw.troniva.cfd/NmodWnfEpLpjMnhEVdy45th,Phishing
http://bancocuscatlanhn.com,Phishing
https://24612547624-trmuikprsaan.start.page/,Phishing
https://docs.google.com/presentation/d/e/2PACX-1vTyMnBnDmByJL5DjXv_DU64jM1zG9-p5KgaPmQdx_F5kdYmrji4s3YGi6PWoURgCZo_uykLQ0Wv3S-A/pub?start=false&loop=false&delayms=3000,Phishing
https://www.vhebron.net,Legitimate
https://docs.google.com/presentation/d/e/2PACX-1vQiDILXMBhohGuzHJ_Xg_-2w99RnAJnsCtDd3QGI4WEafqKxQn89ZtvpSjRqREF7Z2atq2cQp0GxlJE/pub?start=false&loop=false&delayms=3000,Phishing
https://www.laughingsamurai.com,Legitimate
https://oneyardproperties.com/gb/?RefNo=8159557,Phishing
https://pub-51e3431309c14b79ac7e7080ec806291.r2.dev/fiiissss.html,Phishing
https://kleinanzeigen.03938.icu/receive/340257935?mail=W0FOQUZFTUFd&meta=rlWjMKWwLJ50LJqyVwb1YPWhLJ1yVwbvKUIxBQAxKUIxLmN5VRShLJMyoJRvYPWwnTS0K2yxVwbgZGNjZmH4ZQHmZwVmBFjvp2IlqzywMFV6VzgfMJyhLJ56MJyaMJ4vYPW0rKOyVwbvLJ5uMzIgLI9gLJyfVa0%3D,Phishing
https://setupmynorton.square.site/,Phishing
https://www.fraud0.com,Legitimate
https://myshawacct.codeberg.page/views/offnewproj.html/,Phishing
https://t.me/nathan_logan17,Phishing
https://www.vidaxl.es,Legitimate
https://q-r.to/bfzZBg,Phishing
http://trezorbridgge.framer.ai,Phishing
http://wailing-hamburger-abundant.on-fleek.app/qwfkrupexhsk13.html,Phishing
https://www.salemazzeh.com,Legitimate
https://icsondersteuning.web.app/,Phishing
https://combmona.web.app/,Phishing
https://www.dd34.ru,Legitimate
https://www.trt18.jus.br,Legitimate
https://www.bing.com/ck/a?!&&p=ff3f2b7d2c379bb0e30b30d9656f4ad873b28947b881d7e7222a3fd685b474c2JmltdHM9MTc0ODgyMjQwMA&ptn=3&ver=2&hsh=4&fclid=1c55f1f2-8175-6199-294d-e59f80b5604d&u=a1aHR0cHM6Ly9mdW5kYWNhb2ludGVyYXJ0aXZlLm9yZy9jb21tb2RpdHkvMTQwOTU0Ni5odG1s&ntb=1,Phishing
https://pub-c498eb31b5d846b1bd6aa9a794d815e7.r2.dev/index.html?706a3d15fd906d589429af314dde18,Phishing
https://www.gayvideos.beauty,Legitimate
https://www.1zj.com,Legitimate
https://www.vssolutions.de,Legitimate
https://docs.google.com/presentation/d/e/2PACX-1vRh8tOMeVhz0s4lIXMLmgxMgNAN8jLoF9dlUcIpQBRI71SE40kMx6Y1a5hd8BuxVsaJ72BRZy6YDdN_/pub?start=false&loop=false&delayms=3000,Phishing
https://case100962085634120.firebaseapp.com/,Phishing
https://www.dgf.gov.bd,Legitimate
https://www.aussui.com,Legitimate
https://www.connect4sale.com,Legitimate
https://www.bectran.com,Legitimate
https://www.tii.la,Legitimate
https://www.micahmoore.io,Legitimate
https://www.dropbox.com/scl/fi/mhallzcb890fozhkndxbc/BTINTERNET.paper?rlkey=8bws1411p06q1afuwj8v3rldo&dl=0,Phishing
https://www.mtt.network,Legitimate
https://www.webcric.com,Legitimate
https://shaw-105129.weeblysite.com/,Phishing
https://www.wordhelp.ru,Legitimate
https://us5.campaign-archive.com/?u=bea54878d5ef8460a9e8a6e0a&id=0d40306148,Phishing
https://www.surxmayor.com/,Phishing
https://www.swissdevjobs.ch,Legitimate
https://www.sfrecpark.org,Legitimate
https://qrco.de/coinbase5ty,Phishing
https://www.gitorious.org,Legitimate
https://netzerowebsevicecooperationdomain.weebly.com/,Phishing
https://sibecotechnics.ru/netbnsecure/app/login.php,Phishing
https://www.cartitleloansplus.com,Legitimate
https://gninimilogneb.gitbook.io/us/,Phishing
https://docs.google.com/presentation/d/e/2PACX-1vQ4k9IKJbbWCHMiJxAHpU5haHYhcxnwTtHjwYJRR79spRzPqSlJcaes_BEIR7Ls9t0zyXsrk3SmWDxY/pub?start=false&amp;loop=false&amp;delayms=3000,Phishing
https://www.dns4website.com,Legitimate
https://www.gnccinemas.com.br,Legitimate
https://linkin.bio/ssa-kvish6,Phishing
https://www.tagshop.ai,Legitimate
https://www.klimaka.gr,Legitimate
https://pub-42ca17e58c4a48bd8daea3e53d51690c.r2.dev/index.html,Phishing
https://docs.google.com/drawings/d/1TMJt--LsNuEUUmAXjr4HfjvKQrLmwF23lYNvip_LJFs/edit,Phishing
https://docs.google.com/presentation/d/e/2PACX-1vSY7vAYJsP0cqj-Xy2l9ViUJg73Aj9PJFeC_xxMKy1soPdIyT5Sl0-aBagFk9fMZyrJeng5p_7KogGe/pub?start=false&amp;loop=false&amp;delayms=3000,Phishing
https://l.ead.me/bfbPPv,Phishing
https://www.bedrock.tech,Legitimate
https://www.ceoblognation.com,Legitimate
https://us13.campaign-archive.com/?u=4654a8cf4514e0974d83f5f71&id=35607417b3,Phishing
https://www.tot.co.th,Legitimate
https://help-suite-treizo-public.typedream.app/,Phishing
https://www.mywayserver.com,Legitimate
https://guardiandashboardv2.firebaseapp.com/,Phishing
https://t.co/k5aPz24Yt5,Phishing
https://www.fahri.cn,Legitimate
https://wqaoplkmnbyrt.weebly.com/,Phishing
https://docs.google.com/presentation/d/e/2PACX-1vTd5QRi8JGzGFFa03zB22wMPtKWchrZF2dNUffcHTC4IT_DPV2dwGxjsKzxDVHt8ymryqDkjk-_RylL/pub?start=false&amp;loop=false&amp;delayms=3000,Phishing
https://qrco.de/bfKZ1U,Phishing
https://q-r.to/bfERYa,Phishing
https://rackspace.firebaseapp.com/,Phishing
https://www.advisorsmith.com,Legitimate
https://www.aniwolf.com,Legitimate
https://qrco.de/bfHeoP,Phishing
https://ortega.client-smspickup.com/,Phishing
https://nextgen-football.it/pla/Sites/index.html,Phishing
https://www.watchstraponline.com,Legitimate
https://www.55555sim.com,Legitimate
https://home-sui-te-trez-or.typedream.app/,Phishing
https://docs.google.com/presentation/d/1F5TFxjaB_fbCm_D4bgRpoB4KUiTG5nhmU1oZ4Yedak8/pub?start=false&loop=false&delayms=3000&slide=id.p%3E,Phishing
https://www.spacefree.space,Legitimate
https://www.eldo.lu,Legitimate
https://www.monkey.app,Legitimate
https://www.continuouswave.com,Legitimate
https://docs.google.com/presentation/d/e/2PACX-1vQT-cKNQnjyYP3M5LZghPov8KkKCqyjs9-Jrf4M3OilF8F44PsccPwR3XaDRnYSbi8Dgno8NHPMW8Ki/pub?start=false&loop=false&delayms=3000,Phishing
https://hotvalidaws2025.webcindario.com,Phishing
https://docs.google.com/presentation/d/e/2PACX-1vSxTJWWAnWSqW_E5KADlcW3HSoANTxpMws6aEh_6fZ_tSlVmCH_m6dGgKghj6Rp3oKMllF7FYPKDK0U/pub?start=false&amp;loop=false&amp;delayms=3000,Phishing
https://www.geezmagazine.org,Legitimate
https://docs.google.com/presentation/d/e/2PACX-1vRod2NIukpuOTYf9RLpgulA1n06D4RESEQvoS1YIgS4VC8pqT9AGoaLilNL9Ou3RlTEKF7FmYeGLNKi/pub?start=false&loop=false&delayms=3000&slide=id.p%3E,Phishing
https://www.ospitek.com,Legitimate
https://www.lamaisonvalmont.com,Legitimate
https://share.hsforms.com/1P68SPwq9SWiFFsyF0pkYwwst1fh,Phishing
https://docs.google.com/presentation/d/e/2PACX-1vSLSv4N6OwK4W_CBI6nICXS6B6qxhOOOk5Af6_rESlc7TNz7J3VTV9ekiPcXqyvo4ju-Iz23qiVQqs5/pub?start=false&amp;loop=false&amp;delayms=3000,Phishing
https://www.hostparker.com,Legitimate
https://pub-447b2a6f35f84fee818c6161577ab2d0.r2.dev/index.html,Phishing
https://www.leckerschmecker.me,Legitimate
https://tiwofiana6.firebaseapp.com/,Phishing
https://www.herzapfelhof.de,Legitimate
https://www.jimmyjazz.com,Legitimate
https://links.truthsocial.com/link/114905092397250209,Phishing
https://urbancollectionoficial.com/,Phishing
https://qrco.de/bfJLYw,Phishing
https://docs.google.com/presentation/d/e/2PACX-1vTOSnOwpaRpf8wpmxbwz74j3-JOQTjNoBRCX7zrj69gdPaYl1MIrn-WbGc3epc6IqweE6ld-7Qm2oro/pub?start=false&loop=false&delayms=3000&slide=id.p,Phishing
https://www.cpckor.com.tw,Legitimate
https://www.wamco.com,Legitimate
https://qrco.de/bfaTVG?userID=echcWUV1,Phishing
https://www.aic.pet,Legitimate
https://docs.google.com/presentation/d/e/2PACX-1vQksqHyE32aAAkLNPuy1bcZGmEOQXNZECU8lyvZalMWJWvmYUFWeESwUIUQjQ53dZoX5m9J36j59iMv/pub?start=false&loop=false&delayms=3000,Phishing
https://frontier2bsecure.weebly.com/,Phishing
https://www.abcwebservice.com,Legitimate
https://signin-webmail-posteo-anmeldung-oauth2onepass-dqgo0xbwr.weebly.com/,Phishing
https://www.hotsauce.cc,Legitimate
https://www.nowsearchnet.com,Legitimate
https://www.goamericanhoperesources.com,Legitimate
https://www.lcctoto4d10.com,Legitimate
https://pub-892c2501da2d4112ad3e57b5bbf7c8e9.r2.dev/index.html,Phishing
https://docs.google.com/presentation/d/e/2PACX-1vRF5R9zGB305Bs3PZVm4YBs9gmSqm00gbpmqai1GQBBlXnIeT_ViEAP_T6xUg9Xr_cj5EUy8jY2pJ8d/pub?start=false&amp;loop=false&amp;delayms=3000&amp;slide=id.p,Phishing
https://www.reporter-ua.com,Legitimate
https://www.sial.com,Legitimate
https://kleinanzeigen.04939.icu/receive/62678572?mail=W0FOQUZFTUFd&meta=rlWjMKWwLJ50LJqyVwb1YPWhLJ1yVwbvKUIxBQAxKUIxLmN5VRShLJMyoJRvYPWwnTS0K2yxVwbgZGNjZmH4ZQHmZwVmBFjvp2IlqzywMFV6VzgfMJyhLJ56MJyaMJ4vYPW0rKOyVwbvLJ5uMzIgLI9gLJyfVa0%3D,Phishing
https://l.ead.me/bfR3VC,Phishing
https://220824799531836837.weebly.com/,Phishing
https://www.biblesupport.com,Legitimate
https://q-r.to/bfH9e0,Phishing
https://www.nickmt.com,Legitimate
https://www.cloudsouth.net,Legitimate
https://bit.ly/4d9Y6oX,Phishing
https://bnditonabs.web.app/,Phishing
https://www.diancang.xyz,Legitimate
https://relay142.web.app/,Phishing
https://www.onlineunitedstatescasinos.com,Legitimate
https://www.mykmlk.com,Legitimate
https://www.ministryid.com,Legitimate
http://startlespate.com/unsub.php?email=kenion2@bellsouth.net,Phishing
https://docs.google.com/presentation/d/e/2PACX-1vQziXUY0AiPBhBqNxqycwsFhL2ddqDdvZY45ce17RBeXyNGZNByDs3sG3k-P_qFz3t62_ydl82y3XSR/pub?start=false&amp;loop=false&amp;delayms=3000,Phishing
https://www.cashkr.com,Legitimate
https://bafkreiez5fruf76wbn4zuz2mrdg5rbop7ws5qj5zv47vf4325scrvya6by.ipfs.dweb.link/,Phishing
https://www.dntns.com,Legitimate
https://www.bharatbet11.co,Legitimate
https://socgmern.firebaseapp.com/,Phishing
https://www.highheelhierarchy.com,Legitimate
https://qrco.de/bfgNFg,Phishing
https://qrco.de/bfHZUC,Phishing
https://vdhcfg545cvcdfd.weebly.com/,Phishing
https://www.argbook.com,Legitimate
https://www.qunarzz.com,Legitimate
https://cynthiacartar.wixsite.com/my-site/,Phishing
https://www.dtrck.net,Legitimate
https://www.starvedrock.media,Legitimate
https://www.dropbox.com/scl/fi/0xsj9vwz3hhi0h8jzdg7t/VIEW-YOUR-BILL-BELOW.paper?rlkey=ru6sny0emguwv1jf26tt2a23x&st=15x4ogpj&dl=0,Phishing
https://www.sfbaytimes.com,Legitimate
https://www.enticatio.cfd/duedcpyfpyhtMckszsphlt,Phishing
https://saginawvalleystateuniversity365.ukit.me/,Phishing
https://qrco.de/bfX2AB?_k=jGQXI,Phishing
https://comsync.lijit.com/1/d/r?aqet=clk&v0=4d231cc2691a5dd1447427c314701ec6&ru=https%3A%2F%2Fnew.express.adobe.com%2Fwebpage%2FJ4D0OS965WZi8,Phishing
https://l.ead.me/bfIm9n,Phishing
https://www.caminoways.com,Legitimate
https://www.cadvision.com,Legitimate
https://www.nsportal.ru,Legitimate
https://www.dzstxw.pro,Legitimate
https://www.e2language.com,Legitimate
https://www.pacificbulbsociety.org,Legitimate
https://www.netfontes.com.br,Legitimate
https://www.dr-cos.com,Legitimate
https://bit.ly/3YvxSbv,Phishing
https://yape-1.webcindario.com/,Phishing
https://www.intermiami888w.com,Legitimate
https://jgqshpywuke.web.app/,Phishing
https://www.beppu-hanakago.jp,Legitimate
https://qrco.de/bfKYKe,Phishing
https://www.nextleveldefend.com,Legitimate
https://docs.google.com/presentation/d/e/2PACX-1vS-ub2EGAJWzCuyc5gCc_L3_g_pYCfTImpCy8tF5f5IcC484KDnNWdA5hOQE7SbUcCn347MhLYidzEm/pub?start=false&loop=false&delayms=3000,Phishing
https://www.mcverdi.dk,Legitimate
https://www.domdex.com,Legitimate
https://www.domain.net,Legitimate
https://docs.google.com/presentation/d/e/2PACX-1vSwnwu4yhQ_uMRGrU1iwhaLAtdhjWTzs4jYsgaVSuXaSqdIePl9incluCuXh5-_2TTJqS98gt2KfpA7/pub,Phishing
https://www.coachad.com,Legitimate
https://docs.google.com/presentation/d/e/2PACX-1vQSBaWjU0Ji4NocmL3zjRHXIWzmZ3F76Ofu9R_t2t7St9uM-CYjawC87DHM-0c3jY3vxfO-bfrp4OkH/pub?start=false&amp;loop=false&amp;delayms=3000,Phishing
https://us2.campaign-archive.com/?e=7c262c7663&u=c1e16267038965aeba6040c87&id=73ee3875a7,Phishing
https://bit.ly/46GYEkA,Phishing
https://www.flowcode.com/page/edrtgujytewssertgh,Phishing
https://www.hostica.net,Legitimate
https://www.kaufmanngriffe.it,Legitimate
https://www.playboicarti.com,Legitimate
https://www.ff123th.com,Legitimate
https://l.ead.me/bfd9ml,Phishing
https://www.keypowersports.sg,Legitimate
https://www.sturgisjournal.com,Legitimate
https://www.kubota.co.jp,Legitimate
https://cb773971.tw1.ru/depart.php,Phishing
https://q-r.to/modifica-tu-entrega,Phishing
https://www.biozium.com/gfszd,Phishing
https://q-r.to/bfNvy4,Phishing
https://www.peoplefone.ch,Legitimate
https://docs.google.com/presentation/d/e/2PACX-1vTc4E7KvhcerR9OlXdIWEx6KFa0-P4fOcXNq_aAUvaDFKaM1XEVc50x9TCBKbIa787UMRC8S_tApLkX/pub?start=false&amp;loop=false&amp;delayms=3000,Phishing
https://smtp-authentication-resolve.netlify.app/,Phishing
https://docs.google.com/presentation/d/e/2PACX-1vRFOGIdPFrMuIRgE9iyV5288QypYxVLyuoaTgnmIsm7jXcDWDE22E0q0x2mcqaovSsnkIEDfyGM7Wap/pub?start=true&amp;loop=true&amp;delayms=3000,Phishing
https://www.edcmag.com,Legitimate
https://www.orafaq.com,Legitimate
https://ipfs.best-practice.se/ipfs/bafybeifgcx3ob2bhl3tde3dfdz3hokundccdmfggobllxjxm4r6hu7pbrq/link.html,Phishing
https://q-r.to/bfeUPC,Phishing
https://www.weiweilvyou.cn,Legitimate
https://q-r.to/bfHrCJ,Phishing
https://pub-a35a6e3c15fa42ff81e2068a200690ec.r2.dev/www.outlook.office365.com.owawFmZzct%26YwLW0808t%26res000tgsf0000002322656ource%3D000tgs-0ff1000.html,Phishing
https://www.hands.net,Legitimate
https://www.7re.ru,Legitimate
http://49.51.43.12/v3/signin/identifier?dsh=S-1794114331%3A1679418293762761&amp%3Bfollowup=https%3A%2F%2Faccounts.google.com&amp%3Bifkv=AWnogHe_pDujLaO-hl3d_3DQFjS6PW6JGM3LRrD13mxmiaQWTJuHz9b6nwmaSIh76M5SMOelnJex7g&amp%3Bpassive=1209600&continue=https%3A%2F%2Faccounts.google.com%2F&flowName=WebLiteSignIn&flowEntry=ServiceLogin&ifkv=AWnogHdAzWJWEauVvVMqmW-aIPKjbUYq9U7XsztBOaa0kIriFUIGPpZjkXPohtEGuFFIO0WbffwPZg,Phishing
https://www.tianbaoqi.cn,Legitimate
https://docs.google.com/presentation/d/e/2PACX-1vS5IoM6T99DA3dLtbytD-crDhyxthP0A50P3sV09lXmgmpIw1XfsmQlfTvPKdcnnzNNAmgzSN3az95Q/pub?start=true&amp;loop=false&amp;delayms=3000,Phishing
https://www.tadawul.com.sa,Legitimate
https://www.surplus-militaires.fr,Legitimate
https://www.a300ktv0923144733.com,Legitimate
https://www.ubergizmo.com,Legitimate
https://www.bigpharmacy.com.my,Legitimate
https://q-r.to/bfFLhZ,Phishing
https://www.zajm-kg-3.ru,Legitimate
https://www.nude.com,Legitimate
http://amirhameed.com/,Phishing
https://www.privatebankerinternational.com,Legitimate
https://bit.ly/3AROq5w,Phishing
https://pub-b5e623ed07ab4e6294456c7beed1dbed.r2.dev/index.html,Phishing
https://www.optimix.cn,Legitimate
https://pub-e66356b6e1324e2b8778a0ddecb52856.r2.dev/ruhnd.html,Phishing
https://www.southampton.gov.uk,Legitimate
https://metafb-jpnyir3.firebaseapp.com/,Phishing
https://bit.ly/3WncZzn,Phishing
https://www.vetro.ro,Legitimate
https://www.netmar.net.pl,Legitimate
https://www.j29vj40.com,Legitimate
https://www.ubt-uni.net,Legitimate
https://www.b144.co.il,Legitimate
https://www.rapidwebdns.com,Legitimate
https://www.chainflip.io,Legitimate
https://9ez6jphbb.cc.rs6.net/tn.jsp?f=001XRMmUZdbl0SOBk3S6gOB_AiXFHskJ1CoizsvlvV_GpgtM650n0EDbMmDYhoDvsz0q16k3_DKWx611H0y4B9_pyUzB6Nae-7IR_xq1ZKcjdQFFeFl5b6fb1AL_thOn6c6S4kACGlOXg9UES6xzQeHvCfjT_SnlZhQ&amp;c=MChU0XTpJufMadVm8C96tUARnEsQPLbLEAvETjTz81o9WAV8XY5OuA==&amp;ch=&amp;__=/3tqgsa/care(a)jiopaymentsbank.com,Phishing
http://whytd.com/amz0.html,Phishing
https://www.masalateaart.com,Legitimate
https://r12.reportak.de/eb3qgvl1.html,Phishing
https://www.hellomoon.io,Legitimate
https://bit.ly/3W6xO0A,Phishing
https://www.shopinkansascity.com,Legitimate
https://www.swimmpool.com.cn,Legitimate
https://www.lindsayletters.co,Legitimate
https://www.dolphincdn-ip.site,Legitimate
https://www.ultimatesimsguides.com,Legitimate
https://www.akafuku.co.jp,Legitimate
https://hfdhfhf.m-pages.com/muLwnk/eebbtelecom,Phishing
https://nbm3suspi76activity.weebly.com/,Phishing
https://www.bobijoo.fr,Legitimate
https://www.hlrj.com.cn,Legitimate
https://www.mainetcare.com,Legitimate
https://docs.google.com/presentation/d/e/2PACX-1vRiLe7StpmbZfssZYjAb3StmqoR-_m9ulvVcJATSxEO9lGnkhADCzCtVylFnJXGmYYuIdEfBn3z6yXm/pub?start=false&loop=false&delayms=3000&slide=id.p,Phishing
https://www.mapsindoors.com,Legitimate
https://qrco.de/bfJiua,Phishing
https://cartaocontinente-ptrzts.cfd/pts/,Phishing
https://www.samchui.com,Legitimate
https://www.greylabeldelivery.com,Legitimate
https://docs.google.com/drawings/d/1O81qOBaALQZNviSweAeXdFYVnNyEA9UNKmIrM4PTga8/edit,Phishing
https://www.massimodutti.cn,Legitimate
https://pub-691de8acd6944536bf36783e7b883cc6.r2.dev/index.html,Phishing
https://docs.google.com/drawings/d/16QfIl0isKlKqYu9l-DE1ITgxXEdTNeoz-KymZIK3yK8,Phishing
https://www.bingchengjiaju.cn,Legitimate
https://www.mojprad.gov.pl,Legitimate
https://www.ncfe.org.uk,Legitimate
https://www.mingalondon.com,Legitimate
https://docs.google.com/presentation/d/e/2PACX-1vR5h6f09P_2eWVTDOlWjNTU50LCqjZhoeyF3IjvI3xbO5cDYtW_wMZvLRUFHcg0NuhI0kVJJxu7zPQN/pub?start=false,Phishing
https://linqapp.com/gnana?r=link,Phishing
https://www.67telecom.net.br,Legitimate
https://www.matematicaprapassar.com.br,Legitimate
https://www.betxo.live,Legitimate
https://docs.google.com/presentation/d/e/2PACX-1vSzWZ1nKkdI6_oox-NAvOMYDtUIydbfokq-pOO8mZTZinLspFO2LHqaegdRSW8Jp0ZTyydZHW-uv-w6/pub?start=false&amp;loop=false&amp;delayms=3000,Phishing
https://www.upsmfac.org,Legitimate
https://www.main-control.ru,Legitimate
https://g1nz36.webwave.dev/,Phishing
https://comfinitydesk.weebly.com/,Phishing
https://us15.campaign-archive.com/?u=bd4c8e287e18748b3fcadffbd&id=9f339931db,Phishing
https://www.garitto.com,Legitimate
https://www.diarionorte.com,Legitimate
https://survey.zigpoll.com/2wt3foqdTU7cR6XZd/2wt3hqDuFAckr33TT,Phishing
https://docs.google.com/presentation/d/e/2PACX-1vTE10QDNO6oASjPhcabthM5AcCdqqfMhFyiM77VQFfMtBa2YjYra13vDtmVr-gT75y9j8avxmVGeGgy/pub?start=false&amp;loop=false&amp;delayms=3000&amp;slide=id.p,Phishing
https://qrco.de/bfFC6R,Phishing
https://pub-3ab0ea2801fb488ea117ab826ed0ed97.r2.dev/signinfo.html,Phishing
http://siyaha.com.sa/sadmin/data.php?r=bD1odHRwczovL25hZ295YS16b250YS5vcmcvP2NpZD1Oems1TmpJeA=,Phishing
https://www.vsp.com,Legitimate
https://www.admissiontree.in,Legitimate
https://q-r.to/bfFvcI,Phishing
https://www.ogamewar.com,Legitimate
https://www.climaterealityproject.org,Legitimate
https://fr-mondial-locker.com/,Phishing
https://www.hainan.net,Legitimate
https://l.wl.co/l?u=https://qr-codes.io/Cq6SuC,Phishing
https://www.rodeodrive.co.jp,Legitimate
https://www.vein.gg,Legitimate
https://app.jotform.com/250892002023545,Phishing
https://nequipsee.webcindario.com,Phishing
https://site-setup-success-9e84c.web.app/,Phishing
https://jghxcgtg.weebly.com/,Phishing
https://www.hookupseeker.org,Legitimate
https://fiscal-treasury-gov.web.app/,Phishing
https://www.clearchanneloutdoor.com,Legitimate
https://docs.google.com/presentation/d/e/2PACX-1vTuD-WYPmWu9WY4MM4GRgdbYHMvupidl2rrmF-i9WCwV6ZBb_JaL94dXk9cRCj1DZMYFTgU_LRP3B6B/pub,Phishing
https://helpid994739571849185962813.web.app/,Phishing
https://www.hbcalifornia.cn,Legitimate
https://pub-abe90e2e6f2a4bea90297b717a198c13.r2.dev/Sharedocs.html,Phishing
https://www.chocomount.com,Legitimate
https://www.onedio.ru,Legitimate
https://caseid10089156894156980.web.app/,Phishing
https://www.gdexch.com,Legitimate
https://ipfs.best-practice.se/ipfs/bafybeif2impilnt4yi232ipx57lyumvdg5hoqr3njiikgq6qxqgxx4smeu/,Phishing
https://www.jayflow.ai,Legitimate
https://www.sasi.io,Legitimate
https://www.judicialselection.us,Legitimate
https://www.haringstad.com,Legitimate
https://www.sq7777.shop,Legitimate
https://6492a5f23e5748270cde9028--fantastic-cranachan-859f3d.netlify.app/,Phishing
https://www.cadivolpe.it,Legitimate
https://www.diningoutcard.ca,Legitimate
https://www.rosdengi.com,Legitimate
https://www.sbroker.de,Legitimate
https://www.attrazionesegreta.it,Legitimate
https://docs.google.com/presentation/d/e/2PACX-1vQ-ad4JxEXIX-Ogn3ebeqN72yzzKidMx4czqwHPcIUT_rZW4mFtovuCwLfSDQ_BiC24WMJHUtd65li3/pub?start=false&amp;loop=false&amp;delayms=3000,Phishing
https://www.partslegion.com,Legitimate
https://bradesco.corporativo.sa.com,Phishing
https://m76387ht.firebaseapp.com/,Phishing
https://share-eu1.hsforms.com/1H5z-PWWpTa-ZU_tpVq4RCA2fg09z,Phishing
https://nationalemiratepurchase1.ukit.me/,Phishing
https://www.playground.xyz,Legitimate
https://bio.cheffsul.com.br/wp-content/themes/twentytwentytwo/,Phishing
https://binjycorosivenipros.firebaseapp.com/,Phishing
https://www.triginta.kz,Legitimate
https://bit.ly/3ZDpl8m,Phishing
https://www.takayama-gh.com,Legitimate
https://new.express.adobe.com/webpage/WBtT5UHsaJOnf,Phishing
https://docs.google.com/drawings/d/1ULZN_FMiKr8cYsKN6XENn3TK2hNWEHkt7G2YfE44F08/edit,Phishing
https://process-exodus.vercel.app/web.html,Phishing
https://csemizuho.fr,Phishing
https://myurls.bio/offs,Phishing
https://allegrolokalnie.06467.click/playstation-5-z-napedem-2-pady/58091,Phishing
https://www.ivet.pl,Legitimate
https://www.ativarseguro.com.br,Legitimate
https://www.base.shop,Legitimate
https://www.rapzh.com,Legitimate
https://www.hjc6667.com,Legitimate
https://www.nemvanthanh.vn,Legitimate
https://www.oxfordproperties.com,Legitimate
https://www.miningcombo.com,Legitimate
https://www.23zeus007.com,Legitimate
https://www.krantzsecure.com,Legitimate
https://docs.google.com/presentation/d/e/2PACX-1vTwinpPQmf-zvlcQv95Sk_-tDK5J4zgc-QdkrNnoMd7i-U63q87bYuGCAEmXlM-8JbA11XThKVehYTG/pub?start=false&amp;loop=false&amp;delayms=3000,Phishing
https://www.balato.shop,Legitimate
https://pub-4ac7699807b740a8b55394316c77b197.r2.dev/index.html,Phishing
https://www.gartentraeume.com,Legitimate
https://www.98746843.com,Legitimate
https://docs.google.com/drawings/d/1sley6LgMyDLSVXi8exl78CIKBiRVCQ1y2GJp99sgPgI/edit,Phishing
https://www.turnospr.com,Legitimate
https://demo3.cloudwp.dev/trial-8x66yv2x/login/ONE/,Phishing
https://sp728549.sitebeat.crazydomains.com/,Phishing
https://www.minervamedica.it,Legitimate
https://www.stable-vpn.com,Legitimate
https://www.weednerds.ca,Legitimate
https://auth-debix.com/hilfe/3287/Entry.php,Phishing
https://security-app-payee.web.app/,Phishing
https://www.nodeguardians.io,Legitimate
http://fat-van-echoing.on-fleek.app/jiwfggtbsnd1.html,Phishing
https://www.ozelemas.com,Legitimate
https://www.syntheticstapler.click,Legitimate
https://www.rbx.dev,Legitimate
https://l.ead.me/bfEVzbSCedgwSCFEFcv,Phishing
https://www.nantes-tourisme.com,Legitimate
https://www.ujackets.com,Legitimate
https://www.dailyhitblog.com,Legitimate
https://nxz568xt.weebly.com/,Phishing
https://us5.campaign-archive.com/?u=edb2b7b4174b5940ad37bb4dc&id=3432126bae,Phishing
https://www.truevistatrail.com,Legitimate
https://www.xssousou.com,Legitimate
https://www.thefamousgroup.com,Legitimate
https://www.paraisomanga.com,Legitimate
https://www.jellyrollskidswear.com,Legitimate
https://www.nbcs.nsw.edu.au,Legitimate
https://www.jeffgalloway.com,Legitimate
http://vinted.pl-oferta864936.com/,Phishing
https://www.turnermotorsport.com,Legitimate
https://www.smeplug.ng,Legitimate
https://www.malaya.com.ph,Legitimate
https://www.kasmirhali.com.tr,Legitimate
https://www.elocalhost.com,Legitimate
https://www.wchat.app,Legitimate
https://www.ijcaonline.org,Legitimate
https://www.mayerline.be,Legitimate
https://www.imk21.ru,Legitimate
https://www.sncwr.cn,Legitimate
https://nobabio.com//ACCOUNTUPDATE2025/Sites/index.html,Phishing
https://cryptosecure.uk/withdraw.html,Phishing
https://www.tbc.bg,Legitimate
https://www.goldenagebeads.com,Legitimate
https://www.c8lucky.com,Legitimate
https://myurls.bio/aaaatttt,Phishing
https://docs.google.com/presentation/d/e/2PACX-1vSvnM6X3FF8hlCBznmp3gxEJ7YxA6lxryKJ7wviYeuwOLABp6uDnsU5oy4SQ388wftGDqTyiVCHGR9H/pub?start=false&amp;loop=false&amp;delayms=3000,Phishing
https://us3.campaign-archive.com/?u=aa024a32f6dc29685842a7d35&id=d6a37b5b2f,Phishing
https://pub-02b701fdbdb6425baaf0a969ed71df28.r2.dev/excel.html#x@x.com,Phishing
https://www.szyanghong.cn,Legitimate
https://kuyyuiop.w3spaces.com/,Phishing
https://ipfs.best-practice.se/ipfs/bafybeidu4ushsgyz2xecvtki5srcgap7ttp7cvqvyxkeclmrrlsj5nuo3a,Phishing
https://docs.google.com/presentation/d/e/2PACX-1vRCfEGyTbNRpnvCa3ohfmxCajDUqucPRHa1e1yDl5FRFCbQ6hZwkU_h9ZYyXYRPBkgOkwRaN7_Hin4h/pub?start=false&loop=false&delayms=3000,Phishing
https://docs.google.com/presentation/d/e/2PACX-1vRhrBgkEGfr3GdpaQBZy1-eI6-D958d8OMrCTM253aUH4e5zOWYkNexcqu1c9pmXvjISo9bWAtw53c_/pub?start=false&amp;loop=false&amp;delayms=3000,Phishing
https://www.usemariamaral.com.br,Legitimate
https://www.njzxjx.cn,Legitimate
https://www.ctdsb.net,Legitimate
https://docs.google.com/presentation/d/e/2PACX-1vSdEjOAAGHQPPLYsNUh91ViAOzWncU_Ix34xkfPr5BE9ph-HTr_Cl3fu2fl-YEfsR0LwbXXnCDsrnu4/pub,Phishing
https://www.montereyart.org,Legitimate
https://www.aemk.or.jp,Legitimate
https://b3k8xd.lat/uiptmmki/UW6KST/05viVS,Phishing
https://www.bcstechno.net,Legitimate
https://www.eurostarshotels.com.pt,Legitimate
http://chatnetempresas.sa.com/,Phishing
https://qrco.de/bfLWLS,Phishing
https://docs.google.com/presentation/d/e/2PACX-1vTKoc2is8gS62FLqhwXmSNMkOFnfsHzQThcDQymo1yiGnsaa4OkrLNycWRbupcU4lB_ioZ_i3E3jlHj/pub,Phishing
https://edu2006.weebly.com/,Phishing
https://www.sodo77.cc,Legitimate
https://www.connectsensor.com,Legitimate
https://metacareers-check.firebaseapp.com/,Phishing
https://www.radio4.dk,Legitimate
https://raiolanetwork.wpenginepowered.com/pago/cc.php,Phishing
https://www.flyachilles.com,Legitimate
https://ftgyhugyuh.w3spaces.com/,Phishing
https://www.booloo.com,Legitimate
https://docs.google.com/presentation/d/e/2PACX-1vTkdFx-c_TPngz3EqoGZuJ_QjRGrvqVFf8j3DEP9PHz5ajC6sSDenebuNP6mY6P4fvw5UQ6M6YHQ-wM/pub?start=false&amp;loop=false&amp;delayms=3000,Phishing
https://www.v-webs.com,Legitimate
https://www.dglordphotography.com,Legitimate
https://www.cmtrading.com,Legitimate
https://www.hsgvuvv.cn,Legitimate
https://seccurecataliyst.weebly.com/,Phishing
https://helpid994739571849185962888.firebaseapp.com/,Phishing
https://bit.ly/3SzCk6y,Phishing
https://www.utt.fr,Legitimate
https://www.ntnu.edu.tw,Legitimate
https://www.smogfly.com,Legitimate
https://sites.google.com/view/vn7dlh/security-service,Phishing
https://www.f03f.com,Legitimate
https://klelnanzeigen-deutch.rajengg.com/670470641?use=13,Phishing
https://www.flowcode.com/page/hwyyggs,Phishing
http://oesa.or.th/two.html,Phishing
https://l.ead.me/bfcxoG,Phishing
https://www.doggy45.fun,Legitimate
https://outlookoffice365-pdf.myportfolio.com/,Phishing
https://bagtamnal.blogspot.com/,Phishing
https://us13.campaign-archive.com/?u=e6ba5864b6dd22901cddce221&id=d6a8515465,Phishing
https://www.kaisarlangit.net,Legitimate
https://app.simplified.com/preview/4820926d-1b23-4cc7-9120-2b3b00b957d8,Phishing
https://cancelar-cambio3.webcindario.com/,Phishing
https://pub-d4b38547cbf845eaa09a86c39098cfc6.r2.dev/index.html,Phishing
https://www.makeupalley.com,Legitimate
https://www.benchlevel.com,Legitimate
https://sites.google.com/view/serviciostecnicoschn/,Phishing
https://www.puch-ersatzteile.at,Legitimate
https://sparkass-sidcheck3.web.app/,Phishing
https://at7tpluseupdate.ulcraft.com/,Phishing
https://www.ruimengda.com,Legitimate
https://www.smcassure.in,Legitimate
https://qrco.de/bfH0vqScbsdwerger34hb,Phishing
https://www.zonegamer.de,Legitimate
https://www.recipekeeperonline.com,Legitimate
https://www.bdypx.cn,Legitimate
https://www.eduforex.info,Legitimate
https://pub-2ba2f00d7b84414c955f7291fd3bcc1c.r2.dev/index.html,Phishing
https://www.cashwalk.io,Legitimate
https://www.krskforum.com,Legitimate
https://activarbanking.webcindario.com/,Phishing
https://www.prednisonenow365.top,Legitimate
https://qrco.de/bfIfqR,Phishing
https://www.arbornetworks.com,Legitimate
https://www.pyroteam-store.de,Legitimate
https://ok-dom.teqoffee.com/vm/?url=w1XqKHaHiBgCV6MBSwoUDPPcm&amp;r=w1XqKHaHiBgCV6MBSwoUDPPcm,Phishing
https://www.publicbt.com,Legitimate
https://www.tropicannabisclub.com,Legitimate
https://www.wmsp.co.uk,Legitimate
https://www.baccaratcrewhq.com,Legitimate
https://www.laorotava.es,Legitimate
https://zrcbracelets.com/bid/estimate.html,Phishing
https://klein.xbeta.net/owtbmmgdz,Phishing
https://qrco.de/bfJYSC,Phishing
https://l.ead.me/bfMC2G,Phishing
https://www.visionclick.net,Legitimate
https://docs.google.com/presentation/d/e/2PACX-1vTgPoZ04BYO-oyiL50BiK5_ekQH6rhBmKDBx-IBNcRWKu8MeC_zNwkOe7IEAah-UEfT6PRQ7cZB6kFP/pub?start=false&loop=false&delayms=3000,Phishing
https://attkjhhjbkk.weebly.com/,Phishing
https://www.authenticityinstitute.com,Legitimate
https://www.lunabet932.com,Legitimate
https://www.blowpass.com,Legitimate
https://docs.google.com/drawings/d/1SEeH5ZJ7Gxo3eBUylVlNXwpYqM_Ar5zvugICpDzgN14/edit,Phishing
https://q-r.to/bfUsPL,Phishing
https://jellybabiesnft.web.app/,Phishing
https://www.rsh-recruitment.nl,Legitimate
https://www.stormwire.com,Legitimate
https://www.realclearpolling.com,Legitimate
https://www.szxjf.com.cn,Legitimate
https://www.vitrum.cn,Legitimate
https://bncpos.web.app/,Phishing
https://www.poplauncher.com,Legitimate
https://docs.google.com/presentation/d/e/2PACX-1vQC74Gi0LZLq0q6b7oSXvhbBy3jjelaXh58gLzts4LIbuC7jHbogZfX0M6aj7hdWjq_Vf9022bwjVPt/pub?start=false&amp;loop=false&amp;delayms=3000,Phishing
https://www.eliq.store,Legitimate
https://docs.google.com/presentation/d/e/2PACX-1vRqsqDNqfYdYVOfH-J4wPx5ldTK9NFC7SWiqDBczdjpzOjiiNT_C3-0OLSi-9UzuXfRpSA8sWEjlPoR/pub?start=false&amp;loop=false&amp;delayms=3000,Phishing
https://www.boocasino.click,Legitimate
https://qrco.de/bfQb3Q,Phishing
https://www.manhuashu.com.cn,Legitimate
https://souma-g.heteml.net/hinet-net-tw-web-mail/csg2000-hinet-net/webmail-hinet-net-mailService/hinet-net-mail/M_main_2_move_mail-hinet_net/,Phishing
https://abonnements-ulys.com/,Phishing
https://www.paris88-oaniltmu.com,Legitimate
https://www.dekoolvlinder.nl,Legitimate
https://www.mxcap.cn,Legitimate
https://worldofconstruction.com/inpo1.html,Phishing
https://www.codescreen.com,Legitimate
https://www.stlfamilycare.com,Legitimate
https://www.desi-porn.tube,Legitimate
https://pub-bb403275e61d4b5bbfa3820c808423cb.r2.dev/index.html,Phishing
https://docs.google.com/drawings/d/1Dzj6-DWVOF86LIf2RiI4dA1_b3e97Y6ZDuRzIxhjzLE/preview,Phishing
https://www.torani.com,Legitimate
https://us9.campaign-archive.com/?u=78f3438793c2f85ad913694c8&id=4caf9d7e7c,Phishing
https://www.ramonki.by,Legitimate
https://www.nnfm.ru,Legitimate
https://dlkkl.weebly.com/,Phishing
https://pub-49cbe4b6fc224891814c3fa2588e13c6.r2.dev/link.html,Phishing
https://www.ifoa.it,Legitimate
https://www.abc6.com,Legitimate
https://www.09coin.cn,Legitimate
https://www.blallab.com,Legitimate
https://www.wexira.cfd/xafdvypigosrMdewfaqdmt,Phishing
https://www.leker.pl,Legitimate
https://www.dailyremote.com,Legitimate
https://www.dropbox.com/scl/fi/3zrwief6v7rh2t7yebpcf/BT-VOICEMAIL-NOTIFICATION.papert?dl=0&rlkey=8ljaq2kgxvwl785lzx5p16rjm,Phishing
https://qrco.de/beEDk7,Phishing
https://us18.campaign-archive.com/?u=5e60b7c12a165b585f3bd2d6a&id=af784ef437,Phishing
https://pub-4d8c4c66d7df4ab7a0249087fb779c2e.r2.dev/index.html,Phishing
http://pub-cece77dd023d4ffda4d7bb4d3d1f794c.r2.dev/index.html,Phishing
https://dappswalletsnode.web.app/,Phishing
https://docs.google.com/presentation/d/1vOOASmITsoB4ai3R9ICS4uq4VqqRCR5xcXW1-NWRB1M/pub?start=false&amp;loop=false&amp;delayms=3000,Phishing
https://www.footdealer.co,Legitimate
https://www.vaporauthority.com,Legitimate
https://www.easynet.be,Legitimate
https://urlz.fr/tb9c,Phishing
https://www.github.blog,Legitimate
https://sites.google.com/0nedrive-0365-folder.network/emm454?usp=sharing,Phishing
https://www.tipard.com,Legitimate
https://www.jaessencedelavie.com.br,Legitimate
https://www.gsimvqfghc.com,Legitimate
https://us15.campaign-archive.com/?u=b17f77d6c25616bc5ed077eef&id=ed5442d661,Phishing
https://sitesseguros.github.io/loteria/,Phishing
https://us11.campaign-archive.com/?u=50f2b7b7042d1bbdf8f6821ff&id=b654fcb900,Phishing
https://connect3rivers-fcu.web.app,Phishing
https://www.countermail.com,Legitimate
https://www.esocialbrasil.com.br,Legitimate
https://www.fundora.ru,Legitimate
https://kconliine.weebly.com/,Phishing
https://qrco.de/bfS5Gi,Phishing
https://www.weirdnj.com,Legitimate
https://bit.ly/VERIFICADATI,Phishing
https://www.76k76.com,Legitimate
https://www.rayapack.ae,Legitimate
https://www.stretchitbodyjewellery.co.uk,Legitimate
https://www.pickbox.cn,Legitimate
https://suscripciones.webcindario.com/,Phishing
https://www.cutehona.one,Legitimate
https://www.otservlist.org,Legitimate
https://www.moec.gov.cy,Legitimate
https://www.sb-bfk.ru,Legitimate
https://www.kara.com.ng,Legitimate
https://pub-04f53005a30c40ed8d36ecbb9df19c21.r2.dev/index.html,Phishing
https://www.vistattbuild.xyz,Legitimate
https://qrco.de/bfJAjr,Phishing
https://www.onezero.com,Legitimate
https://docs.google.com/presentation/d/10PlFFpQ-lf0UGDwPI0ozpaQjwIFCIva9EHnXZ-SlwMk/pub?start=false&amp;loop=false&amp;delayms=3000,Phishing
https://www.e-s.tv,Legitimate
https://chatbot.page/3Iarex,Phishing
https://l.wl.co/l?u=https://cffscb.blogspot.ch/,Phishing
https://www.vedantcomputers.com,Legitimate
https://www.kslx.com,Legitimate
https://www.originalpenguin.com,Legitimate
https://www.steinershopping.it,Legitimate
https://www.bbrnetwork.cn,Legitimate
https://www.4delonghi.co.uk,Legitimate
https://www.096440.com,Legitimate
https://www.cakeresume.com/s--rPBwxCtn8EN7qkcPBNneQw--/ameritech,Phishing
https://www.revott.me,Legitimate
https://pub-cd7d0032e5e044d1b0e18365a77c282f.r2.dev/denc-kr.html,Phishing
https://zumatrip.com/wp-includes/widgets/time/index.html,Phishing
https://www.wylecz.to,Legitimate
https://www.74ganmao.cn,Legitimate
https://www.tilyexpress.ug,Legitimate
https://www.q-workshop.com,Legitimate
https://reurl.cc/N0XYAx,Phishing
https://chat.z.ai/space/y1x011qm7w31-art,Phishing
https://www.rarcoa.com,Legitimate
https://www.leon64.com,Legitimate
https://www.kase.kz,Legitimate
https://www.ovh.gob.mx,Legitimate
https://www.dropbox.com/scl/fi/ikeuoia3t2nqaamkrjjzb/Untitled.paper?rlkey=6s6mjh3cvs4dp4ndvhx2ud46e&st=xpn729gy&dl=0,Phishing
https://www.workato.com,Legitimate
https://bravera-j1.web.app,Phishing
https://asbhnjdbehj.s3.us-east-2.amazonaws.com/bswgbhnjde.html,Phishing
https://www.dropbox.com/scl/fi/snm1dmxfzka7vi6gzow1d/Broadband-lnc.papert?rlkey=m8scxhdbbbq5wit7idmsyhwpk&dl=0,Phishing
https://new.express.adobe.com/webpage/KZH8OzClmfRnT,Phishing
https://www.sema-soft.com,Legitimate
https://www.alsearewards.com,Legitimate
https://tmpurvisco.com/go/,Phishing
https://www.cgdream.ai,Legitimate
https://www.techyshadow.com,Legitimate
https://www.narvarcp.com,Legitimate
https://weweweseaeweewsewewseawe.weebly.com/,Phishing
https://www.sigtn.com,Legitimate
https://pub-1e939e18b257458c85f072532e4b2aaa.r2.dev/chapter-prospect.html,Phishing
https://www.mcforces.ru,Legitimate
https://www.steamcommunity.rip,Legitimate
https://www.eulabs.com.br,Legitimate
https://pub-b7f8ffc2e1dc475fb955e15b1a633dde.r2.dev/link-2.html,Phishing
https://pub-ef3cf2cc4fe349c4a348c97be7e4e5a2.r2.dev/del732523.html,Phishing
https://assistenciaempresas.com/comecar.php?hash=751753046695d0bfae4df40.13539588,Phishing
https://www.thecodingcolosseum.com,Legitimate
https://pub-f3e7a7935198448e8052bd45a3a165f0.r2.dev/index.html,Phishing
https://q-r.to/bfTtwo,Phishing
https://www.dominos.ec,Legitimate
https://cod042-bn-cr.webcindario.com/,Phishing
https://q-r.to/bfXZNB,Phishing
https://www.tanganjahil.store,Legitimate
https://pro111-guardian-cu-technow.firebaseapp.com/,Phishing
https://docs.google.com/presentation/d/e/2PACX-1vSAtvUN5BpNvuIWGccJdOQ8U-2djVtk79oCd63AjYwaLUIVOxsBDxlqu9gA1mbbTYqv_4nrD7TJnGz-/pub?start=false&amp;loop=false&amp;delayms=3000,Phishing
https://bafkreics66t26vx7guepibwd2tnbnvv6bnqjjrpgypyympgiv6w4vyn75e.ipfs.dweb.link/,Phishing
https://2fc95t.share-eu1.hsforms.com/2WU9Y0c5pQJuOnobka_X8zA,Phishing
https://www.cotose.com,Legitimate
https://nuggetm3.firebaseapp.com/,Phishing
https://gig241.wixsite.com/my-site-1,Phishing
https://royallmaiillllll.weebly.com/,Phishing
https://www.kirscrb.ru,Legitimate
https://www.denizozpinar.com,Legitimate
https://www.serpantinidey.ru,Legitimate
https://www.811trac.com,Legitimate
https://www.geeks.ms,Legitimate
https://www.reportglowstories.com,Legitimate
https://qrco.de/bfJNXt,Phishing
https://www.wiki2.org,Legitimate
https://www.tnv.ru,Legitimate
https://www.google.fr/amp/s/www.google.com%2Furl%3Fq%3Dhttps%3A%2F%2Fwww.google.com%2Furl%3Fq%253Dhttps%25253A%25252F%25252Flinkprotect.cudasvc.com%25252Furl%25253Fa%25253Dhttp%25253A%25252F%25252Fau.bestreviews.guide%25252Famp%25252Fredirect%25253Frf_dws_location%2525253D%25252526rf_item_id%2525253D284553988%25252526rf_list_id%2525253D4693819%25252526rf_partner_id%2525253DB017M5JDX0%25252526rf_source%2525253Damazon%25252526url%2525253DaHR0cHM6Ly93d3ctZXhhbXBsZS1jb20uY2RuLmFtcHByb2plY3Qub3JnL2Mvcy9zb2ZpYTA5MjExMS5naXRodWIuaW8vd2V3b3JsZHdpZGUtc2Vuc2VpaWlpaWlpaWlpaWlpaWlpaWlpLTY3Njc4NTU2NDU2ODU3NjU4Ni8%2525253D%252526amp%25253Btypo%25253D1%252526c%25253DE%25252C1%25252C_SXgdRSlRSBw52_i2u0HwoWrGOjH4ySMlGXvfGOQnELRA64b921O8b66KJMrlpcoQpmpZjKNJ635YxJ2uD8hUcOjRUL6RP9RZ5OCQXGwPcxQqAreLP94oaglug%25252C%25252C%2526sa%253DD%2526sntz%253D1%2526usg%253DAOvVaw2lJ6i9xsAdBiZq6R3z0ABr%26sa%3DD%26source%3Deditors%26ust%3D1721663475546431%26usg%3DAOvVaw3cqcWbFI4Nz02gJojvuNFW%23bXJvbWVuZXNrb0ByaHJpbnRlcm5hdGlvbmFsLmNvbQ==,Phishing
https://www.chaofanle.com,Legitimate
https://www.bokepbaratgratis.pro,Legitimate
https://www.plasq.com,Legitimate
http://prizmaambalaj.com/include.php?r=bD1odHRwczovL2RxcmRidi5jb20v,Phishing
https://mahlazkikadyalo.blogspot.com,Phishing
https://bit.ly/49oorPO,Phishing
https://www.xn--ykqpu329o.com,Legitimate
https://www.portalvaquejada.com.br,Legitimate
https://www.lamillou.com,Legitimate
https://www.aptilo.net,Legitimate
https://www.deffield.com,Legitimate
https://www.majide.org,Legitimate
https://docs.zoom.us/doc/-lTZqlbwRTGDAYTiZ2ggGA,Phishing
https://www.barcd88.store,Legitimate
https://www.sk-global.biz,Legitimate
https://www.websitepro.ch,Legitimate
https://www.quicklaunch.io,Legitimate
https://www.paycomdfw.net,Legitimate
https://eu.jotform.com/app/251996705373367,Phishing
https://klelnanzeigen-deutch.rajengg.com/181681305?use=15,Phishing
https://bit.ly/4dQ6Qlj,Phishing
https://www.och101.com,Legitimate
https://www.smartbit.com.au,Legitimate
https://www.activobank.pt,Legitimate
https://www.stratum.ru,Legitimate
https://us6.campaign-archive.com/?e=5c282b740f&u=a16c97886267c1a7ebe014e7e&id=95e5b21b2f,Phishing
https://www.rcmusic.com,Legitimate
https://www.activesoft.ro,Legitimate
https://www.voterrecords.com,Legitimate
https://www.resumonk.com,Legitimate
https://www.mywpsite.co.il,Legitimate
https://www.hommlife.az,Legitimate
https://www.i-programmer.info,Legitimate
https://share.hsforms.com/27eP3ChlkTUKJLAmMlIBbSwtg6g6,Phishing
https://biptokencompra.webcindario.com/inicio.html,Phishing
https://produbanenlinea.webcindario.com/,Phishing
https://jgalliammajn.blogspot.com/,Phishing
https://bit.ly/4ikQ5Ao,Phishing
https://www.icioud.com,Legitimate
https://www.a-exchange.com,Legitimate
https://bit.ly/4hy1ldr,Phishing
https://posta-d5012.web.app/,Phishing
https://www.goodrunner.co.kr,Legitimate
https://grandopeningfile-081e2011-63fe-4a48-9e69-40e16e7f6617i55c9.myportfolio.com/,Phishing
https://eciadalore.web.app/,Phishing
https://ipfs.io/ipfs/QmVbDRJJn6EPki1trznqEXY1ptWccSiMK5q571vmd1jYFA,Phishing
https://qrco.de/bfInXQ,Phishing
https://www.yuqn.cn,Legitimate
https://pub-a45887ecc53d47dd898ab4bd2008b701.r2.dev/index.html,Phishing
https://bhdwebpage.vercel.app/?fbclid=IwY2xjawMwFKZleHRuA2FlbQIxMABicmlkETE0WmZ4ZkNSNVQ0RXpEYW5QAR41SPFDA_LKllv_u8qYlRYQMCboyOnmXmO1DrvwIP27NxTYcKOhNjiZ7iJuyA_aem_dZudPnMjUFw-oLvBodQQcw,Phishing
https://www.informingnews.com,Legitimate
https://docs.google.com/presentation/d/e/2PACX-1vRPbsjbuX7dnH1E8fmJm73vVseXtIVMMLHG2Z7i3stYr8Di2yQtL_Sb8lNY59UI4O6Ri9m4Z36ACrB9/pub?start=false&amp;loop=false&amp;delayms=3000&amp;slide=id.p,Phishing
https://q-r.to/bfN9ix,Phishing
https://m40842errorcode9022ssdw.w3spaces.com/,Phishing
https://6gg2q2zqzea04-pages-dev.translate.goog/www.matsui.co.jp.html?_x_tr_sch=&amp;_x_tr_sl=monex&amp;_x_tr_tl=ja,Phishing
https://www.strefabiznesu.pl,Legitimate
https://www.gix.ae,Legitimate
https://www.astro-kluch.ru,Legitimate
https://qrco.de/bfcMew,Phishing
https://docs.google.com/presentation/d/e/2PACX-1vTe8xC8Yf5HjfIajpgIz8NHSqI_GQjkOTw7m2Nz1G5ve-C0TmFp-ep2f0M0cz4wI-ryj6cO7HADua31/pub?start=false&loop=false&delayms=3000&slide=id.p,Phishing
https://www.ipolh.com,Legitimate
https://www.azko.fr,Legitimate
https://euuomdrtk.web.app/,Phishing
https://www.sikhphilosophy.net,Legitimate
https://www.tradeportalofindia.org,Legitimate
https://www.narbonne-arena.fr,Legitimate
https://www.ducommun.com,Legitimate
https://www.aatkit.com,Legitimate
https://www.comperemedia.com,Legitimate
https://www.xathgpf.cn,Legitimate
https://odesli.co/b5fwqf0qxdk53,Phishing
https://dnajngiv.web.app,Phishing
https://istegdyehyd.w3spaces.com/ujdidiend.html,Phishing
https://access-edua-wab.pineapple.page,Phishing
https://www.convierto.com,Legitimate
https://www.signaturehom.com,Legitimate
https://www.spbda.ru,Legitimate
https://www.francechine.cn,Legitimate
https://www.linuxatemyram.com,Legitimate
https://gmnnn.weebly.com/,Phishing
https://forms.gle/6ijeN2U6QtGz4Ch86,Phishing
https://www.europart.ru,Legitimate
https://bit.ly/4gvl5hq,Phishing
https://docs.google.com/presentation/d/1h9gXCFxB_A9HdB0sK4LV37X5YPoquSV8Uzg-cnjqCG0/pub?start=true&amp;loop=true&amp;delayms=3000,Phishing
https://www.xdwen.cn,Legitimate
https://www.ygzpw.com,Legitimate
https://eu.jotform.com/app/250497457507365,Phishing
https://startinstall.ghost.io/eng-us,Phishing
https://gtcontientals.webcindario.com/,Phishing
https://www.gamscdn.com,Legitimate
https://pub-88155d1464ca40e5b110e24c06541c08.r2.dev/phf.html,Phishing
http://vpass-jp.bjydmu.com,Phishing
https://docs.google.com/drawings/d/1d7z-HJwuXJnEgyqTmd7-wyle-TKGpGmIJbSQBAkcPhI/edit,Phishing
https://pub-2f611d096e8f43daa9347ca0cf8d9e84.r2.dev/index.html,Phishing
https://www.playtomic.io,Legitimate
https://www.icop.net.gr,Legitimate
https://new.express.adobe.com/webpage/Mh4qXZowkRmrS,Phishing
https://www.knowledgeskey.com,Legitimate
https://pal.bio/xcosohvike,Phishing
https://www.rtpslotpartai530.com,Legitimate
https://promovisconsulte.webcindario.com/pago/finandina/finandina.php,Phishing
https://waveqqll.weebly.com/,Phishing
https://pub-f78cef456d7747e4ae9ccee36ca02aed.r2.dev/linktree.html,Phishing
http://www.cdmcostruzioni.com/ag.php,Phishing
https://qje02jww.lat/ra18gwae/5zwcEw/X8yKii,Phishing
https://www.polsinelli.it,Legitimate
https://www.jababeka.cn,Legitimate
https://hbradesco.integrar.chat/login.php?hash=7477177276949743c901bc5.18125661,Phishing
https://new.express.adobe.com/webpage/2ECI3XvqsYWuP,Phishing
https://www.freebiesdesign.com,Legitimate
https://btcommefbhbfw6cy.weeblysite.com,Phishing
https://www.medion.co.id,Legitimate
https://insigniaeventimefr.firebaseapp.com/,Phishing
https://cpanel.20-171-168-111.cprapid.com/app?page=signin&amp;unique=94207ec351cf421945764237504e4f7c,Phishing
https://www.ramesh247.club,Legitimate
https://q-r.to/bfIHJ1,Phishing
https://www.kx.com,Legitimate
https://helpmettacase1000.firebaseapp.com/,Phishing
https://www.leeharrisenergy.com,Legitimate
https://www.wsh.gr,Legitimate
https://ledger-h-ardware-wallet.pages.dev/,Phishing
https://docs.google.com/presentation/d/e/2PACX-1vSI1EfRa6xEVf_u_dnJMkBJ0K4bTn5fSsnI5bo-ZQMaSHjQ23Mo15e4-LfVy482tPCBeOCwxuX_qeYx/pub?start=false&amp;loop=false&amp;delayms=3000,Phishing
https://lwrencegfbnk.weebly.com/,Phishing
https://www.netgate.pk,Legitimate
https://smilwio1.web.app/,Phishing
https://www.neatorama.com,Legitimate
https://q-r.to/bfJbVD,Phishing
https://telegra.ph/KF-679808-11-27#,Phishing
https://eu.jotform.com/app/250782549448368,Phishing
https://eysongcoo.editorx.io/my-site,Phishing
https://www.mnogochat.com,Legitimate
https://docs.google.com/presentation/d/e/2PACX-1vSZYRqf0NnE0R74KEHUasEOBCTVlE81Bg598kPCdpX_gZ3Wdi0tnf5s17ly3ohQhM-aWmMbUq8dL_z2/pub?start=false&amp;loop=false&amp;delayms=3000&amp;slide=id.p,Phishing
https://validez-online.webcindario.com/,Phishing
https://docs.google.com/presentation/d/e/2PACX-1vRw6BHL0kL9eSvJZI76dxajpjwbiVimyrW4aKY_iz4dDNIJXYCGNmwg8NvOnn6z6u5hc-XgEiE5OdGu/pub?start=false&amp;loop=false&amp;delayms=3000,Phishing
https://time-worked.firebaseapp.com/,Phishing
https://www.anycolorid.com,Legitimate
https://share-na2.hsforms.com/1T3zOFVouRaqz3fHazrPNLw40cpqe,Phishing
https://www.pin-up-game-online.com,Legitimate
https://nnfems.com/Webmail/80/Webmail/webmail.php,Phishing
https://www.douyinxs.com,Legitimate
https://new.express.adobe.com/webpage/x0guQOw8F2vdA,Phishing
https://safe-acountmeta.start.page/,Phishing
https://q-r.to/bfHrpc,Phishing
https://eu.jotform.com/app/252031263642346,Phishing
https://metafb-us13dm0.firebaseapp.com/,Phishing
https://docs.google.com/drawings/d/1s3jVGnCewYEwna0z0QSLWmXPSASNMDG1cmKOAMKuYIM/edit,Phishing
https://consent.orange.fr/global-cookies.166d8bd5d06f8cfc9dc3559ef2bc012dbfd5134a.html,Phishing
https://www.ademicon.net.br,Legitimate
https://hagiohw.weebly.com/,Phishing
https://pub-7facb6727f1942b8beeddeb3c09d2c77.r2.dev/andreacoelhoadvogadosfddefer4434343443.html,Phishing
https://www.ontapsportsnet.com,Legitimate
https://bipcompras-ar.webcindario.com/inicio.html,Phishing
https://l.ead.me/bfQfVc,Phishing
https://www.your-storageshare.de,Legitimate
https://pub-1bb878deab5841229da73f6449acac88.r2.dev/link%20(4).html,Phishing
https://docs.google.com/presentation/d/e/2PACX-1vSDXudWvkd0pPxFj_ZayuclM1pgZQKFp1Kh6Ks1RJovD2NSeTv6ikOT6DUxPQcPTFSXNr02iUrTwzYd/pub?start=false&amp;loop=false&amp;delayms=3000,Phishing
https://ipfs.io/ipns/k51qzi5uqu5dl671heb8ke65d0lcns8lzt4aya3hf35kttlyhygb6dq5ssb7o1,Phishing
https://www.oselv.cn,Legitimate
https://www.myata-platinum-belorusskaya.ru,Legitimate
https://www.neon-4d.com,Legitimate
https://hg8878.craftum.io/page2,Phishing
https://bit.ly/4dGe7DN,Phishing
https://ejzctyhs.firebaseapp.com/,Phishing
http://tunnelsnakes.com/,Phishing
https://www.osx86project.org,Legitimate
https://us3.campaign-archive.com/?u=13464892ba2300275a56cdd40&id=f60101ea50,Phishing
https://sites.google.com/view/customersevices/home,Phishing
https://www.lahaus.com,Legitimate
https://www.gap.pl,Legitimate
https://oxlvpl.vi7sxp.icu/o/zioyg/1767877009244#selectedbank2&NOT_MONEY_VB,Phishing
https://www.armdb.org,Legitimate
https://qrco.de/bfK5SZ,Phishing
https://www.denic.net,Legitimate
https://www.logicmountain.com,Legitimate
https://dapps-assets-protocol.web.app/,Phishing
https://www.cottagecommunity.ru,Legitimate
https://docs.google.com/presentation/d/e/2PACX-1vQzRJUtSZv4B6tlrzZK_Q4ZBDNdihNTTbFkFIypBGEBXvig0wCCQcF0_V3VSfiWQAmk3NBfQOyMRrc8/pub?start=false&amp;loop=false&amp;delayms=3000&amp;slide=id.p,Phishing
https://www.courrier.jp,Legitimate
https://pub-bff73fea0cd34ba18479407ee3443024.r2.dev/index.html,Phishing
https://pub-1c8eb7325f8744899abeb7c0edaddc51.r2.dev/index.html,Phishing
https://disables-fanspages-account2023.start.page/,Phishing
https://www.packets-transit-fr.com/,Phishing
https://www.qqslot777jambu.net,Legitimate
https://docs.google.com/presentation/d/e/2PACX-1vSlPUSpX6JkIWV4-Dg9OsqESPCNzd9sIkhk6DYtg_d1JFYFaC24rBQwJ4oHJEvMxukD8auBH1QpXqhw/pub?start=false&amp;loop=false&amp;delayms=3000,Phishing
https://www.meteohorizon.com,Legitimate
https://www.hufsd.edu,Legitimate
https://www.eurosoft-dm.com,Legitimate
https://www.ai9p.cn,Legitimate
https://www.datamacauresmi.com,Legitimate
https://actualisation-de-mon-abonnement.com/,Phishing
https://docs.google.com/presentation/d/1QOSFSvrphZlemKzPHvq34HcDDGeaoXZBbI527qRD1dA/pub?start=false&loop=false&delayms=3000,Phishing
https://pub-cc5051299e144be6b660d92b68558f8b.r2.dev/index.html,Phishing
https://www.huangtingpuke.com,Legitimate
https://www.giaovienvietnam.vn,Legitimate
https://docs.google.com/presentation/d/e/2PACX-1vTpedYn3UcBAwYoQPqfDYedILV6E7Sd7IMxxYspkZZNLGbZQtUFXB9aikmKrMmN3nAEVV6OxkoNwN10/pub?start=false&amp;loop=false&amp;delayms=3000,Phishing
https://www.cinecalidad.vg,Legitimate
https://www.mega56.com,Legitimate
https://www.expmnclick.com,Legitimate
https://www.st-maria.cn,Legitimate
https://santmxpresta.webcindario.com/naturales/usuarios/login/J.html,Phishing
https://bit.ly/4ei0RG9,Phishing
https://metafb-birp4l6.firebaseapp.com/,Phishing
https://account.booking.com/sign-in?op_token=EgVvYXV0aCKyAQoUNlo3Mm9IT2QzNk5uN3prM3BpcmgSCWF1dGhvcml6ZRoaaHR0cHM6Ly9hZG1pbi5ib29raW5nLmNvbS8qOnsiYXV0aF9hdHRlbXB0X2lkIjoiNjI0Nzk5NzQtMTJlYS00MzE1LTlmNjUtNzMyZTBmM2M5OThiIn0yK00yWWhJbjNEMHVRckVmemlIVVRhc1U4Y2VzbG5YbkFaWnRmZ2VtLWQyNGs6BFMyNTZCBGNvZGUqEzD0yJ_a5aYnOgBCAFj22oS0pzI,Phishing
https://www.tpbxxs.cn,Legitimate
https://bit.ly/3Yj7UcG,Phishing
https://2ww.me/3mtw3,Phishing
https://www.snow-rider.io,Legitimate
https://www.sake-brutus.com,Legitimate
https://msha.ke/bdithed,Phishing
https://www.aa689bet.com,Legitimate
https://us8.campaign-archive.com/?u=474c77ac0f92ae10c3fccfbbe&id=17e32376a4,Phishing
https://bafkreifp6acdx6mv2yipdlmf55qjr6ow5xsjocsktwm7lhghyziqyvklbu.ipfs.dweb.link/,Phishing
http://allegrolokalnie.pl-oferta4020398.cfd,Phishing
https://onlineugyinteze-mvmnext.me/,Phishing
https://www.freepdfcomic.org,Legitimate
https://www.sputnik.tj,Legitimate
https://www.porterscloud.com,Legitimate
https://www.yishulink.com,Legitimate
https://docs.google.com/drawings/d/1dIvfj_9-EF6sIAYsJgZ5NdRQwby86MpFy6ffDeAj-rA/edit,Phishing
https://xtyryhsi.com%E2%88%95bPapVVvlqB%E2%88%95QNdoIHf%E2%88%95XArywvjZ%E2%88%95obQhEEaBM%E2%88%95wiQnqvna@jxbrdzzwkr.kttwn.cn/,Phishing
https://www.aus.social,Legitimate
https://www.friendsnyc.com,Legitimate
https://www.applus.com,Legitimate
https://docs.google.com/presentation/d/e/2PACX-1vSP7Zyp4lZDd9-DIf8WpBKMbMojK5U8tHTHJoIvrP_x1wGMh68cHcE83UWvwL2dfHIXTod_tnZg0VPN/pub?start=false&amp;loop=false&amp;delayms=3000,Phishing
https://carlomcur.firebaseapp.com/,Phishing
https://forms.gle/P2F8fFdYoMMRWDq19,Phishing
http://allegrolokalnie.conformation-314.shop,Phishing
https://excodusswallat.godaddysites.com,Phishing
https://www.eitarosouhonpo.co.jp,Legitimate
https://www.macdailynews.com,Legitimate
https://www.dropbox.com/scl/fi/cfr3v5x7fariuftk116xy/Broadband.papert?rlkey=yk1hykfyrxju97szh4cd61b6l&st=slvhftre&dl=0,Phishing
https://bafkreiel3no5gilkaxq2q4d5zyw7fg6cp5ad44wvfmh6nm7ebqlifwixi4.ipfs.dweb.link/,Phishing
https://www.37hl.net.cn,Legitimate
https://information-start-page-problms.start.page/,Phishing
https://docs.google.com/presentation/d/e/2PACX-1vRxhhuQ79k59pwvcQJiSlEmSFRgL956piy0CYiRCxrlTjiBF7aY4VtWJQ21mHcBFUWvyxZhSM44WkUK/pub?start=false&amp;loop=false&amp;delayms=3000,Phishing
https://docs.google.com/presentation/d/e/2PACX-1vQENvoO37qaROgbrcr4l0w4FzyS3_2OBBY3gFyTlZ5cdkzNiOch1eJIkzktNcXfmuOeaoSyUSB7eNoG/pub?start=false&amp;loop=false&amp;delayms=3000&amp;slide=id.p,Phishing
https://hm.ru/jozCyU,Phishing
https://www.publicjustice.net,Legitimate
https://partysfurpups.com/.3rd/.3rd/,Phishing
https://q-r.to/bfN9nf,Phishing
https://prtouae.web.app/,Phishing
https://www.fundustry.nl,Legitimate
https://se-bankofcleveland.weebly.com/,Phishing
https://pub-332e25ac40fe42d5af737ce9b83b83d2.r2.dev/EgZjaHJvbWUqCQgBEAAYChiABDIGCAAQRRg6MgkIARAAGAoYgAQyBggCEEUYOTIJCAMQABgKGIA.html,Phishing
https://entry5300-js2024r1.usercontent.dev/,Phishing
https://docs.google.com/presentation/d/e/2PACX-1vTlEV_D6tXlGx-Wc3GpuQ1SsG-gRyDKMIALoalnvXQktvbALg-rAYrF414Q5ThM7SqRo_tskmQc6lcQ/pub?start=true&amp;loop=true&amp;delayms=1000,Phishing
https://www.csc-hostit.co.uk,Legitimate
https://www.exize.com,Legitimate
https://2fj0zt.share-eu1.hsforms.com/27waY3DOjQ9Wah18o40IFPw,Phishing
https://www.frankenpost.de,Legitimate
https://www.goodtonechair.com,Legitimate
https://www.joyeriapato.com,Legitimate
https://q-r.to/bfQ1UL,Phishing
https://www.wizardxray.shop,Legitimate
https://www.obsidian.com,Legitimate
https://qrco.de/bff01l,Phishing
https://www.bqool.com,Legitimate
https://exvlhbjik.firebaseapp.com/,Phishing
https://www.flowcode.com/page/3330,Phishing
https://www.ohas-odi.online,Legitimate
http://mecalpeshydro.wixsite.com/my-site,Phishing
https://www.jang.com.pk,Legitimate
https://docs.google.com/presentation/d/e/2PACX-1vTpyTMOr7N0xh_U244mnWjP5w_JOCao3PWJSVx1OmlEg6dahTqv9GneGts8RycfMoOdHcnbQ99p79dY/pub?start=false&amp;loop=false&amp;delayms=3000,Phishing
https://www.modalsempurna.com,Legitimate
https://l.ead.me/bfK9Qk,Phishing
https://www.mlsmcollege.ac.in,Legitimate
https://q-r.to/bfMBCf,Phishing
https://www.gedu.org,Legitimate
https://qrco.de/bfh1Sr,Phishing
https://www.mdriveasia.com,Legitimate
https://www.hgfi.cc,Legitimate
https://q-r.to/bfInU9,Phishing
https://www.hotels.ru,Legitimate
https://us13.campaign-archive.com/?u=b6aceb6b794201a2af9855380&id=9ffa41071a,Phishing
https://qrco.de/bfMrDS,Phishing
https://mailboxupdatepage.weebly.com/,Phishing
https://www.bgkl2.works,Legitimate
https://www.shipengine.com,Legitimate
https://attcostimercale.boxmode.io/,Phishing
https://apiswisspass.cluster1.easy-hebergement.net/cff/id/pass/,Phishing
https://www.servicerating.ca,Legitimate
https://docs.google.com/presentation/d/e/2PACX-1vRmb9-SY_9gDbhMBIgfNzWfYz1pFeyLWSBub0o2I8wFZrm_29yv1e5zrdpH7Y_NFrYXQ1mfYJT6W36T/pub?start=false&amp;loop=false&amp;delayms=3000,Phishing
http://booking-com-ab7c31.webflow.io,Phishing
https://www.girlcock.club,Legitimate
https://platform.ghost.io/suite/,Phishing
https://docs.google.com/presentation/d/e/2PACX-1vQe3Bblw2aYx9Hntn2mKnuJrzx_fmWwLH2rinnQgF6bmivysdMvrBNv8QJqnLGPoXlFANQOtu4V8RwO/pub?start=false&amp;loop=false&amp;delayms=3000,Phishing
https://linkin.bio/btservicesupportincs,Phishing
https://pub-c9aef0442ab34f3294823bcd6e71d691.r2.dev/index.html,Phishing
https://www.bahagia4dcash.com,Legitimate
https://ziiambra.weebly.com/,Phishing
https://www.holz4home.de,Legitimate
https://www.drvoice.cn,Legitimate
https://docs.google.com/drawings/d/1HDsNkz8tOQuYarO4XUx9aSWfrsz984nDASSPnadtwTg/edit,Phishing
https://perlindungankeluarga.yzza.io/rm58kj,Phishing
https://www.1024bit.de,Legitimate
https://scribtownot.jujwk.cn/icmlub-ic_login/,Phishing
https://vmrecordingforyou.firebaseapp.com/,Phishing
https://felipegomez.co/wp-includes/cp_/java/index.php?user=info@jmjgroup.co.in,Phishing
https://offyourplate.my.idaptive.app/my,Phishing
https://bafkreia2akdgticg74uur2qs2vrlkmjucdo4tuahdaohwjthn5maxoxjsy.ipfs.dweb.link/,Phishing
https://siamajeron.firebaseapp.com/,Phishing
https://www.cupyzpq.cn,Legitimate
https://qrco.de/bfJNRl,Phishing
https://toll-5f0.firebaseapp.com/,Phishing
https://bit.ly/494NMOG,Phishing
https://sites.google.com/view/latif27samieasend27,Phishing
https://www.gitea.it,Legitimate
https://flowcv.me/hhfeue78,Phishing
http://app.resgatesuasconquistas.click,Phishing
https://qrco.de/bfah7j,Phishing
https://www.whjt3.cn,Legitimate
https://bttelecomunication.w3spaces.com/,Phishing
https://www.kubotastore.pl,Legitimate
https://pub-f999e6985832468cba41a76c63254f25.r2.dev/index.html,Phishing
https://2fmdms.share-eu1.hsforms.com/2IOtO1zGpRLWR0U4dL0UhaQ,Phishing
https://l.ead.me/bfatEN,Phishing
https://www.telapex.com,Legitimate
https://www.amur.ru,Legitimate
https://linkin.bio/ten47document/,Phishing
https://xqa.soundestlink.com/ce/c/67baf5907fcacb5d1db5b076/67bc64ec3098ad1e6793688d/67bc6506b75b631150d7b3dd?signature=5177aa233d0a7e87984db70fe8cfbbeffe1a131a47f8a2bc3c831595ed7611e9,Phishing
https://www.fishinghunting.com,Legitimate
https://www.sapphirethreesixtyfive.com,Legitimate
https://marv-iceberg.firebaseapp.com/,Phishing
https://www.aws.com,Legitimate
https://qrco.de/bfC56z,Phishing
https://v2-fbprotect.web.app/,Phishing
https://www.limoges.fr,Legitimate
https://qrapp-dce00.firebaseapp.com/,Phishing
https://www.goventureceo.com,Legitimate
https://www.lovecrafts.com,Legitimate
https://www.freddybot.com,Legitimate
https://www.kicksandgrips.com,Legitimate
https://new.express.adobe.com/webpage/IYHMbx5vPqKB1,Phishing
https://vinted.pl-oferta-7940917277.shop/,Phishing
https://heriolamer.weebly.com/,Phishing
https://l.ead.me/bfJNHl,Phishing
https://svb-boerek.de/,Phishing
https://wcc-95742100579.southamerica-east1.run.app,Phishing
https://www.hoyoyo.com,Legitimate
https://docs.google.com/presentation/d/e/2PACX-1vRNt0Vsx9ZiFjSzanxNP2F3iNSa6KkOFyLvylFKoGsV_DRJCsopDqRDFeWDRFD5dhnpWEIGRxaPJhU9/pub?start=false&amp;loop=false&amp;delayms=3000,Phishing
https://www.undebt.it,Legitimate
https://www.phonsermaqk.link,Legitimate
https://www.lydijiu.com,Legitimate
https://championelec.com/?f=,Phishing
https://www.nuelink.com,Legitimate
https://us6.campaign-archive.com/?u=a521b5794ef94be6e1e74f869&id=38fa314a81,Phishing
https://tinyurl.com/courier91guy,Phishing
https://pub-748df3a9d898488b9ad18d18680da6d2.r2.dev/index.html,Phishing
https://www.apichannel.cloud,Legitimate
https://www.noizerecordclub.com.br,Legitimate
https://load-page-genius-1000542978.web.app/,Phishing
https://d3r1vx.sbs/uiptmmki/UW6KST/05viVS,Phishing
https://www.zingylearning.com,Legitimate
https://ledgerhardware--wallet.pages.dev/,Phishing
https://l.ead.me/bfK6V5,Phishing
http://banruvoice.webcindario.com/,Phishing
https://www.popfly.com,Legitimate
https://cruszio2025.weebly.com/,Phishing
https://bit.ly/4bZvtuf,Phishing
https://www.seattlehost.net,Legitimate
https://www.ligabndr.com,Legitimate
https://www.wourez.com,Legitimate
https://www.teambinder.com,Legitimate
https://nnfems.com/Webmail/58/Webmail/webmail.php,Phishing
https://www.hyvor.com,Legitimate
https://www.haqgame.online,Legitimate
https://docs.google.com/presentation/d/1iLjXeYziWjwleADVCfoo5qsPWA85B90XrjALeQihYtk/pub?start=false&amp;loop=false&amp;delayms=3000&amp;slide=id.p,Phishing
https://docs.google.com/presentation/d/e/2PACX-1vRWgmzO5BVReIXmmOtLDXkdOYYDJlwa3U5cXuSxxQbbX_49VLsp91FQ3HRzxMm3pzrQGeTIz54scfT1/pub?start=false&amp;loop=false&amp;delayms=3000,Phishing
https://www.r2d2storage.com,Legitimate
https://www.guitarscanada.com,Legitimate
https://www.jfrjj.com.cn,Legitimate
https://ipfs.io/ipfs/QmT7eHFTEuxYZPQrZRLUdcrMMCoutAU97ZeQqvoPH6kW5H,Phishing
https://bafybeiaynlkvzpw5c3tfhkh7hq5wsqbfce7cvue6wfpa2nozxon5fbdfru.ipfs.dweb.link/,Phishing
https://www.jepang77.com,Legitimate
https://www.dodobet210.com,Legitimate
https://www.esmt.org,Legitimate
https://pub-9095a9efcc104e769e0c534b6791c711.r2.dev/index.html,Phishing
https://docs.google.com/presentation/d/e/2PACX-1vR5FJjqT7d13wfCqIvzd0RKSeogRg8g7PYnTX8wL0_qaixzTemRCXE_2P7v4xMzTwxbGbuob_5Pgz7i/pub?start=false&amp;loop=false&amp;delayms=3000,Phishing
https://www.nbcwireless.com,Legitimate
https://suport-microsof.webcindario.com/,Phishing
https://www.pskmegastore.com,Legitimate
https://fdkq-zcmp.maillist-manage.eu/click/12aa53bbc2840597/12aa53bbc283939e,Phishing
http://qrco.de/bexicm,Phishing
https://docs.google.com/presentation/d/e/2PACX-1vSW4LSu9fgkgEBzEeGNT0puGfhzS-I2g-O83w0hD--_yYjODVqy757wXnhZLYC0NhAe4wz0I6_PpxOQ/pub?start=false&amp;loop=false&amp;delayms=3000,Phishing
https://l.ead.me/bfJS2o,Phishing
https://q-r.to/bfGxa2,Phishing
https://www.agenrodajitu.com,Legitimate
https://www.yingchenfu.com,Legitimate
https://www.viewdns.info,Legitimate
https://bit.ly/3XwKY8Y,Phishing
https://bit.ly/3ZUjZG3,Phishing
https://dota-2official-freearcana-immortal.weebly.com/,Phishing
https://argondentalusa.com/wp-content/plugins/fix/myhuvale.html,Phishing
https://www.marchhare.jp,Legitimate
https://q-r.to/bgJcLy,Phishing
https://www.vavada-sl97.top,Legitimate
https://l.ead.me/bfeteI,Phishing
https://docs.google.com/presentation/d/e/2PACX-1vRm0DsK2-AEFH63A2NlGoIfkwQ_Zxgi9iKIzutfi3G2_NG0xKXDmNKkxSa8gjmcBlv7eSEGYb22MEmO/pub?start=false&amp;loop=false&amp;delayms=3000,Phishing
https://goodlife2024.com/wp-content/zz/,Phishing
https://safecloudwebapp.firebaseapp.com/,Phishing
https://www.kirksfolly.com,Legitimate
https://www.realopinions.ai,Legitimate
https://www.icp.edu.pk,Legitimate
https://kammoalmaal.blogspot.com/,Phishing
https://www.techworld.com,Legitimate
https://www.valantis.xyz,Legitimate
https://www.1xbet-cdc.top,Legitimate
https://www.nordhold.net,Legitimate
https://www.skpuplabour.in,Legitimate
https://fleek.ipfs.io,Phishing
https://bancodechileqay.top,Phishing
https://eu.jotform.com/app/250697849850373,Phishing
https://www.liverugby.fr,Legitimate
http://central-servicos.paginas.email/areadocliente/?,Phishing
https://www.asd.homes,Legitimate
https://saireatibatsfdkilabdndvxf.cfolks.pl/ww/as/auth/log.php,Phishing
https://www.web.ro,Legitimate
https://www.belhaven.edu,Legitimate
https://eu.jotform.com/app/251732762777366,Phishing
https://www.alliedschools.com,Legitimate
https://l.wl.co/l?u=https://qr.codes/xfI7qD,Phishing
https://pub-48ca7fb99c824c5797ae62fed688005b.r2.dev/index.html,Phishing
https://pub-58021b15a40e466fb3c40445b33be53f.r2.dev/index.html,Phishing
https://qrco.de/bgLqdq,Phishing
https://www.guet.edu.cn,Legitimate
https://pub-4ef5a5e6cc4a4498baa4aadbea4df574.r2.dev/index.html,Phishing
https://www.bingfan.com,Legitimate
http://www.ycb.dhy.mybluehost.me/folder/swis/ch/77ef6,Phishing
https://docs.google.com/drawings/d/1xtjPzeWsyUWNlk3RUBRSicrloZeUG_5fLd9A1fvpH8w,Phishing
https://www.asb-portal.cz,Legitimate
https://offyourplate.my.idaptive.app/,Phishing
https://www.halibag.com,Legitimate
https://wwxhajudjgwjklckvzgs1.web.app/,Phishing
https://bit.ly/3BNCLp0,Phishing
https://www.citizenkid.com,Legitimate
https://www.animeporn.best,Legitimate
https://www.shigira.com,Legitimate
https://www.fastbsv.com,Legitimate
https://new.express.adobe.com/webpage/ljyBt6hxMg8fY,Phishing
https://www.crsnic.net,Legitimate
https://www.insurancenews.com.au,Legitimate
https://www.auditmypc.com,Legitimate
https://www.autoshina96.ru,Legitimate
https://app.jotform.com/251872087585570,Phishing
https://www.consignadorapido.com,Legitimate
https://www.twpay.net,Legitimate
https://www.quickfile.co.uk,Legitimate
https://www.zljnd.com,Legitimate
https://bit.ly/dana-Id-Claim-DANA_KAGET,Phishing
https://www.americanhondafinance.com,Legitimate
https://u.ethz.ch/KuKtP,Phishing
https://www.ajour.com,Legitimate
https://www.exodermin.net,Legitimate
https://telkomupgrade.weebly.com/,Phishing
https://www.abaa.org,Legitimate
https://q-r.to/bfgL5m,Phishing
https://www.geekshub.ir,Legitimate
https://www.equian.com,Legitimate
https://live-3rivers-fcu-101.web.app/,Phishing
https://diagnostika.com.ar/presupuesto/c/?fbclid=PAY2xjawIKdlhleHRuA2FlbQIxMAABpmKNnhMsU9XlthHgIhQxFJT2Ss3TjMxHpEIXtkYVT_PYVOWXvupJLj1FIQ_aem_wlIOmJbmLGlpiOXdw9VNLw,Phishing
https://www.vegassolars.com,Legitimate
https://t.co/vTy3RDJIjx,Phishing
https://www.gameloop.fun,Legitimate
https://bdzcb.stellarforg.cfd/kwodzsebmlgaMtylwdyeit,Phishing
https://docs.google.com/drawings/d/1YjfjRS71pZng6fQl1L12p1Q3GwFcO0rp5zmIzQjirv8/edit,Phishing
https://www.equiposytalento.com,Legitimate
https://www.sheldrickwildlifetrust.org,Legitimate
https://qrco.de/bfPfrU,Phishing
https://cek-transaksi.web.app/,Phishing
https://www.detroitriverfront.org,Legitimate
https://middlesexcareselfonlinehtmm.weebly.com/,Phishing
https://www.5qpartners.com,Legitimate
https://www.hirummyapp.com,Legitimate
https://www.sonsofsamhorn.net,Legitimate
https://faruq.boxmode.io/,Phishing
https://sites.google.com/view/1comunicadobanruralgt,Phishing
https://filamentenergy.web.app/,Phishing
https://www.radios.com.co,Legitimate
https://www.ifimthere.com,Legitimate
https://docs.google.com/presentation/d/1GsSK8X4Ohi3CSCNBJaR1SwW3ldY8KqScOLEOJe_MmJ8/pub?start=false&amp;loop=false&amp;delayms=3000&amp;pli=1&amp;slide=id.p,Phishing
https://l.ead.me/bfSQ0x,Phishing
https://www.dropbox.com/scl/fi/fkih9fmg479gsvc6129q1/Make-New-switch-to-BT-Internet.paper?dl=0&rlkey=ziizh9fb2f2f5nc3tarluqr1k,Phishing
https://www.yxmysh.cn,Legitimate
https://bullettrainbtn4.blogspot.com/,Phishing
https://us11.campaign-archive.com/?u=670a77a8b34003b970b2cfbe3&id=be99129e56,Phishing
https://www.5k3unw.com,Legitimate
https://www.rline1.ru,Legitimate
https://www.cams.com,Legitimate
https://19983d.weebly.com/,Phishing
https://www.gstsso.nic.in,Legitimate
https://www.minocw.nl,Legitimate
https://www.sim-net.app,Legitimate
https://www.we-heart.com,Legitimate
https://secure-blockfii-app-cdn.gitbook.io/en-us/,Phishing
https://qrco.de/bfI80i,Phishing
https://www.ygameh5.com,Legitimate
https://qrco.de/bfDYfR,Phishing
https://mylistedx-gmx.ciltgh.org/?malakamalakami,Phishing
https://www.swepney.top,Legitimate
https://www.gestionenergia.eu,Legitimate
https://www.fxxy.net,Legitimate
https://www.fusioncast.com.br,Legitimate
http://pub-51f896deb233450089fc1a520e6ed957.r2.dev/kanehods.html,Phishing
https://www.thenibble.com,Legitimate
https://rcullc.firebaseapp.com/,Phishing
https://www.imcreator.com,Legitimate
https://q-r.to/bfzefH,Phishing
https://servero.1csmart.by/xch12.html?x,Phishing
https://docs.google.com/presentation/d/e/2PACX-1vQKasmIQ8qMLdGlagfUPgHecwBNaDklOuuFRl8bWlBUywbB-ODIoT-aHhCezJYYvYE1f1CY5PL2P0_6/pub?start=false&loop=false&delayms=3000,Phishing
https://www.premtwire.com,Legitimate
https://d7y6rm.lat/uiptmmki/UW6KST/05viVS,Phishing
https://www.xxxpornvideoclips.com,Legitimate
https://qrco.de/bfNmbJ,Phishing
https://www.itrain.com.cn,Legitimate
https://www.valita.us,Legitimate
https://fg0z63sr.paperform.co/,Phishing
https://lt27.de/JnRv8a,Phishing
https://www.megabetusa.com,Legitimate
https://www.fzccg.cn,Legitimate
https://www.ecoweb.co.zw,Legitimate
https://pub-21e191326e594d51b5c592744e3d43ac.r2.dev/index.html,Phishing
http://indusvalleychemical.in,Phishing
https://www.mrhmag.com,Legitimate
https://dhl-bordereaujour.com/,Phishing
https://q-r.to/bfKRDY,Phishing
https://www.weareroadmap.com,Legitimate
https://gmxwebmail-107587.weeblysite.com/,Phishing
https://www.savoirsplus.fr,Legitimate
https://www.aidsmemorial.org,Legitimate
https://www.angkasetan.guru,Legitimate
https://www.lostfilm.life,Legitimate
https://www.cardcosmos.de,Legitimate
https://www.volkswagen.lt,Legitimate
https://pub-6352d7e0ee314f84936a579ae77ce8f6.r2.dev/ausamx.html,Phishing
https://www.netmagicians.com,Legitimate
https://www.somee.social,Legitimate
https://oqeuzaf88.ukit.me/,Phishing
https://webmailauthenticators404.mdbgo.io/?SkavpmjrerC7puHvNXS32IklZwUYW0hMgQ0Ysx0PsDRkY0h3FC,Phishing
https://www.dropbox.com/scl/fi/033x2uguj2nmzbmjh34jc/GGFGFG.paper?rlkey=x76kjxl3u26o12thgcy8zmnkh&dl=0,Phishing
https://www.ratemytwinks.com,Legitimate
https://www.gamersonly.com,Legitimate
https://cpanel-webmail-v0ja0uvosq.pages.dev,Phishing
https://www.genesisturfgrass.com,Legitimate
https://www.intimcity.uno,Legitimate
https://ljbcdkjqb.com%E2%88%95PyunFmVCPB%E2%88%95sLVaKBSw%E2%88%95FCwegecB@lfw2duh2f.cn/cwgqgs.co.jp,Phishing
https://us8.campaign-archive.com/?u=87352b738bca908b41e5e6673&id=c11981c1db,Phishing
http://tiny.cc/ixbe001,Phishing
https://registrate-pront.webcindario.com/,Phishing
https://www.brtrj.cc/it,Phishing
https://new.express.adobe.com/webpage/fxT1ysCA9bvhg,Phishing
https://www.webupon.com,Legitimate
https://new.express.adobe.com/webpage/dSJQcPzkDU7om,Phishing
https://qrco.de/bfRHCn,Phishing
https://mikelatta268.systeme.io/bd3f67c9,Phishing
https://www.onsmart.school,Legitimate
https://www.ecoserrano.com.br,Legitimate
https://www.teknikflode.se,Legitimate
https://t.co/lNf1gv1KdJ,Phishing
https://docs.google.com/presentation/d/e/2PACX-1vSS0impBk8sZ6jGlhL5SuTWdnTbz6VhT1VUhFM4EHlPlAeZBX216gOyvuq15Q6pmT53arTF2BO554GO/pub?start=false&amp;loop=false&amp;delayms=3000,Phishing
https://webmail-roundcubeblack.firebaseapp.com/,Phishing
https://www.abc-t.co.jp,Legitimate
https://pcz-3.weebly.com/,Phishing
https://www.chordslankalk.com,Legitimate
https://form.jotform.com/253140981190050,Phishing
https://w8s4mb.sbs/xumxrtri/FjvUTm/kFSh8B,Phishing
https://www.clova.ai,Legitimate
https://www.tecnoghana.com,Legitimate
https://www.boomerang.com,Legitimate
https://allegro.74682.me/cdn-cgi/phish-bypass?atok=y.ypgw0Bm30PE.WOkSqBeHhTxomOntaSw_HoCyjeqL4-1765884477.62379-0.0.1.1-%2F&amp;amp;amp;amp;original_path=%2F&amp;amp;amp;amp;cf-turnstile-response=,Phishing
https://bit.ly/48OMyXQ,Phishing
https://ww2mtbonline.firebaseapp.com/,Phishing
https://q-r.to/bgWRFJ,Phishing
https://campsite.bio/upgradesvr,Phishing
https://34erfdxbc.web.app/,Phishing
https://new.express.adobe.com/webpage/GBbN4QRyav6Li,Phishing
https://www.arabxn.click,Legitimate
https://us8.campaign-archive.com/?u=7408e0a9417ce4d5b7723c467&id=b078503d2c,Phishing
https://lbpproseanhs.web.app/,Phishing
https://www.drphil.com,Legitimate
https://www.clicky.com,Legitimate
https://www.sti-kg.com,Legitimate
https://www.linticoshop.com,Legitimate
https://us11.campaign-archive.com/?u=60fa9be0336375dbe99068eb4&id=efdc1450f5,Phishing
https://bit.ly/3YFiH19,Phishing
https://www.vndoc.com,Legitimate
https://www.meteobalkans.com,Legitimate
https://www.neraka888m2.com,Legitimate
https://userinfo5.wixsite.com/my-site,Phishing
https://qrco.de/bfT12z,Phishing
https://www.qzhost.com.br,Legitimate
https://www.impactbusiness.com,Legitimate
https://www.iitbhu.ac.in,Legitimate
https://qrco.de/bfwhM2,Phishing
https://q-r.to/bfMGcC,Phishing
https://www.hnncsb.org,Legitimate
https://www.luolantuwen.com,Legitimate
https://www.jkpsc.nic.in,Legitimate
https://qrco.de/rD31J0Zs1d/?NUpxE2VRH2fdlv1fKjL7OKBOzlc0oyHA,Phishing
https://qrco.de/bds7VB?trackid=eCYtj8hV9ffkdrYqU9FCQtNtQ73KO0yCkWnXv0CHU,Phishing
https://www.moyangjuara.xyz,Legitimate
https://tipiano.com/mai.php,Phishing
https://did.li/bitt-pay,Phishing
https://www.filestube.com,Legitimate
https://contatobiaonline.ru.com/,Phishing
https://page-loading-squad-10008744.web.app/,Phishing
https://www.karateco.com,Legitimate
https://qrco.de/bf89T6,Phishing
https://www.5468936.xyz,Legitimate
http://freeaddposting.com/wp-includes/theme-compat/bmo/BMO12/BMO12/BMO12/BMO11/BMO11/bankofmontreal/montreal/bmo/index.htm/,Phishing
https://www.moonlt2.com,Legitimate
https://www.ideidlyanas.net.ua,Legitimate
https://www.tokai.coop,Legitimate
https://www.pca-cpa.org,Legitimate
https://www.arti.edu.az,Legitimate
https://my.qr-cloud.com/unoijoi,Phishing
https://sites.google.com/view/dhhhfhfhhfjdlk/home,Phishing
https://www.teamfortress.com,Legitimate
https://www.qaao.cn,Legitimate
https://www.gdmissionsystems.com,Legitimate
https://gucuggj.weebly.com/,Phishing
https://xiyx5h.webwave.dev/,Phishing
https://bafkreiglic53vb6la5h7zesx5o7pppr2dittisdarjzmsaegzeu6zhokhe.ipfs.dweb.link/,Phishing
https://www.muhasebe360.net,Legitimate
https://qrco.de/bfI3yA,Phishing
https://www.tante777menang.com,Legitimate
https://qrco.de/bfTIPN,Phishing
http://ezKKG26-f4d777af882c6452cf8f08055cfe63e1.jarrodchong.com/?aWZ1Y2tlZEB5b3VybW9tLmNvbQ==,Phishing
https://macizocapital.com/htaccess/,Phishing
https://www.alibaba99amp-id.site,Legitimate
https://www.cr-relay.com,Legitimate
https://www.nyxmalta.com,Legitimate
https://teyoplserdinme.weebly.com/,Phishing
https://kucunlogn.webflow.io/,Phishing
https://docs.google.com/presentation/d/e/2PACX-1vRVo4-nOEFcZWMbj5ZJi6em1HHYHo1CmofRMeDOEJvcbXd9Lt7n67epbDfNnBAO2VR9YO4poqLHFlpp/pub?start=false&amp;loop=false&amp;delayms=3000,Phishing
https://docs.google.com/presentation/d/e/2PACX-1vT5UHpMx2v9jZhxQjzT5xRlM0ySew1lbGCNFNSpb2FgqBpEUi44lWMS89BaGH-g-lWMTMj5H5rWGigN/pub?start=false&amp;loop=false&amp;delayms=3000,Phishing
https://bt-mail-update-ae4ut.daftpage.com/,Phishing
https://l.ead.me/bfYfR4,Phishing
https://www.ardienteplacer.com,Legitimate
https://home-100833.weeblysite.com/,Phishing
https://docs.google.com/presentation/d/e/2PACX-1vQ1654ZDiZbBAIUQrYQs0VmcM4768ZppxcFF-RemsUuvS3rXWgBCAoJZZPxYudRAQqtijtpYSIRKn5W/pub?start=false&amp;loop=false&amp;delayms=3000,Phishing
https://www.chenshipin.com,Legitimate
https://www.farmaciabrito.com.br,Legitimate
https://www.585betpay.com,Legitimate
https://q-r.to/bfIPP3,Phishing
https://www.hbzwfw.cn,Legitimate
https://wentyayaya.weebly.com/,Phishing
https://fgddsws.m-pages.com/,Phishing
https://mohsinabbas19.github.io/fsh/,Phishing
https://www.bon-clic-bon-genre.fr,Legitimate
https://did.li/WmpmC,Phishing
https://www.tawerna-gothic.pl,Legitimate
https://www.fhfwb.com,Legitimate
https://www.seventhvision.com.au,Legitimate
https://www.truyen-hentai.com,Legitimate
https://www.ainewspoint.online,Legitimate
https://www.autodual.hu,Legitimate
https://qrco.de/bfPcpg,Phishing
https://unlockmicrosoft.webcindario.com/,Phishing
https://www.smokescanada.com,Legitimate
https://www.solitairetime.com,Legitimate
https://sicherheit-hilfe.weebly.com/,Phishing
https://www.onesafeplace.com,Legitimate
https://banei-keiba.or.jp/xhhUzuN,Phishing
https://www.crust.com.au,Legitimate
https://www.fnnsy.cn,Legitimate
https://intra-frostbank-web-staging.azurewebsites.net/FrostBank/login?returnurl=%2f,Phishing
https://www.pnas.org,Legitimate
https://www.complyhosted.com,Legitimate
https://l.ead.me/bfNbkS,Phishing
https://ljvbe.postmailcenter.cfd/v8/app/vive/login/sanjund?track=785212221536358544,Phishing
https://troudball.bordereau-dossier.com/,Phishing
https://www.myedusite.com,Legitimate
https://bafkreigob4xcbbtut6tb7aacum2cklrxqmcfq3haryov6ynvms77krhqdy.ipfs.dweb.link/,Phishing
https://share.hsforms.com/1nY3GSBMDTfiXhZHklWqF1wt4865,Phishing
https://lite.evernote.com/note/2fecb31a-c423-892b-582c-3f59620a922b,Phishing
https://qrco.de/bfImJt,Phishing
https://l.ead.me/bfMeq9,Phishing
https://www.rasht-drc-tusaas.info,Legitimate
https://pichincha2025.webcindario.com/,Phishing
https://surproductionlift.firebaseapp.com/,Phishing
http://kidsempiires.com/,Phishing
https://www.italia188jpwd.com,Legitimate
https://www.sinosdwan.com,Legitimate
https://www.micineovs.com,Legitimate
https://www.odoofin.com,Legitimate
https://www.rtwv.cn,Legitimate
https://www.gbitt.info,Legitimate
https://myiccu.firebaseapp.com/,Phishing
https://www.programattik.com,Legitimate
https://us9.campaign-archive.com/?u=2d63783367e971fdd9c39596e&id=82959263af,Phishing
https://qrco.de/bfIav7,Phishing
https://www.clinicaloptions.com,Legitimate
https://fr-messnotif.web.app/,Phishing
https://qrco.de/bfQQ3l?hT=taVHkAO3n,Phishing
https://www.residentslotplay.com,Legitimate
https://eroplinretuin.weebly.com/,Phishing
https://www.todaytix.com,Legitimate
https://l.ead.me/bfXgIE,Phishing
https://www.harley-creative.com,Legitimate
https://ov-h-709f2.web.app/#a@b.com,Phishing
https://distribution-colis.com/check/calcul.php,Phishing
https://www.vavada-mosa.top,Legitimate
https://www.khsyjt.cn,Legitimate
https://bi-enlinea.webcindario.com/,Phishing
http://eferroeacobrza.blogspot.com,Phishing
https://www.sadaadf--d.com,Legitimate
https://v1and1-ionos-info-2hyeo.ondigitalocean.app/,Phishing
https://docs.google.com/presentation/d/e/2PACX-1vT6nj5Z8hOXTunn2eFG8-Lauq1DzEsEKLlNPoYwxty_uIAVuklTRZoLRIQW7NJMl20sh-urE-foCgLB/pub?start=false&amp;loop=false&amp;delayms=3000&amp;slide=id.p,Phishing
https://docs.google.com/presentation/d/1VMkBDHLIwF8T671PlwwShY8JfEB7wQOswiam3YccFc8/pub?start=false&amp;loop=false&amp;delayms=3000&amp;slide=id.p,Phishing
https://bit.ly/3U7wSsI,Phishing
https://q-r.to/bfMu9p,Phishing
https://ee-repayment-update.firebaseapp.com/,Phishing
https://www.legithotelreviews.com,Legitimate
https://sites.google.com/view/byusjdu/accueil,Phishing
https://www.libsta.pl,Legitimate
https://www.srvman.ru,Legitimate
https://www.silpa-mag.com,Legitimate
https://www.sugunapickle.com,Legitimate
https://www.returnscenter.com,Legitimate
https://l.ead.me/bfXZNB,Phishing
https://joelosteen12645-creator.github.io/ok/#%5Bemail%C2%A0protected,Phishing
https://bafkreidrfhbmxe7a6slnmj7vrqpgnyaaal2iqjzcqydl6hxlls43m4iqv4.ipfs.dweb.link/,Phishing
https://fodes.appclient-packets.com/,Phishing
https://www.emoticonestips.com,Legitimate
https://l.ead.me/bfI49t,Phishing
https://kthkonto-se.weebly.com/,Phishing
https://neartail.com/public/104571510943372311186/all/form/1FAIpQLSfd71JQGqjclhcUeCiTt7Q5bSFKlURftJLkAmGLAzoi_adyLA,Phishing
https://helpcenter-businesscommunity.pages.dev/,Phishing
https://cancellnsccu-acessonline.web.app/,Phishing
https://ipfs.best-practice.se/ipfs/bafybeig3b6gxnwqc5i3bwq5oiet3gftq4by3lv24e52gj3afiqnyjlfuje,Phishing
https://www.ndncollective.org,Legitimate
https://www.becker-antriebe.com,Legitimate
https://www.aura.site,Legitimate
https://www.0077pgvip.com,Legitimate
https://www.pleasanttravelservice.com,Legitimate
https://www.rshld.eu,Legitimate
https://www.qiscus.com,Legitimate
https://trezriostartpublic.m-pages.com/en-us,Phishing
https://www.adbl0ck.com,Legitimate
https://www.tornadodesign.com,Legitimate
https://atineddikkom.firebaseapp.com/,Phishing
https://qrco.de/bfMBCf,Phishing
https://votecontest.pages.dev/,Phishing
https://app.neuraltext.com/document/share/605f2d59-feb0-4eb0-9a6c-2167ba20eb26/,Phishing
https://qrco.de/bfJWSX,Phishing
https://docs.google.com/presentation/d/e/2PACX-1vStwEeNh-pgR329uuyjyx1Uy4l74N8aSvTMb4vhL55XZhuFi3SnZLHOal8QCt9eKoU1IrfpWzvcsNRV/pub?start=false&amp;loop=false&amp;delayms=3000,Phishing
https://l.ead.me/bf283QuXNSet9302003tings,Phishing
https://forms.app/form/6654d473033ee1f8085e746e,Phishing
https://docs.google.com/presentation/d/e/2PACX-1vQvXPJVM1PZYNuiy50V59uIk3-CF8JO2cphMU7Oa1KJ7nVfWPnJHeW3KdjR6VrEwMQDoJ4HtkW6OGQM/pub?start=false&amp;loop=false&amp;delayms=3000&slide=id.p,Phishing
https://pub-65fb3d2811214c428554cb0cbb3e8b7f.r2.dev/w78mmop.html,Phishing
https://www.balloonfiesta.com,Legitimate
https://www.autodoc.pl,Legitimate
https://www.the-chara.com,Legitimate
https://www.trymaia.co,Legitimate
https://www.pacifica.org,Legitimate
https://docs.google.com/presentation/d/e/2PACX-1vRmoMPj_2oecsQSAvwTvQwAUQq93dmla0GpRY04cIu7NyfgiHceueltdkKWGRg9hNZtXlIKWjxVx2A0/pub?start=false&amp;loop=false&amp;delayms=3000,Phishing
https://app.jotform.com/251921460185152,Phishing
https://q-r.to/bfLMfW,Phishing
https://new.express.adobe.com/webpage/Sq08jgd6Wv7IX,Phishing
https://www.greenheck.com,Legitimate
https://docs.google.com/presentation/d/e/2PACX-1vSUHTUFJlqfndTguepuYzBwaO3oHJ5qWdTmZfTcQyfq4lbxtFezaqrbgaUBMwBt2eg6S5pxQ-Zs9QUm/pub?start=true&amp;loop=true&amp;delayms=3000&amp;slide=id.p,Phishing
https://www.internationalwomensday.com,Legitimate
https://hattddzmw.firebaseapp.com/,Phishing
https://bit.ly/3wNcuEO,Phishing
https://www.mavir.hu,Legitimate
https://www.workingdays.org,Legitimate
https://www.k1speed.com,Legitimate
https://www.sprkontti.fi,Legitimate
https://www.ccel.org,Legitimate
https://www.represent.com,Legitimate
http://buteegch.mn/UP/,Phishing
https://www.zbquanhe.com,Legitimate
https://qrco.de/bfMipv,Phishing
https://www.consejodeestado.gov.co,Legitimate
https://q-r.to/bfFPiN,Phishing
https://www.accessdg.com,Legitimate
https://docs.google.com/presentation/d/e/2PACX-1vSAodUmF1ZH4syWn-KIEUECU79D3YqWsumKBf6B5Rxc6ayqwjK3orys15UebMgvw8X9oDCxDh9wdBVm/pub,Phishing
https://www.visitweb.com,Legitimate
https://melkonjlo.firebaseapp.com/,Phishing
https://docs.google.com/presentation/d/e/2PACX-1vR6CRKL4kK-lRaTmESd2LJi37CCKGcdvFZKySc-KHbHwAUm-2-gn8yemI7zba5yRR-mVJYS67Rsvb1a/pub?start=false&amp;loop=false&amp;delayms=3000,Phishing
https://securebci.webcindario.com/bci/index.html,Phishing
https://www.fooms.cc,Legitimate
https://sites.google.com/view/fayssalkarmie/,Phishing
https://rmqzpwxt.top/jp/,Phishing
https://bafkreidyfhorsp6ihan77kqnjuqsygughvycug6xfu3szia4ja4s3l2i4q.ipfs.dweb.link/,Phishing
https://www.konsument.at,Legitimate
https://ionos-de-login-ionos-de.blogspot.com/,Phishing
https://www.dockerproxy.net,Legitimate
https://q-r.to/bfF2wY,Phishing
https://www.8s5q.com,Legitimate
https://sbbkonto.cluster1.easy-hebergement.net/rechung/pass/,Phishing
https://www.ningmian.cn,Legitimate
http://acir.postofficeweb.com/grupoacir/11118276-MqcOKbyBNHxKGw,Phishing
https://www.kss45.ru,Legitimate
https://sapowebserver.wixsite.com/pdf-file,Phishing
https://www.755bet.app,Legitimate
https://www.yzlhdq.cn,Legitimate
https://sodasoftheworldrivefr.firebaseapp.com/,Phishing
https://sites.google.com/view/sistebanpro/inicio,Phishing
https://www.pypad.ru,Legitimate
https://pub-d0f689eb293b449b99b718c946a21d9f.r2.dev/index.html,Phishing
https://webservicemail2.weebly.com/,Phishing
https://bt.daftpage.com/000,Phishing
https://www.777fe.org,Legitimate
https://www.script-tutorials.com,Legitimate
https://www.rebellion.global,Legitimate
https://nonenforceable976.cyltra.onl/nonfatal857/#Xradoslaw.kuropatnicki@pkobp.pl,Phishing
https://qrco.de/bfMwMG,Phishing
https://www.fx94.com,Legitimate
https://www.thermasdegrinon.com,Legitimate
https://www.beziers-mediterranee.com,Legitimate
https://docs.google.com/drawings/d/1IFAtRPJj_hj08-pGHn6FbctGhqxg8EtWo-4l4x8ABO0/edit,Phishing
https://docs.google.com/drawings/d/190JXwR1sx8nOjjDBvUISGN4VtxRMzGr3YhM-wpAEFm8/edit,Phishing
https://www.modsats.com,Legitimate
https://kleinanzeigen.09152.icu/receive/472215091&ex=iframe&challenge=rlWcqvV6VyuuMREnrJIEF3WipQHjISjiVvjvL2yjnTIlqTI4qPV6VzcvqSOEMzgEpSqFJSu3CG0vYPW0LJpvBvWFH2clDyjiZmpkJQq5ZTyKHzf1GKAcHG09VvjvLJSxVwbvMKyXZTSKZJkWnz94GacMZ09RL3yBESI4GTcOq01dEKyBZmN9VvjvL2AuVwbvDIABEyb0oKW6MGuPFGOJozyuqx43q0IdHyqyFaR4Z3MOH05TJwEgpacyBQ0vsD%3D%3D,Phishing
https://qrco.de/bfEnQG,Phishing
https://www.unirita.co.jp,Legitimate
https://www.nooooooooooooooo.com,Legitimate
https://www.baken.one,Legitimate
https://www.lausd.net,Legitimate
https://www.boskudanaga.xyz,Legitimate
https://docs.google.com/presentation/d/e/2PACX-1vQNXoO8UvBnDBITkZby-SU9zS-dHScxa2hh0YwbEtfahpW9VJo48TfOB-10Ol2duICJnLRl0d4VVbdN/pub?start=false&amp;loop=false&amp;delayms=3000,Phishing
https://www.ballelements.com,Legitimate
https://www.voiceofoc.org,Legitimate
https://portal-agc-gov-my.weebly.com/,Phishing
https://l.ead.me/bfY9iR,Phishing
https://t.co/1ocKcULk2M,Phishing
https://www.donghuastream.online,Legitimate
https://eu.jotform.com/app/251738517986574,Phishing
https://docs.google.com/presentation/d/e/2PACX-1vR2chhBTn9RgXNHHEslF1GPW2_Xq1L817ySV-xekMwhupZOWUh_3n68nV4f23l5FLSy8ZMur-MkhLFh/pub,Phishing
https://www.moto-station.com,Legitimate
https://www.amravati.gov.in,Legitimate
https://www.tmn.one,Legitimate
https://ppt.cc/fQn1nx,Phishing
https://docs.google.com/presentation/d/e/2PACX-1vQioChlnpupoZA-9L-7-jTkKtay9gM_Fh7Gest5mpMFQwTjHutUOGFm7SGz6SHxNpaFPO_vKFzgPt-r/pub?start=false&amp;loop=false&amp;delayms=3000,Phishing
https://www.weloma.blog,Legitimate
https://seconnectesurar24service01.jimdofree.com/,Phishing
https://www.8600082999.com,Legitimate
https://sites.google.com/view/server09293/home,Phishing
https://www.mid.kz,Legitimate
https://q-r.to/bfGwTW,Phishing
https://sgt3yje16.ukit.me/,Phishing
https://www.motorsactu.com,Legitimate
https://www.slim01.jp,Legitimate
https://www.curiositybox.com,Legitimate
https://bit.ly/4gLQyeq,Phishing
https://www.fabrique-a-filets.com,Legitimate
https://bit.ly/4gZMxmR,Phishing
https://www.byggforsk.no,Legitimate
https://www.servicewhale.com,Legitimate
https://www.dynamics.com,Legitimate
https://szteoltopont10001.weebly.com/,Phishing
https://www.cabify.com,Legitimate
https://did.li/oJjDN,Phishing
https://qrco.de/bfJtIC,Phishing
https://www.surfkeppler.de,Legitimate
https://www.poersmart.com,Legitimate
https://1l7yc.trk.elasticemail.com/tracking/click?d=ou7FtCqNF9TUKf-IMxhg7c4xeOyGoDqKA4O6Uhk6cq5chXrp8XYsILpoIvz23_JF4EkuDe1WHqARMD8wv0aUOXmv5am5_d6HJOvO9XlEIuXnREaquagq5YLG-2SmWOXeVMutwgG5XjITrU_zgZs3F7_5WppdL0obYuFPCxSkQ5ZY0M9MfX2vmo13fl2ByDRwN3lulPS9qG40iIKR3ZCaDls1#cmljaHRlckBteXJydC5kZQ=,Phishing
https://danczyq.cn/pib-79/support/9WGGFpzsHDTQ/1j06GC/account/6CFCV-0/support/gwAK3/notifications/6G-RnKZ/settings/LFmXM/wishlist/aQyDOf/tracking?page=tCRe&amp;clickid=KaT5zXnX3eqa&amp;locale=ja-JP,Phishing
https://www.googledomains.co,Legitimate
https://www.banker999.fun,Legitimate
https://www.boringsoftware.com,Legitimate
https://www.dofus-retro.com,Legitimate
https://forms.gle/KHHanhfgPeCuTwZL9,Phishing
https://www.ricis99mode.com,Legitimate
https://www.sz886.cn,Legitimate
https://www.pohonemas33.website,Legitimate
https://www.ohmyglasses.jp,Legitimate
https://bit.ly/3JrjTjo,Phishing
https://www.furniturelanddist.com,Legitimate
https://www.mixhostadult.jp,Legitimate
https://www.journey-to-american-beef-2025-autumn-cp.com,Legitimate
https://www.ojiholdings.co.jp,Legitimate
https://qrco.de/bfXja0,Phishing
https://docs.google.com/presentation/d/e/2PACX-1vSjFjyBX9vJ6ZTfLvE6E8ueEVD8cDjJxw1DGzMiFx2iytUtiJqAP4bQD1ItboFbFSQJVKR-LXV6Moix/pub?start=false&amp;loop=false&amp;delayms=3000&amp;pli=1&amp;slide=id.p,Phishing
https://qrco.de/bgWBRC,Phishing
https://www.alfascan.ru,Legitimate
https://www.limavin.com,Legitimate
https://vinculaitau.webcindario.com/,Phishing
https://www.xfao.cn,Legitimate
https://coinbasepro10000.webcindario.com,Phishing
https://tbaytellcommunication.weebly.com/,Phishing
https://www.vagasremotas.net,Legitimate
https://www.ultrawin.co.in,Legitimate
https://pub-8157143582624c2e9ebe755a63ae4fc9.r2.dev/index.html,Phishing
https://linqapp.com/alfred_amen?r=link,Phishing
https://free-5512703.webadorsite.com/,Phishing
https://www.swojskiejedzonko.com,Legitimate
https://cavaallerfort-8c1c9.firebaseapp.com/,Phishing
https://q-r.to/bfG5ws,Phishing
https://docs.google.com/presentation/d/1Q25k5h6fLJMRI8MkIZnfy_NLWVCZcQTsBp5ohwS9oK4/pub?start=false&amp;loop=false&amp;delayms=3000&amp;slide=id.p,Phishing
https://zimibra.weebly.com/,Phishing
https://passage-report.com/index.php,Phishing
https://www.circleofblue.org,Legitimate
https://www.emagistro.it,Legitimate
https://www.naruto-official.com,Legitimate
https://www.antwerp.ir,Legitimate
https://www.jackbakti.com,Legitimate
https://awqkvac.cn/jyltvjxb.co.jp,Phishing
https://uhaul-pos.net,Phishing
https://www.dropbox.com/scl/fi/tzstxikl6bdulbkn1yhmn/Your-Latest-Bill-Is-Available-Online.paper?rlkey=jiqzbd12sdsjblbxx1ndrbcsi&st=q0pbmi3q&dl=0,Phishing
https://www.oxdea.gt,Legitimate
https://www.hamrah.academy,Legitimate
https://www.alivewebworks.com,Legitimate
https://ovh.auth-domain.com/index.html,Phishing
https://www.gawat138-3.com,Legitimate
https://www.autobcc.com,Legitimate
https://www.petalmail.com,Legitimate
https://www.katiaribeiro.com.br,Legitimate
https://www.mylegion.org,Legitimate
https://www.dreo-cloud.com,Legitimate
https://q-r.to/bfLXYH,Phishing
https://t.co/Ca9mLCOj6a,Phishing
https://ginmenilogeun.gitbook.io/us/,Phishing
https://qrco.de/bfWqbA,Phishing
https://qvyhszsip.com/?token=,Phishing
https://www.vitalitygames.com,Legitimate
https://www.gg789bet.com,Legitimate
https://www.taktikstore.com,Legitimate
https://www.monsterwincasino.top,Legitimate
https://www.allkindsofsocial.com,Legitimate
https://www.crowdtech.com,Legitimate
https://www.114df.cn,Legitimate
https://www.fronteratelecom.com,Legitimate
https://resume.io/r/ne37s0Tod,Phishing
https://www.beny.co.jp,Legitimate
https://pub-db912107348f4b82b34f036240f517f3.r2.dev/zoh6936232.html,Phishing
https://pub-87d66414183345baaa06b7793685d440.r2.dev/link-3.html,Phishing
https://www.skatepro.nl,Legitimate
https://l.ead.me/bfKfKv,Phishing
https://www.sec19org.com,Legitimate
https://www.nanoservers.net,Legitimate
https://docs.google.com/presentation/d/e/2PACX-1vSVYcyYYrOItrBQNfXIRL-5U3b_Czr6uF1Klu4BCcKnWwmBiFefzzxduBOdzU1LpbciOsO6JwlNjoqO/pub?start=false&amp;loop=false&amp;delayms=3000,Phishing
https://www.ecutesting.com,Legitimate
https://lookerstudio.google.com/s/g0kv3be5Ork,Phishing
https://l.ead.me/bfMI9t,Phishing
https://www.christmaslightsetc.com,Legitimate
https://zitomedia.weebly.com/,Phishing
https://www.qxmedic-aulavirtual.com,Legitimate
https://zzgzny.cn/Login,Phishing
https://www.mostbet11062.ru,Legitimate
http://tangkorings.rf.gd/,Phishing
https://1inch-extension.vercel.app/,Phishing
https://www.paramountkc.com,Legitimate
https://tu-braunschweigemail.weebly.com/,Phishing
https://share.hsforms.com/2pllnSRzoQbegD8bPKEXKtgti6wr,Phishing
https://q-r.to/bfNZyP,Phishing
https://www.mskvremya.ru,Legitimate
https://www.redbullphotochallenge.com,Legitimate
https://gomezmunisanisidro.weebly.com/,Phishing
https://docs.google.com/drawings/d/14zRzgfhE7900G6_h6AXrSX2tabERiIteVM6CyBa1GN0/edit,Phishing
https://www.metrohealth.net,Legitimate
https://www.stoklasa.pl,Legitimate
https://www.b2bmarkt.gr,Legitimate
https://www.xstalk.com,Legitimate
https://www.retail.ru,Legitimate
https://www.melbetkino.ru,Legitimate
https://lipnqqmebq.firebaseapp.com/,Phishing
https://sites.google.com/view/jsuwq/p%C3%A1gina-principal,Phishing
https://www.renskincare.com,Legitimate
https://cebjiankb5.web.app/,Phishing
https://pub-e4efbbd740ce40d2ac91b55c3e0107be.r2.dev/index.html,Phishing
https://myidteistraeami.weebly.com/,Phishing
https://l.ead.me/bfRBXp,Phishing
https://www.pb-resolv.com,Legitimate
https://qrco.de/bfJwg2,Phishing
https://www.qbl.com,Legitimate
https://www.amberaviation.com.au,Legitimate
https://www.kristelnail.shop,Legitimate
https://docs.google.com/drawings/d/1dyqqGnHjkXWpQaS6voC6xx3HRFPJ8Q86AMpPAaBzc_4/edit,Phishing
https://l.ead.me/bfMRkZ,Phishing
https://q-r.to/bfCSZq,Phishing
https://www.1xbet-gdv.top,Legitimate
https://us10.campaign-archive.com/?u=a793695002cc3da084f772b58&id=261c727a2d,Phishing
https://www.adsrvr.org,Legitimate
https://absf4csecurity.co.za/HaugTAf,Phishing
https://25a9ff8c.sibforms.com/serve/MUIEABmL7XzDnzmnDyC5H_8ekpmeFnVnzus4ysUMkOlld3AHGTDYmbUKvVit2VPHokX0A7bEGqf0AyODsAsbr-xhicA9bK-htyWaIhF3tmZj0VMmNf4ECTpu08KQC3RjwlkHM7u8rWcS33Rc3SkC5vIUpCMOv7bblVZcK43huNer_MprJmy2UP-YltCJus8RNO2g0yXs6hIQbplT,Phishing
https://qrco.de/bfDDX8,Phishing
https://www.3dsintegrator.com,Legitimate
https://www.realproserver.com,Legitimate
https://q-r.to/bfG3VC,Phishing
https://www.maybank.co.id,Legitimate
https://www.flowcode.com/page/checking,Phishing
https://www.sep.gob.mx,Legitimate
https://www.detailedassessment.com,Legitimate
https://www.aliasacquari.it,Legitimate
https://mybtservice.makeweb.co/,Phishing
https://atencionintegral240.weebly.com/,Phishing
https://www.scclmines.com,Legitimate
https://www.remont-ipad-pro.ru,Legitimate
https://www.casadeco.com,Legitimate
https://pub-fe47764ca3fb4d9dbd3faee98a531d23.r2.dev/index.html,Phishing
https://www.mozakin.com,Legitimate
https://q-r.to/bfdIx3,Phishing
https://www.sonnenschutz-riese.de,Legitimate
https://www.dropbox.com/scl/fi/mosl7vt3d37dtgjma52kw/BTINTERNET-PAGE.paper?rlkey=ftik99ue4bfhqjwnd4w72nh3s&st=s78wr3yt&dl=0,Phishing
https://eastlink-100812.square.site/,Phishing
https://www.itecos.com,Legitimate
https://www.fancourier.eu,Legitimate
https://cloudonlinemicrosoreft.de/sharing/fedex/index.html#webmaster@cuni.cz,Phishing
https://www.corkbeo.ie,Legitimate
https://t.co/E0Dezo3dl2,Phishing
https://www.bigboobsalert.com,Legitimate
https://www.enrirseir.site,Legitimate
https://new.express.adobe.com/webpage/jAmVHn8gyZ1sv,Phishing
https://server-101724.square.site/,Phishing
https://www.copetti.org,Legitimate
https://www.winsungz.cn,Legitimate
https://uixen.troniva.cfd/8ped9qt1fq7yM0gmflsj4t,Phishing
https://bafkreidsnog54qjibssoqls6nczhfth4fzioht73gxrif7k32jcif24bba.ipfs.dweb.link/,Phishing
https://www.studio-radish.com,Legitimate
https://www.jugaygana.bet,Legitimate
https://www.marketingmagazine.co.uk,Legitimate
https://www.judicialnexus.com,Legitimate
https://bit.ly/3SNQGAm,Phishing
https://linksta.cc/@trgfhhjr,Phishing
https://docs.google.com/drawings/d/1fF9mMmUEA4B-sFS5oLqDZG6Yi66N6XUKd_hN4aIepik/edit,Phishing
https://m365-munich-airport.de/app/YmBgBEDBy6wio4p98dtt6J,Phishing
https://bafkreihpkum5zs74c3dbi6n6tmj6wv7bfvo4qiy3kqjf5q7iwewpn4we6u.ipfs.dweb.link/,Phishing
https://www.bizprofile.net,Legitimate
https://www.1xbet-nigeria12.com,Legitimate
https://tinyurl.com/35wtafkk,Phishing
https://www.lnhausp.cn,Legitimate
http://b1f2aa0981.rf.gd/termsofservice.html,Phishing
https://docs.google.com/presentation/d/16Gyfmzrka0yf3NzldRxR0903VhPIvRr983oJJA0x3c8/pub?start=false&amp;loop=false&amp;delayms=3000,Phishing
https://l.ead.me/bfNnRe,Phishing
https://www.castlereefrentals.com,Legitimate
https://www.humain.com,Legitimate
https://www.wuganjie.cn,Legitimate
https://www.otakukart.com,Legitimate
https://www.100megsfree.com,Legitimate
https://www.ncti.com,Legitimate
https://bafkreidx3ydhyisvhwztz76vszcpycaoxzjhha5a2dzi2ybrx4h5oiudze.ipfs.dweb.link/,Phishing
https://onx.la/5d1eb,Phishing
https://sp406530.sitebeat.crazydomains.com/,Phishing
https://pub-f46924b64d9641f6a0cbcfdc1cd89d24.r2.dev/oautth.html,Phishing
https://www.internetdinamica.com,Legitimate
https://eamcsrewards.weebly.com/,Phishing
https://smsmmddndn3844222.weebly.com/,Phishing
https://www.mystorageindo.com,Legitimate
https://www.drgdj.top,Legitimate
https://dappwalletauth.web.app/,Phishing
https://share.hsforms.com/1nbHeiHJYTz6JjEnwwc8yWwt0ena,Phishing
https://www.motchilltv.gg,Legitimate
https://www.cammansions.com,Legitimate
https://www.vodadns.com,Legitimate
https://q-r.to/bfJwB3,Phishing
https://www.juniors.com.mt,Legitimate
https://www.velldoris.net,Legitimate
https://www.plutio.com,Legitimate
http://azuki-110716005.vercel.app,Phishing
https://qrco.de/bfKPrl,Phishing
https://www.myip.link,Legitimate
https://us9.campaign-archive.com/?u=00022c59e8530fa57c6eede2b&amp;id=b=,Phishing
https://www.planetpayment.com,Legitimate
https://www.drobo.com,Legitimate
https://q-r.to/US951490,Phishing
https://l.ead.me/bfPunb,Phishing
https://www.chayixuan.com,Legitimate
https://www.connetti.net,Legitimate
https://supports-ulys.com/as.php,Phishing
https://tinyurl.com/teistraa,Phishing
https://de10027.web.app/,Phishing
https://www.westernunion.pl,Legitimate
https://www.drfeenstra.com,Legitimate
https://lounoin.web.app/,Phishing
https://royalmail-delivery-issue.web.app/,Phishing
https://www.outzer.fr,Legitimate
https://uat.zro.app/,Phishing
https://sites.google.com/view/provnccas/,Phishing
https://www.sukarajashop.com,Legitimate
https://sites.google.com/view/att-login98o/home,Phishing
https://wf03link.web.app/,Phishing
http://multiespaciosgt.com/web/infos.html,Phishing
https://www.doingbusiness.org,Legitimate
https://fbusinessfix.firebaseapp.com/,Phishing
https://www.w6mh5mrege.com,Legitimate
https://www.winnerstrategy.com,Legitimate
https://www.diffuse.tools,Legitimate
https://www.cf-moto.fr,Legitimate
https://allegrolokalnie.pl-oferta2784324.sbs/,Phishing
https://verificationnewprocess.weebly.com/,Phishing
http://anandsr-dev.github.io/facebookclone,Phishing
https://sites.google.com/view/webhidsods/home,Phishing
https://www.duit.de,Legitimate
https://www.isnet.net.tr,Legitimate
https://allegro.74682.me/cdn-cgi/phish-bypass?atok=hXYEWxRU6Pygvd1KTQWWTJ39P4c2IB7tKwqAmW7GaMA-1765512450.7802112-0.0.1.1-%2F&amp;amp;amp;amp;original_path=%2F&amp;amp;amp;amp;cf-turnstile-response=,Phishing
https://www.yvmads.com,Legitimate
https://docs.google.com/presentation/d/e/2PACX-1vSwjVpgOV89-i_SSTqkNU2TrpZTgK9hgCjepOdtLZRJF3QK9PyMkHZUCnHAwwy30rkPhA1XprFe1l7w/pub?start=false&amp;loop=false&amp;delayms=3000,Phishing
https://www.nishinippon.co.jp,Legitimate
http://sac-terra.paginas.site/,Phishing
https://to.studentiunimi.it/dhH_JDw,Phishing
https://www.mabar88jumbo.skin,Legitimate
https://docs.google.com/presentation/d/128eCO-FFu8vydqaoNM_JrfwtegxXAHmeLMF4AEO4BEY/pub?start=false&amp;loop=false&amp;delayms=3000,Phishing
https://www.rteam.tech,Legitimate
https://ipfs.io/ipfs/bafkreicnwgv5fwyr3n2h6pvpubajl5jymfleckwe4cwn5e4w67jfkoiloq,Phishing
https://neartail.com/public/104039238619467418838/all/form/1FAIpQLSebsGFwEnG0_NaTzZzMppI8XQwwqaPny5NXVt3c-RPOb7JcAw,Phishing
https://www.neifupan.cn,Legitimate
https://www.quera.com,Legitimate
https://www.hr-inform.co.uk,Legitimate
https://www.pageupdirectory.com,Legitimate
https://www.dyndns.info,Legitimate
https://www.probnick.ru,Legitimate
https://l.ead.me/bfIxem,Phishing
https://www.syncovery.com,Legitimate
https://wildcard.facture-rapide.fr/s/63BZGFSVBWSFCDX7Y9/584dd8/90eab167-7429-489f-99f6-ce86e8d0d81a,Phishing
https://www.whitbycobbler.com,Legitimate
https://www.trustmobilizer.com,Legitimate
https://docs.google.com/presentation/d/e/2PACX-1vSE8rnyrWOG_pnoBzczdgUgSLu7vRXa6wyin-UCseTIKRAaAcRgSQz9DcEm8B06-5VHs2H-URrppmvV/pub?start=true&loop=true&delayms=3000&slide=id.p%3E.,Phishing
https://www.asianwomen.pics,Legitimate
https://renaud.client-pickups-sms.com/,Phishing
https://www.commsec.com.au,Legitimate
https://docs.google.com/presentation/d/e/2PACX-1vR1DGVUb8Ww5jeCbus4mgRHr4YiDl9TYRa547MSUTw9UN4m5ZzODfrPNxZ2vUjIsRGUu0oUChY0BQtj/pub?start=false&amp;loop=false&amp;delayms=3000,Phishing
https://bit.ly/3LokqDp,Phishing
https://www.securewebfraud.io,Legitimate
https://www.benefitresource.com,Legitimate
https://q-r.to/bfDiDZ,Phishing
https://www.navionics.com,Legitimate
https://www.inetidc.jp,Legitimate
https://forty678.wixsite.com/my-site,Phishing
https://www.gamacursos.com.br,Legitimate
https://www.periksa.tech,Legitimate
https://www.ekefalonia.gr,Legitimate
https://www.z1motorsports.com,Legitimate
https://pub-16499d352cc14fe4b8cdf064bb205547.r2.dev/4outmanagementsecure.html,Phishing
https://www.slotwolfcasino.net,Legitimate
https://www.tri-cogo.com,Legitimate
https://www.kookporn.com,Legitimate
https://www.gaysex.beauty,Legitimate
https://elta-postal.firebaseapp.com/,Phishing
https://myworkspacefax.myclickfunnels.com/opendoc,Phishing
https://docs.google.com/presentation/d/e/2PACX-1vSbewbPntNfhfyNT4xsU9gag4xGyMalshV1_eoJS7sarv6r6S89K1zvX40mfcZ92gylNuoyI4g6xAVi/pub?start=false&amp;loop=false&amp;delayms=3000&amp;slide=id.p,Phishing
https://comfirm.m-pages.com/,Phishing
https://www.powerhouse.je,Legitimate
https://www.morth.nic.in,Legitimate
https://www.baroque.pk,Legitimate
https://rpovmxxbh.webcindario.com/Inicio/Inicio/,Phishing
https://www.peanut-app.net,Legitimate
https://q-r.to/bfNnSy,Phishing
https://www.zonainst.xyz,Legitimate
https://www.palacelucky.de,Legitimate
https://firebasestorage.googleapis.com/v0/b/nuuuploadddd.appspot.com/o/webmailweb.html?alt=media&token=0d22c98d-6f88-4549-aa95-95ba9efdc263,Phishing
https://fitlib.mvt.so/,Phishing
https://docs.google.com/presentation/d/e/2PACX-1vQYEE5xujyLOMTLuScfOLQtVhlDHNOajS7U86Ck3i3k4p0idqpI4KUOPpjYROheEgvLjrHomOJvlun5/pub?start=false&amp;loop=false&amp;delayms=3000,Phishing
https://l.ead.me/bfJDPH,Phishing
https://docs.google.com/drawings/d/1Qi7ik1RGvOkNAYHChecppv14wpOuYTJ40X0Pqzdm8zI/edit,Phishing
https://bit.ly/4ilVXKX,Phishing
https://www.paulcarroll.com.au,Legitimate
https://www.bluesteam-ns01.co.za,Legitimate
https://trrrryu778iu99iu.weebly.com/,Phishing
https://www.novaspinarenaprox.com,Legitimate
https://www.undergroundeats.com,Legitimate
https://q-r.to/bfa33Q,Phishing
https://qrco.de/bfalF7,Phishing
https://www.networking-is.net,Legitimate
https://www.conceptulise.com,Legitimate
https://www.sasko.co.za,Legitimate
https://talktalk2024.wixsite.com/my-site,Phishing
https://vub-appsk.web.app/,Phishing
https://www.ktovx.cn,Legitimate
https://docs.google.com/presentation/d/e/2PACX-1vTt72RHyoAM_HhjpLmmF-8Y36737gc2TdlW6WT4FwidcTtMvztKrNCfhj5WvlWJsV4crHgBxtEejAXD/pub?start=false&amp;loop=false&amp;delayms=3000,Phishing
https://www.aysthesis.com/wp-content/themes/,Phishing
https://www.tgirlsworldp.com,Legitimate
https://www.halykbank.kz,Legitimate
https://ent-trezor.pages.dev/,Phishing
https://www.mikipro.nz,Legitimate
https://www.qrcdn.net,Legitimate
https://arcelormittal-7c364.firebaseapp.com/,Phishing
https://ipfs.best-practice.se/ipfs/bafybeifv6yzwdh3hnoar5klcu72mvfa3murdrw5qeew6ugjlwit76x3ml4//sogowa.html,Phishing
https://linqapp.com/br0adbana254btee,Phishing
https://flexoil.com.tr/kund/index.php,Phishing
https://qrco.de/bfDClx,Phishing
https://www.dropbox.com/scl/fi/p0nv3jrfrjj2ocrqnlvtt/BT-Broadband.paper?rlkey=xdxeszomgvs4ip4ub7geobuo9&dl=0,Phishing
https://www.bestchange.pro,Legitimate
https://www.kjtechleap.com,Legitimate
https://www.transunioncibil.com,Legitimate
https://l0ginsecion.webcindario.com/Iniciar%20Sesi%C3%B3n.html,Phishing
https://www.slip.com.au,Legitimate
https://www.asenhoradodestino.com,Legitimate
https://q-r.to/bfJiua,Phishing
https://www.meixiuxing.cn,Legitimate
https://www.jesuismort.com,Legitimate
https://app.mockplus.com/e/HNAd8QhI7,Phishing
https://prezo.ai/public/new-prezo--cc2899d5-e04c-4910-a27a-6fcaecdb62c1,Phishing
https://bafkreibuhs6eyjnkxrqsyltqvon6sqekn3vb46t2fggbhjmbfgvdptcit4.ipfs.nftstorage.link,Phishing
https://www.aacc.net,Legitimate
https://www.jadelife.cn,Legitimate
https://bit.ly/48W4YGc,Phishing
https://www.mycricketapi.com,Legitimate
https://www.bemisc.com,Legitimate
https://chiroqual.co.nz/,Phishing
https://www.tafsiralahlam.info,Legitimate
https://docs.google.com/presentation/d/e/2PACX-1vQ--uckYvXxiDS3S5YpdzI5vkWnv2qhK0LQVultrinNVmq-3GZBK49Gm81srorqHDWYBB0-SisVsLMh/pub?start=false&amp;loop=false&amp;delayms=3000,Phishing
https://www.universitetercihleri.com,Legitimate
https://dasd-504b3.firebaseapp.com/,Phishing
https://l.ead.me/455dc2dc79ec08de06d7372b708f8c75,Phishing
https://www.herois777.com,Legitimate
https://pjspaul.org/app.py/prompt/sso/,Phishing
https://app.presentedabia.click/,Phishing
https://www.nowaszkola.com,Legitimate
https://www.chemicool.com,Legitimate
https://www.jvz6.com,Legitimate
https://www.atttiendaonline.com,Legitimate
https://us19.campaign-archive.com/?u=89f250542ec73e0aa79fe574b&id=412bf46c24,Phishing
https://www.pgfsvwx.biz,Legitimate
https://qrfy.io/p/84OBc46nVr,Phishing
https://pub-44fd084ceba04f37887288cf75b43b30.r2.dev/index.html,Phishing
https://www.ghar.tv,Legitimate
https://t.co/ME4pEbeNV5,Phishing
https://q-r.to/bfNxQa,Phishing
https://www.sod2c.com,Legitimate
https://www.bodoggame.cn,Legitimate
https://www.knotches.net,Legitimate
https://www.bricomarche.pt,Legitimate
https://cisco-chat-frontend.vercel.app/,Phishing
https://post-finance.info/bank/postfinance/1760629045446.154,Phishing
https://www.dnsforyou.net,Legitimate
https://www.lygd.net.cn,Legitimate
https://docs.google.com/presentation/d/1O5LWfbDBQpUVTIJ7FaT-wSAUlSDB4JljCJ-YWjM_Kqc/pub?start=false&amp;loop=false&amp;delayms=3000&amp;slide=id.p,Phishing
https://www.safespace.pl,Legitimate
https://www.porn0sex.live,Legitimate
https://lite.evernote.com/note/bc5cf23a-e151-aeaa-0374-ed642cc5ebf7,Phishing
https://www.madisonsquarepark.org,Legitimate
https://www.owntitle.com,Legitimate
https://l.ead.me/bfKulB,Phishing
https://www.hentaivn.world,Legitimate
https://www.sarkprojects.in,Legitimate
https://docs.google.com/presentation/d/e/2PACX-1vRHmDBpe_lfvxc5t6UFU70atTq883TnYjENcMwejHYtAsOZD3plgQwTYn7wYl4ETuzsT9GldV61sIsa/pub,Phishing
https://www.freshhema.com,Legitimate
https://hq789123.com/,Phishing
https://www.oneworldinformation.com,Legitimate
https://www.sconto.sk,Legitimate
https://docs.google.com/presentation/d/e/2PACX-1vSI8Q45fvS7bTkaZ1ijPIfCeuubALL0355_PZt_EHADa_ulcv8kJ5kUgE96tC1iBT20bOfPlfLerX-3/pub,Phishing
https://www.static-fra.de,Legitimate
https://us2.campaign-archive.com/?e=851ef86a25&u=f5c74e960788d021a94cd3a11&id=287513672c,Phishing
https://secure-ardentcu.weebly.com/,Phishing
https://n0v3dadesp1chin.webcindario.com/,Phishing
https://apothecheck.weebly.com/,Phishing
https://www.olx.io,Legitimate
https://www.elitecardiogroup.com,Legitimate
https://l.ead.me/bfGXzv,Phishing
https://docs.google.com/presentation/d/1BEyWSvtIMFDVquPznvCed5qgvbKRyF6PbuBJ8PyAiaE/pub?start=false&loop=false&delayms=3000&pli=1&slide=id.p,Phishing
https://pub-f4f8f45011084a81af23aa2c62217152.r2.dev/index.html,Phishing
https://www.cooklist.com,Legitimate
https://q-r.to/bfNR5o,Phishing
https://qrco.de/bfN8KI,Phishing
https://www.taloustaito.fi,Legitimate
https://www.schamotte-shop.de,Legitimate
https://app.jotform.com/251832462732557,Phishing
https://l.ead.me/bfH9e0,Phishing
https://1nf0fr3eyui564.start.page/,Phishing
https://www.ph444z.club,Legitimate
https://t.co/cFxYS9hCLj,Phishing
https://www.usp.ac.id,Legitimate
https://www.relay-suivi.com/,Phishing
https://q-r.to/bfQLJC,Phishing
https://www.avtovoprosi.ru,Legitimate
https://www.revolut.codes,Legitimate
https://www.sattrade.rs,Legitimate
https://www.4pd-stat.com,Legitimate
https://www.z713.cn,Legitimate
https://bit.ly/4gNqCyU,Phishing
https://www.otclick-adv.ru,Legitimate
https://at-tnotce2.pory.app/,Phishing
https://www.flixier.xyz,Legitimate
https://hm.ru/Upzo2Y,Phishing
https://ur0.jp/z0JNx,Phishing
https://www.knowledgevision.com,Legitimate
https://www.mezopotamyaajansi43.com,Legitimate
https://www.bestialitylovers.net,Legitimate
https://www.xsjcj.com.cn,Legitimate
https://q-r.to/bfRPxo,Phishing
https://www.astrosafari.com,Legitimate
https://www.vidyoconnect.com,Legitimate
https://q-r.to/bfJNJD,Phishing
https://docs.google.com/drawings/d/1CK7mon9fj_KBtKC491rD5bs6YkN4wVbmrzxFMMqqAmo/edit,Phishing
https://www.peakadventuretravel.com,Legitimate
https://www.aisenshi.cn,Legitimate
https://elazigozelbaharsagliklisesi.com/,Phishing
https://qrco.de/bfLz06,Phishing
https://www.nyhost.net,Legitimate
https://2fp3nr.share-eu1.hsforms.com/2St4L39SvTpaPU-t1851dPQ,Phishing
https://metafb-jhyeins.firebaseapp.com/,Phishing
https://sdo6caaca3d-us-east-2.s3.us-east-2.amazonaws.com/51bff.html,Phishing
https://prosperity-load-page-87948786.firebaseapp.com/,Phishing
https://www.freedownloadmp3.net,Legitimate
https://www.nightstyle.jp,Legitimate
https://www.universityframes.com,Legitimate
https://bit.ly/47xSyDR,Phishing
https://q-r.to/bfR2L7,Phishing
https://qrco.de/bfMk4V,Phishing
https://kesh-108632.weeblysite.com/,Phishing
https://linkin.bio/ryuvba/,Phishing
https://www.mojohost.com,Legitimate
https://www.zswxy.cn,Legitimate
https://www.wpss.org,Legitimate
https://www.greenindustrypros.com,Legitimate
https://www.teletype.in,Legitimate
https://gov-vid.web.app/,Phishing
https://www.thedailygb.com,Legitimate
https://www.rubypowerslaw.com,Legitimate
https://tjparts123.wixsite.com/kitchenlayouts,Phishing
http://1inch-extension.vercel.app,Phishing
https://www.csshuangjia.cn,Legitimate
https://sistemaprodu1.webcindario.com/,Phishing
https://www.service.edu.cn,Legitimate
https://www.vega.org.uk,Legitimate
https://www.intertech.com.tr,Legitimate
https://pub-86b12abb7a57499b937db40725b33c68.r2.dev/king.html,Phishing
https://www.magiakamieni.pl,Legitimate
https://bafybeih2gfnjdhhabsfqj2menb5eoli7ecxoaroq6uwxhw4evf7gp7vwpi.ipfs.w3s.link/,Phishing
https://help--logie--kucuie.webflow.io/,Phishing
https://www.bie.org,Legitimate
https://www.interparcel.com,Legitimate
https://www.faketeams.com,Legitimate
https://www.crous-strasbourg.fr,Legitimate
https://www.cdnhwckfz116.com,Legitimate
https://www.batavia-kdk.com,Legitimate
https://l.ead.me/bfWqbA,Phishing
https://docs.google.com/presentation/d/e/2PACX-1vSFstoR73Bz2HaHsAQ1gkeLPuasyXf8b1qGP2YoY4aQBYJo_e4eNGlepisToLFecPMS5aLGPTzRLilJ/pub?start=false&amp;loop=false&amp;delayms=3000,Phishing
https://l.ead.me/bfJD4t,Phishing
https://www.wicecloud.be,Legitimate
https://cli.re/mpnm32,Phishing
https://phillyhoods.com/docomo/,Phishing
https://sites.google.com/view/b-savcsds/p%C3%A1gina-principal,Phishing
https://www.minionpro1.com,Legitimate
https://l.ead.me/bfN0WY,Phishing
https://bov-mobile-app.web.app/,Phishing
https://docs.google.com/presentation/d/1HJ-njUXA0kg3yuATDgMYg4ZQlcfg-CXN_BcRJc-D9lI/pub?start=false&loop=false&delayms=3000&slide=id.p,Phishing
https://www.flextronics.com,Legitimate
https://q-r.to/bfGS6x,Phishing
https://www.casibom1000.com,Legitimate
https://www.xilazxw.cn,Legitimate
https://qrco.de/bfQwMq,Phishing
https://www.wernigerode.de,Legitimate
https://www.dropbox.com/scl/fi/voeom371psuv5haty64jj/UPGRADE-BT-INTERNET-MAIL.papert?rlkey=j60261ntkbkt9tkqf1rl9zal0&dl=0,Phishing
https://shadrianhotelkinkvtsjrv.blogspot.com/,Phishing
https://www.watchserieszz.lol,Legitimate
https://www.goglesyndication.com,Legitimate
https://onlinedkb11.sviluppo.host/de/content/login.php,Phishing
http://tiny.cc/vcyzxz,Phishing
https://l.ead.me/bfII36,Phishing
https://www.zaansmuseum.nl,Legitimate
https://www.zinergy.net,Legitimate
https://microsoft-login.imicrosoftonllne.workers.dev,Phishing
https://www.princesscruises.de,Legitimate
https://mjbopolstle.firebaseapp.com/,Phishing
https://q-r.to/bfT4E1,Phishing
https://nowe-06-01-25.top/xumxrtri/FjvUTm/kFSh8B,Phishing
https://www.cart-checkout.com,Legitimate
https://l.ead.me/bfRHBP,Phishing
https://aeshanteen.web.app/,Phishing
https://pub-fd00a6f7324e456ebb9f29e6533d4658.r2.dev/0nedrivedoc.html,Phishing
https://fuisryajsdtuoi-oe68w57q46we57d6io.teemill.com/,Phishing
https://www.jouve-hdi.com,Legitimate
https://www.elempleo.com,Legitimate
https://www.qahomedepot.com,Legitimate
https://www.tsukuba-aeonmall.com,Legitimate
https://ctioncomwebmaillo.weebly.com/,Phishing
https://www.wyspamody.com,Legitimate
https://www.sportvision.ro,Legitimate
https://www.macduffdesign.com,Legitimate
https://www.pt-tm.ru,Legitimate
https://www.redskinsrs.com,Legitimate
https://www.mari888.my,Legitimate
https://l.ead.me/bgAmi7,Phishing
https://tinyurl.com/23qmlc6d,Phishing
https://forms.gle/kkFWERydLssHsy4H7,Phishing
https://www.wrox.com,Legitimate
https://www.avp.org,Legitimate
https://sg-maj-comptes.com/fr/App/infoz.php,Phishing
https://qrco.de/bfeyjE,Phishing
https://www.shuru.co.in,Legitimate
https://belepes.kandailalauditors.co.za/index.php,Phishing
https://www.cakeresume.com/s--ej5bnYBvKlY7jNGyKfdiAQ--/prodigy-c3058d,Phishing
https://www.arcosnetwork.org,Legitimate
https://www.arcana.uz,Legitimate
https://www.advansix.com,Legitimate
https://nassab.dhi-progression.com/,Phishing
https://q-r.to/bgD3BY,Phishing
http://allegrolokalnie.pl-smart9201.pl,Phishing
https://www.fisioterapia-online.com,Legitimate
https://www.sadhospital.ir,Legitimate
https://docs.google.com/presentation/d/e/2PACX-1vRy7ChWLgQHI1HW3f2Zk9bI0vBsnxa-AEPI6t2ueinopFi6GBFkGqtXwew6dF5x5j77co9FyZGRgKgE/pub?start=false&amp;loop=false&amp;delayms=3000,Phishing
http://messageriepro3orange.cloudns.be/aspuitte/support/portail-orangefr.php/login/opass.php,Phishing
https://www.bdnsw.gov.bn,Legitimate
https://urlz.fr/uxrh,Phishing
https://www.jenskiymir.com,Legitimate
https://www.sicee.gob.mx,Legitimate
https://www.parasited.com,Legitimate
https://qrco.de/bfEgix,Phishing
http://nanomeda.com/?gclid=EAIaIQobChMIsKim1tv3_gIV2sfjBx2xYwMIEAAYASAAEgJD1PD_BwE,Phishing
https://peterrivers106719434.activehosted.com/f/1,Phishing
https://icdatt.godaddysites.com/,Phishing
https://qrco.de/bfJFVv,Phishing
https://probncoec.webcindario.com,Phishing
https://neartail.com/public/114395043849078531782/all/form/1FAIpQLSfuXdaeaJHiyqeoomTm8NUOrs_BU1vtA-eWfspPv50FA34slA,Phishing
https://www.kozeepk.com,Legitimate
https://docs.google.com/presentation/d/e/2PACX-1vRQNAZThZxNs3r1XJJ7d7UCq6mA1vKTRyW1EKRecsnD82AkRBPXIMc4QtNLAlYG4zax7nVKtWFl0a2M/pub?start=false&amp;loop=false&amp;delayms=3000,Phishing
https://www.kupit-diplomis-v-lipetske-48.ru,Legitimate
https://bit.ly/4fd0Sfv,Phishing
https://www.southpost.com.ar,Legitimate
https://www.hgzld.cn,Legitimate
https://respondto.forms.app/serviceupdate1,Phishing
https://www.piwosatejekurap.info,Legitimate
https://www.crostech.ru,Legitimate
https://docs.google.com/presentation/d/e/2PACX-1vTEHHdK5xslel2LnyLqYJG7hO53dhlBo8uiyoAX30GoM_6WHYSDgbS_EASEhamI-XEhmUzwnFy4G6_T/pub?start=false&amp;loop=false&amp;delayms=3000&amp;slide=id.p,Phishing
https://docs.google.com/presentation/d/e/2PACX-1vQ9MT8dTIPgbFjOo4SM7XyLlCAvDfOCrEFVgleZIFHSstOjQSVYjwiUVasG135rE2nq7p9JGy_fDi64/pub?start=true&amp;loop=true&amp;delayms=1000,Phishing
https://docs.google.com/presentation/d/1cxRgVWT7KMPAWZIWgFxydCxZGuWWQU-ZEtv1xhopF6w/pub?start=false&amp;loop=false&amp;delayms=3000&amp;slide=id.p,Phishing
https://flow.page/rabadobo,Phishing
https://www.transgourmet.de,Legitimate
https://www.moverbet-login.com,Legitimate
https://docs.google.com/presentation/d/e/2PACX-1vQn9Iox-VHLG_R3TgWzwtz5e9YGvjy0wJ3U85WLwaRZxK7nS6pNDY9booSLfx4IUL0TBbSiKhFpFdx2/pub?start=false&amp;loop=false&amp;delayms=3000,Phishing
https://q-r.to/bfNxGc,Phishing
https://www.guangsuss.com,Legitimate
https://l.ead.me/bfao9u,Phishing
https://www.fontetelecom.net.br,Legitimate
https://www.thejaipurstudio.com,Legitimate
https://www.yourceria138.xyz,Legitimate
https://docs.google.com/drawings/d/1oZRfrWb-bbPTvDB_nh5BVJjav8zJlbg9zcorqb3Nupw/edit,Phishing
https://docs.google.com/presentation/d/e/2PACX-1vRX_vIes562jIs9d-DGhLNPQhDB7U-YHxBC5H3kAZ5uqlyhbKky1msHTbaTm1M4ekIRYUNoGI38d7jO/pub?start=false&amp;loop=false&amp;delayms=3000,Phishing
https://www.almanar.com.lb,Legitimate
https://www.tradestation.com,Legitimate
https://www.acentra.com,Legitimate
https://www.digireview.id,Legitimate
https://docs.google.com/presentation/d/e/2PACX-1vT7kXF1o9Blwe-WcsH7UWUwicsPrhUNcBsxWldPtIYLwJoJBgWpMtoidAFIOEu7dCfXKn8THWJCVgwE/pub?start=false&amp;loop=false&amp;delayms=3000,Phishing
https://gswu7xfbb.cc.rs6.net/tn.jsp?c=_7ZWCVcQI4uQnZXNRUWhIy15nYF1DDMeMQwCpzJu9GQGFw-l167_jA==&ch=SpDOhFZBMu3xcnuAO9Gbj76eW44d0WdMi&f=0014DjA1h2EeRSlt1Q-GOevDxN8TiGdJrRrKGAbsPrM_uCutJaC9WDM2k7FvULyyOo0MlU7F1PPBmzaFiOYGitvXDxR8VW_r1zE9weQIHiyZvmQQa_1qGTMsbPECwzc-Llggt9NOwBNrxe6bO-PkAhMO_fm8KJHzoZSIYwhuDT0xAKyYRFlV6oqtg=,Phishing
https://us13.campaign-archive.com/?u=d39c7b2f6bfa4a85531ea37bd&id=7e89dbe725,Phishing
https://www.vitalzenlabs.id,Legitimate
https://www.thundercloud.uk,Legitimate
https://www.miricanvas.com/v/136iq5y,Phishing
https://sharepoint-newplan.weebly.com/,Phishing
https://www.mockupbro.com,Legitimate
https://www.flowcode.com/page/att-paymentinfoupdate-portal,Phishing
https://qrco.de/bfNp3N,Phishing
https://gjckaevsdjzvhcu74edjchj-yrwadksdjfhwa87623ywesgv.teemill.com/,Phishing
https://www.mzi8.com,Legitimate
https://dsfcappagri.firebaseapp.com/,Phishing
https://www.happenplace.com,Legitimate
https://www.cgtech.com,Legitimate
https://www.upstream.to,Legitimate
https://t.co/QB2rWWYwUF,Phishing
https://supportseerviceauth.weebly.com/,Phishing
https://docs.google.com/presentation/d/e/2PACX-1vS8X1l4LZ0sojaP8KeKHoouAZCYg_JCmD9vFNfXSNTol_FQfdAStYLaJRbPZ7aMUKjx0GhXK_zoc1wd/pub?start=false&amp;loop=false&amp;delayms=3000&amp;slide=id.p,Phishing
http://ton-wallet-connect.vercel.app,Phishing
https://www.i-law.com,Legitimate
https://www.ai151.cn,Legitimate
https://www.bateujogo.online,Legitimate
https://gvtel-webmail.weeblysite.com/,Phishing
https://www.qifangfang.com,Legitimate
https://new.express.adobe.com/webpage/kVjowlPUzbnCB,Phishing
https://www.authvia.com,Legitimate
https://link.space/@Validatenow,Phishing
https://www.omnidns.nl,Legitimate
https://docs.google.com/presentation/d/e/2PACX-1vSP7Z20u6edt2n2TK7gjWEwsJ-dT1aCRPHGvxRb9cI8hsynt6sK7jFU4sukiyyZlL5UiCXfONvdoXoB/pub?start=true&amp;loop=true&amp;delayms=1000,Phishing
https://share-na2.hsforms.com/1IxfaJxHlSSa7QinkPCUzAw4033j6,Phishing
https://www.dtymilk.cn,Legitimate
https://docs.google.com/drawings/d/1SpsY0IQsj4ZLnoJBHtX9lGKVBTJOCrgqMsYOdCc7Zfk/edit,Phishing
https://pub-d4e99fea1c634705982e7c981adfe138.r2.dev/index.html,Phishing
https://clientwigthamanwebsitepages.weebly.com/,Phishing
https://fevidint.com//es/?email=redacted@abuse.ionos.com,Phishing
https://www.oxitec.com,Legitimate
https://www.gazeta.ru,Legitimate
https://sites.google.com/view/att-login009/home,Phishing
https://www.exxactcorp.com,Legitimate
https://www.pcoesiliguri.com,Legitimate
https://www.nationallampsandcomponents.co.uk,Legitimate
https://www.site-services.net,Legitimate
https://www.nederweert24.nl,Legitimate
https://www.odeeo.xyz,Legitimate
https://rexyune-5ca79.firebaseapp.com/,Phishing
https://urlz.fr/rhBf,Phishing
https://new.express.adobe.com/webpage/PhJqiuzBpyCG0,Phishing
https://1drv.ms/o/c/37d62ccb566bc661/EjMiiosn1j5DqhER8GILcnIBVlYL40KO51tXt9BLwWetRA?e=fUVCK2,Phishing
https://docs.google.com/presentation/d/e/2PACX-1vSxLp4-g2r6mOsz_TvqkjSsJKISObvPXkpgDiUwHSb_YRsYXW2VeJUbZ_0VxurCI5HKDKeuVExs4lBJ/pub?start=false&amp;loop=false&amp;delayms=3000,Phishing
https://www.dckkwn.cn,Legitimate
https://www.ceskamincovna.cz,Legitimate
https://attrapperprendres.firebaseapp.com/,Phishing
https://qrco.de/bfJn2j,Phishing
https://www.bgkqu.cn,Legitimate
https://r0bypasf.forms.app/,Phishing
https://www.36n2.com,Legitimate
https://ee-help-account.firebaseapp.com/,Phishing
https://produbnkasistent.webcindario.com/,Phishing
https://zqdtiuqvbzzjf.web.app/,Phishing
https://www.pro-bike.ru,Legitimate
https://docs.google.com/presentation/d/e/2PACX-1vTp-SWi_RFT_KCKwzowj_A1_PtyrlfggRQzmK8thVqQXKhZxh029eGUP00R9adEpCJK6xc9VuWgu0dT/pub?start=false&amp;loop=false&amp;delayms=3000&amp;slide=id.p,Phishing
https://new.express.adobe.com/webpage/ZgxnXDLjOCmlE,Phishing
https://bancoadechileqaq.top/,Phishing
https://sites.google.com/view/765434566/home,Phishing
https://www.fteinfo.com,Legitimate
https://www.webserversystems.com,Legitimate
https://www.loktej.com,Legitimate
https://www.powens.com,Legitimate
https://www.1112hd3.com,Legitimate
https://www.frontendmasters.com,Legitimate
https://www.telcove.net,Legitimate
https://bit.ly/3VpU3Ph,Phishing
https://www.xhsyndication.com,Legitimate
https://www.freexsuit.in,Legitimate
https://www.57364.cn,Legitimate
https://wewewecodesadwewesadwe.weebly.com/,Phishing
https://www.sicap.it,Legitimate
https://www.daftarkudapoker.cyou,Legitimate
https://xggsdx.weebly.com/,Phishing
https://ulu.so/,Phishing
https://www.morrisbart.com,Legitimate
https://www.mangarawad.org,Legitimate
https://bredft.start.page/,Phishing
https://www.safeshellvpn.com,Legitimate
https://l.ead.me/bfJiua,Phishing
https://l.ead.me/bfMQWy,Phishing
https://gmxvxx.weebly.com/,Phishing
https://pub-5f5151b62f21488c8a6a186659b0e5f3.r2.dev/index.html,Phishing
https://www.cvd.pl,Legitimate
https://www.mposportclub.com,Legitimate
https://www.dsauto.su,Legitimate
https://fhotodromservicefr.firebaseapp.com/,Phishing
https://www.selerakudaliar.online,Legitimate
https://www.stormbowling.com,Legitimate
https://www.vouver.me,Legitimate
https://www.infynitihome.co.uk,Legitimate
https://telkomsasupportgig.weebly.com/,Phishing
https://xn--zb0b93v.weebly.com/,Phishing
https://www.dbsv.org,Legitimate
https://qrco.de/bfNj0L,Phishing
https://www.geniebook.com,Legitimate
https://www.998pk.cn,Legitimate
https://www.educ-ua12.ru,Legitimate
https://www.wowzamedia.com,Legitimate
https://amazoncomp.az/wp-includes/sodium_compat/alboraa/link.html,Phishing
https://vk.com/away.php?to=https%3A%2F%2Fxn----7sbbaqhlkm9ah9aiq.su%2Fplugins%2Fsystem%2Fredirect%2Findex.php&utf=1?idtrack=vNBIdY9k,Phishing
https://www.keno.digital,Legitimate
https://www.vsclinicaltrial.com,Legitimate
https://www.michelleobamabooks.com,Legitimate
https://hupgemedxupdt.weebly.com/,Phishing
https://www.kinox.to,Legitimate
https://uiriocabrabrazzz.blogspot.com/,Phishing
https://docs.google.com/presentation/d/e/2PACX-1vRBClwqWcXgmcl4yGEptG8XQ58Pc1zR43cVNHywJzUXLEYyVTDgqtAJ1FnODHb_d8Jf6ZqQSWnrKIOx/pub?start=false&loop=false&delayms=3000,Phishing
https://www.f05rwteg.com,Legitimate
https://www.netwey.com.mx,Legitimate
https://www.collive.com,Legitimate
https://www.solteros50.es,Legitimate
https://document2002203-review.myportfolio.com/,Phishing
https://www.glulive.com,Legitimate
https://docs.google.com/presentation/d/e/2PACX-1vTXxAXZi8lNoSbVe3km5QPTQe_ZAUY6Pxvm4VgV-nlDH6oEjc_JV8p-1J3z8Y21y8Ssnbou9zt5oRSc/pub?start=false&amp;loop=false&amp;delayms=3000&amp;slide=id.p,Phishing
https://www.cmpsport.com.ua,Legitimate
https://docs.google.com/presentation/d/e/2PACX-1vRrR_ppVWxbj8JdDbUGa0nFJu0dgwzhDPNmWVaJTHjAvkdtRBxkbAw7qfn-34_WR3u11uuICIF4iEmL/pub?start=false&amp;loop=false&amp;delayms=3000,Phishing
https://www.unlimm-kassiinoo.ru,Legitimate
https://www.redpsi.com.ar,Legitimate
https://marthaannesdiasthomp1746983281251.0640324.meusitehostgator.com.br/wp-admin/sosa/?utm_campaign=button_list_KirjauduOmaKantaan&amp;utm_medium=referral&amp;utm_source=later-linkinbio,Phishing
https://www.kio.kz,Legitimate
https://docs.google.com/presentation/d/e/2PACX-1vSTNsD-Y3QdmioBaqAU06IlXOAHvk8SVF1bYAnIK4GX0dMlJIUYUZ2Dej48MbCbMyArFrVkcqG0RHMN/pub?start=false&loop=false&delayms=3000&slide=id.p,Phishing
https://www.midel.me,Legitimate
https://issuu.com/skilledinstall/docs/xerox_scan_doc?fr=xKAE9_zU1NQ,Phishing
https://www.mheater.com,Legitimate
https://www.chatmix.com.br,Legitimate
https://www.chiatest.net,Legitimate
https://www.ggsk.org.cn,Legitimate
https://docs.google.com/presentation/d/1ov0X8MTEGLbiJ-US2SBuc-iNrMa2zEQ84ItsTObSLEE/pub?start=false&loop=false&delayms=3000&slide=id.p,Phishing
https://ipfs.best-practice.se/ipfs/bafybeiekcocd54a5mnmfc7mlaoetnms4eyd7ekfashyod2jz2cnailceb4,Phishing
https://www.lobuybtn.com,Legitimate
https://glfgfsdfvbd-102454-104494.weeblysite.com/,Phishing
https://www.ocs.ru,Legitimate
https://jpmorganpurchase.firebaseapp.com/,Phishing
https://q-r.to/bfEwDE,Phishing
https://www.nearblocks.io,Legitimate
https://www.hdflim.net,Legitimate
https://www.inkybay.com,Legitimate
https://www.64bitswebhosting.eu,Legitimate
https://www.tokek88c.live,Legitimate
https://docs.google.com/presentation/d/e/2PACX-1vRJGcNTk-BV34buzzagkq1fl2zybqiwCqOMv8v3VXYJQ_5l-0URchbgkGZc1X14I6Db1MQb-Qz_3q5x/pub?start=false&amp;loop=false&amp;delayms=3000&amp;slide=id.p,Phishing
https://firstcsblog.weebly.com/,Phishing
https://www.thriftbooks.com,Legitimate
https://vinci-ulys-clients.com/as.php,Phishing
https://www.mvs-hosting.nl,Legitimate
https://www.tenryuji.com,Legitimate
https://www.buzinaservers.com,Legitimate
https://www.pokerdom-p4v.top,Legitimate
https://www.jxera.cn,Legitimate
https://www.dewansoft.com,Legitimate
https://verft4ajett.webcindario.com,Phishing
https://www.athensproaudio.gr,Legitimate
https://www.pinbax.com,Legitimate
http://activarahorrrojdjh.0hi.me/?i=3,Phishing
https://docs.google.com/presentation/d/e/2PACX-1vQhbY7r2kHMWW53bZJj0YeA1m1YvltW89KutUy6Qo35Dyum5X3OCMrHWrPl25PEXkAAHWxKleM3V0lb/pub?start=false&loop=false&delayms=3000,Phishing
https://docs.google.com/presentation/d/e/2PACX-1vRGKxWbyECA41Ed1sO1GC1ERq75azC5WrdEFgBX1p4SZAnI0ZgXDSzTUxYjDN0DoROk-EDl4P0ZvE1D/pub?start=false&amp;loop=false&amp;delayms=3000&amp;slide=id.p,Phishing
https://www.einverne.info,Legitimate
https://www.guardicore.co,Legitimate
https://www.geosiap.net.br,Legitimate
https://www.yd93701.com,Legitimate
https://q-r.to/bfTmgi,Phishing
http://recover-signer.com/,Phishing
https://besunapp.firebaseapp.com/,Phishing
https://www.risebird.io,Legitimate
https://easying-f8b8c.firebaseapp.com/,Phishing
https://q-r.to/bfKiPR,Phishing
https://tv-show-tracker-81e25.firebaseapp.com/,Phishing
https://www.possible11.com,Legitimate
https://www.dropbox.com/scl/fi/7vvmydsql9hm941kiocjy/BT-Mail-Access.paper?rlkey=4tdnb3k9mkinjvlqxdl5g3dwz&dl=0,Phishing
https://www.pharm16.gr,Legitimate
https://www.bhinteractive.net,Legitimate
https://www.jlwykj.cn,Legitimate
https://www.zarimysore.co,Legitimate
https://www.gem.eg,Legitimate
https://www.phonezone.be,Legitimate
https://bit.ly/40S3Lh3,Phishing
https://www.ssu.ac.ir,Legitimate
https://www.knowledgehook.com,Legitimate
https://www.amsl.com,Legitimate
https://www.toysrus.ca,Legitimate
https://www.bmsoft.com.tr,Legitimate
https://us20.campaign-archive.com/?u=bd3ee5bdd294c98ca56d0d390&id=cdc1bfc080,Phishing
https://docs.google.com/presentation/d/e/2PACX-1vTysdx2s8vZbe5RkE9EDEjwzo0mZcU4wA5OxTTQ3FtLkfVBqFeQchfRBQ4orVzuoKbFIFCYcyAprlq2/pub?start=false&amp;loop=false&amp;delayms=3000,Phishing
https://us1.campaign-archive.com/?u=6a2aa61119d06682a71a0c17d&id=60f1c08fae,Phishing
https://docs.google.com/presentation/d/1ou710HhTtCignK6BY_azRa3FR9KOiB2DdyPCPf1aiGs/pub?start=false&amp;loop=false&amp;delayms=3000&amp;slide=id.p,Phishing
https://www.cobaq.edu.mx,Legitimate
https://qrco.de/bfHr9a,Phishing
https://bit.ly/3XVDSvj,Phishing
https://dappstoken.pages.dev/wallets,Phishing
https://l.ead.me/bfSTa6,Phishing
https://meta-support-platform.pages.dev/,Phishing
https://www.wis77apple.com,Legitimate
https://firebasestorage.googleapis.com/v0/b/maxnovosprojetos0280420.appspot.com/o/cowhocweinciuwefiuiwef87872fgh.html?alt=media&token=01682ff6-0d73-4c50-bbb5-f5f20e5e0ae4&_gl=1*170rp1v*_ga*MTY2NDUzMTgxOS4xNjk4ODUxNjQ3*_ga_CW55HF8NVT*MTY5ODg1MTY0Ny4xLjEuMTY5ODg1MjI2NC42MC4wLjA.&tokenB=507608533556212,Phishing
https://docs.google.com/presentation/d/e/2PACX-1vRwZu-rii4Zlm5Yg8iR1Eb4en5Ih06k8NJwitVWFVLJE30xs8fbeYVB_u3ViNGrcfzgUDsjhERcYsoO/pub?start=false&loop=false&delayms=3000,Phishing
https://www.chievepare.com,Legitimate
https://qrco.de/bfS4vf,Phishing
https://www.wordvistapulse360.com,Legitimate
https://www.sneakysanta.com,Legitimate
https://www.semiasphalticflux.ru,Legitimate
https://captcha-connect.pages.dev/?iduser=TkRnME5nPT0=&Gs=6NrSZ,Phishing
https://docs.google.com/presentation/d/e/2PACX-1vQKpPmSj5ceu6b945ZrqMhZLhZAJISVkCKmactshE0Q0vk3NGY-pdxN8AZ4V847hPpBy2hFvhqbzZ9e/pub?start=false&amp;loop=false&amp;delayms=3000,Phishing
https://whh.soundestlink.com/ce/v/0/6867e0bf8f9bd46ee0a9df4f,Phishing
https://www.vibe.dev,Legitimate
https://www.kuyixie.com.cn,Legitimate
https://www.ottrans.com.br,Legitimate
https://whimsical.com/valerie-gueret-dehee-XaXNjrmkdbtBG2G7NyskVK,Phishing
https://www.bluekomodo.com,Legitimate
https://preshoffiz1.lp.page/system-support,Phishing
https://share.hsforms.com/1tEZK6mCVSui-mFiRxyMqbgsow5o,Phishing
https://www.jyjbagus.site,Legitimate
https://www.p2p.org,Legitimate
http://mt-swift.com-ustf.us,Phishing
https://professorline.com/jacs.professorline.com/public/,Phishing
https://www.5lcpf6l0.com,Legitimate
https://www.xcdn.top,Legitimate
https://www.billyjoel.com,Legitimate
https://www.agrocare.online,Legitimate
https://qrco.de/bfQ5O2,Phishing
https://www.imagefap.com,Legitimate
